"groupId","type","name","version","occurrences","images","terms","source","build","relink","notice","reviewStatus","openIssueCodes"
"9bd176bcce8e08f7da1e1093e2d71c2b35a36d0b8559326353c2312994ef13b1","apk",".postgresql-rundeps","20250204.203554","1","postgresql","NONE","not-required","not-required","not-required","not-required","bounded-decision",""
"846bc095e87898825fbb76137d952f487a3523aa0970bb00ccd8166df955095d","apk","alpine-baselayout","3.6.8-r1","1","postgresql","GPL-2.0-only","required","required","not-required","required","bounded-decision",""
"8bcbb063312b6ce209b57d60949c6befca504f4f395e6106991b526c96101362","apk","alpine-baselayout","3.7.0-r0","1","caddy","GPL-2.0-only","required","required","not-required","required","bounded-decision",""
"bb7118f419c3a697199f8c6f4cf21b44bc0ed985a632cd195d1eca9d72d9df55","apk","alpine-baselayout-data","3.6.8-r1","1","postgresql","GPL-2.0-only","required","required","not-required","required","bounded-decision",""
"247a882b3cee9b06a03ddc45a291e2013708465f3f05ce3508692e14be43e197","apk","alpine-baselayout-data","3.7.0-r0","1","caddy","GPL-2.0-only","required","required","not-required","required","bounded-decision",""
"6dc8b4a456b8a6e427203e52ed4c797edcaca20d93808dd630b1151bed0f4745","apk","alpine-keys","2.5-r0","1","caddy","MIT","not-required","not-required","not-required","required","bounded-decision",""
"8ece8ff189fdd6e76ddea885d65e96cf26362d7a5a8bebac9e555a53f80d568d","apk","alpine-keys","2.5-r0","1","postgresql","MIT","not-required","not-required","not-required","required","bounded-decision",""
"ce62578d90ecb963bdbf24cc86eee56b44e4201750f06fa344cbae30344a840b","apk","alpine-release","3.21.2-r0","1","postgresql","MIT","not-required","not-required","not-required","required","bounded-decision",""
"cd3495b1d8d645e741d1c57661087e7f29533249593b4c48fca0e6b68e19a51a","apk","alpine-release","3.22.3-r0","1","caddy","MIT","not-required","not-required","not-required","required","bounded-decision",""
"925f4c84cbdf1e603eeac94274b571908da3a0c73340cd1009ea8ff1b1d89a8e","apk","apk-tools","2.14.6-r2","1","postgresql","GPL-2.0-only","required","required","not-required","required","bounded-decision",""
"81f6acd88452e4087251449167f2837903c040471f615eb1364248e037c86c23","apk","apk-tools","2.14.9-r3","1","caddy","GPL-2.0-only","required","required","not-required","required","bounded-decision",""
"1cff99888aa0f9343dca8dbce46405f9193f8c87996ff6aaca66dbe78fbd7344","apk","bash","5.2.37-r0","1","postgresql","GPL-3.0-or-later","required","required","not-required","required","bounded-decision",""
"5f7554f966a66d42c6a46455bc314352490489bc4be9950c7dd12397a06df6be","apk","brotli-libs","1.1.0-r2","1","caddy","MIT","not-required","not-required","not-required","required","bounded-decision",""
"e4243381e172fcbe4f4bbfd78427ab188737efcdf6d7bbd5fddebf041f4987c2","apk","busybox","1.37.0-r20","1","caddy","GPL-2.0-only","required","required","not-required","required","bounded-decision",""
"92d1b0e0f98666645a412bb486235bb07b746c5f25f1c5f247ab6df48d33e74c","apk","busybox","1.37.0-r9","1","postgresql","GPL-2.0-only","required","required","not-required","required","bounded-decision",""
"d1a9861f6f6b7f4fd0745a231bd371f24f36bc57c8a24861c018d960784da8fd","apk","busybox-binsh","1.37.0-r20","1","caddy","GPL-2.0-only","required","required","not-required","required","bounded-decision",""
"9a9f6745234c6987848dcccb5f301def1d9626debbc7f4a92cce1d04f0ed99f0","apk","busybox-binsh","1.37.0-r9","1","postgresql","GPL-2.0-only","required","required","not-required","required","bounded-decision",""
"bad4d692fa5341ba9b5ae816aa7cf63fb7fc5a37474cfcd0bb2802f7e78bbe34","apk","c-ares","1.34.6-r0","1","caddy","MIT","not-required","not-required","not-required","required","bounded-decision",""
"509041a93a0f38f412da5c0a74e489a1d7aec2de1a6bd2b7b9769882dfffd83d","apk","ca-certificates","20250911-r0","1","caddy","MIT | MPL-2.0","required","not-required","not-required","required","bounded-decision",""
"7cde8e3610780d76842ba466e82e4d56e3511d4e17b45113053dad1a5ecfad09","apk","ca-certificates-bundle","20241121-r1","1","postgresql","MIT | MPL-2.0","required","not-required","not-required","required","bounded-decision",""
"b2c8fcf0b86b5e4e9c47a895c48354f720f66f3139d891c466e8ee042a8cb059","apk","ca-certificates-bundle","20250911-r0","1","caddy","MIT | MPL-2.0","required","not-required","not-required","required","bounded-decision",""
"0a261f9cea95e34d83d9f24ef757fd0e5ce04c5868aff5372b7a7acf2cbc1a1d","apk","curl","8.14.1-r2","1","caddy","curl","not-required","not-required","not-required","required","bounded-decision",""
"60957c6af245a0897bd973aaf7e819684fa19fd3cb240ba3d13a502b3e4e803f","apk","gdbm","1.24-r0","1","postgresql","GPL-3.0-or-later","required","required","not-required","required","bounded-decision",""
"99d483f3430c27fc5eaa64a3dd26227235cfcd40df0310641127c4a24a4eb8e6","apk","icu-data-full","74.2-r0","1","postgresql","ICU","not-required","not-required","not-required","required","bounded-decision",""
"120173e3497ecd92912a2f80d30929f0b54fab3fdd855ba93023d7a945b32354","apk","icu-libs","74.2-r0","1","postgresql","ICU","not-required","not-required","not-required","required","bounded-decision",""
"f9ecf6109626447161a02d9ec94b29b2db6ed94b959b96193dbe048e78ad2c42","apk","keyutils-libs","1.6.3-r4","1","postgresql","GPL-2.0-or-later | LGPL-2.0-or-later","required","required","required","required","bounded-decision",""
"7c05a477249982921c889c423de36eccb7c20fd2fff88e349082e16fbb2880cf","apk","krb5-conf","1.0-r2","1","postgresql","MIT","not-required","not-required","not-required","required","bounded-decision",""
"448341bb5b84a5b53da0253370f1fa6fc96ae3a71f9d340156c1449408eb6e2b","apk","krb5-libs","1.21.3-r0","1","postgresql","MIT","not-required","not-required","not-required","required","bounded-decision",""
"b0b1cd52a0325d9f6e8eabd4eaa582cabf1922577c8b12f7e2cc44d2a15c1a34","apk","libapk2","2.14.9-r3","1","caddy","GPL-2.0-only","required","required","not-required","required","bounded-decision",""
"d58fd27692f50842810e5778a74f2ded4b524ea53eb21f721fc8c2f18854c715","apk","libcap","2.76-r0","1","caddy","BSD-3-Clause","not-required","not-required","not-required","required","open-review","payload-ownership-incomplete"
"9ae94fae1706ad6e8027d556a4405f8a47f6d80cbc510aaf22083a75bc067e5e","apk","libcap-getcap","2.76-r0","1","caddy","BSD-3-Clause","not-required","not-required","not-required","required","bounded-decision",""
"d412a74308e77034cb2d6e835d9286d0c6d6671ed4a58bdefb4ebad35abb77a3","apk","libcap-setcap","2.76-r0","1","caddy","BSD-3-Clause","not-required","not-required","not-required","required","bounded-decision",""
"b80081f68c37d3a377533464449c6e5680ab1ae2a5240d3dba72f77a0843c9fa","apk","libcap-utils","2.76-r0","1","caddy","BSD-3-Clause","not-required","not-required","not-required","required","bounded-decision",""
"5896739fa5e7f5d8646571c6936813950451b78cfa5a1ebfb58a329865a23459","apk","libcap2","2.76-r0","1","caddy","BSD-3-Clause","not-required","not-required","not-required","required","bounded-decision",""
"ea7eb29bf0a7e932492b2e5bca103699939c9a46857f505395970d96a955643e","apk","libcom_err","1.47.1-r1","1","postgresql","BSD-3-Clause | GPL-2.0-or-later | LGPL-2.0-or-later | MIT","required","required","required","required","bounded-decision",""
"92c65cd2aafe3ec0cd8d46d84c387747db36baddf5674920a1b88616c266f265","apk","libcrypto3","3.3.2-r4","1","postgresql","Apache-2.0","not-required","not-required","not-required","required","bounded-decision",""
"df63079eedc62e5844caee8eaa99187be7176425a1eb966b8cf656ab281b1c0a","apk","libcrypto3","3.5.5-r0","1","caddy","Apache-2.0","not-required","not-required","not-required","required","bounded-decision",""
"310e757049a32f76e86cdf848256ac0766f96b5dcd787e5394c84e2f2586af7d","apk","libcurl","8.14.1-r2","1","caddy","curl","not-required","not-required","not-required","required","bounded-decision",""
"6a47271f82eefb08a0fe7bf89b8c22a4245eea3207f72354f2922e794017f939","apk","libedit","20240808.3.1-r0","1","postgresql","BSD-3-Clause","not-required","not-required","not-required","required","bounded-decision",""
"6e4bf5a25c89065126dbbb291a40e8b003dee084512f8b8e43bc081d5b999739","apk","libffi","3.4.6-r0","1","postgresql","MIT","not-required","not-required","not-required","required","bounded-decision",""
"3512f58cacba88104191018869df72f1b07f015f38675acb5c996ea649e07786","apk","libgcc","14.2.0-r4","1","postgresql","GPL-2.0-or-later | LGPL-2.1-or-later","required","required","required","required","bounded-decision",""
"e7cd32b933dce05791b157528c241394cf11f2f159ffc53b8b1ff56fa55b8001","apk","libgcrypt","1.10.3-r1","1","postgresql","GPL-2.0-or-later | LGPL-2.1-or-later","required","required","required","required","bounded-decision",""
"0446551d7423dfb4e4775305241a421b54597d3fee149890f33c13520727b102","apk","libgpg-error","1.51-r0","1","postgresql","GPL-2.0-or-later | LGPL-2.1-or-later","required","required","required","required","bounded-decision",""
"30c9a77edc550c106f1eac9e8db647e60ef34c3c1c3aa60b11ebfb61186d3bec","apk","libidn2","2.3.7-r0","1","caddy","GPL-2.0-or-later | LGPL-3.0-or-later","required","required","required","required","bounded-decision",""
"0234b442d47dd63b8225f21cf7a90c94584fc2dfea3f861c6f85acadfc958cc3","apk","libldap","2.6.8-r0","1","postgresql","OLDAP-2.8","not-required","not-required","not-required","required","bounded-decision",""
"4c1aa53578c1bd4af7d444aa665da1060c2ec108f6710d53dcb8c7d4c54d0228","apk","libncursesw","6.5_p20241006-r3","1","postgresql","X11","not-required","not-required","not-required","required","bounded-decision",""
"ba41db574b18c30ab5963bc8bd894c347dc33df94fcf1c174314fc114a0db4ec","apk","libpsl","0.21.5-r3","1","caddy","MIT","not-required","not-required","not-required","required","bounded-decision",""
"80629fad0e50f0dc899a0a4b001721befbf0870b062928f15edd7861b6939aef","apk","libsasl","2.1.28-r8","1","postgresql","BSD-3-Clause-Attribution | BSD-4-Clause","blocked","blocked","blocked","required","open-review","unresolved-licence-scope"
"e7d8575507545f07641a4100e6e14a0e18035410b0ac4d2c6d351a220fa0956d","apk","libssl3","3.3.2-r4","1","postgresql","Apache-2.0","not-required","not-required","not-required","required","bounded-decision",""
"6604bb53c137d2b79dede5d84dac15ad49d129f2e6e5de366b804ba7f1cba1f3","apk","libssl3","3.5.5-r0","1","caddy","Apache-2.0","not-required","not-required","not-required","required","bounded-decision",""
"a583a45efc77b715265046b6516594bf5f1aa31dc6106bb0555c60b28c36c745","apk","libstdc++","14.2.0-r4","1","postgresql","GPL-2.0-or-later | LGPL-2.1-or-later","required","required","required","required","bounded-decision",""
"bea371e7c7b7b4b2ef60fbc1e45f6d7ba406d68e973cc976e574c0ef4ee3a583","apk","libunistring","1.3-r0","1","caddy","GPL-2.0-or-later | LGPL-3.0-or-later","required","required","required","required","bounded-decision",""
"20d6c98fb24da8f746270287b2a13ec690486d037ec9a89e88a59cc5797f0a1e","apk","libuuid","2.40.4-r0","1","postgresql","BSD-3-Clause","not-required","not-required","not-required","required","bounded-decision",""
"ab4b41bb31ecfe07ecef02b55e0c9db29925a091ee5de91008a9d16b2bcbb052","apk","libverto","0.3.2-r2","1","postgresql","MIT","not-required","not-required","not-required","required","bounded-decision",""
"0114e68dbf6d47b1ca8cab3140872b3799caba506d90faccef6e4f311f2ac6e1","apk","libxml2","2.13.4-r3","1","postgresql","MIT","not-required","not-required","not-required","required","bounded-decision",""
"5ad6192ec701c4a7d3e9748263911e664c3bc929f2f961cf51c040127f52f106","apk","libxslt","1.1.42-r1","1","postgresql","X11","not-required","not-required","not-required","required","bounded-decision",""
"86726997b1979984a2667a872dcf3a0dbbc73ebd510028b44918259931302a47","apk","llvm19-libs","19.1.4-r0","1","postgresql","Apache-2.0","not-required","not-required","not-required","required","bounded-decision",""
"0a0afd33710615e881766690f0e6e53d3aa5ed1b6c4d6bceed7aef76b6bd2c6a","apk","lz4-libs","1.10.0-r0","1","postgresql","BSD-2-Clause | GPL-2.0-or-later","required","required","not-required","required","bounded-decision",""
"66c75a7e958bfd5a15b91eb90876ff9abc9b166f9a4c3238fe52d34e24a95053","apk","mailcap","2.1.54-r0","1","caddy","Domain | Public","blocked","blocked","blocked","required","open-review","unresolved-licence-scope"
"fd829f1f6f3adcf221b9e88238d51dbc284c1d7dd83149981b6a67e647a73a6b","apk","musl","1.2.5-r10","1","caddy","MIT","not-required","not-required","not-required","required","bounded-decision",""
"eeb88bcc1491690b7dcbf30dd7692d5ab921b9b7af888e5212d88a5e6b07ff50","apk","musl","1.2.5-r8","1","postgresql","MIT","not-required","not-required","not-required","required","bounded-decision",""
"c33a5e04e63e3c885402b510737aab76c59204668c4dc496ef4148379538e6ee","apk","musl-utils","1.2.5-r10","1","caddy","BSD-2-Clause | GPL-2.0-or-later | MIT","required","required","not-required","required","bounded-decision",""
"e5dd314c269bb2ac5469f0b051be1b2d3a0812c94f87c7805346d27d99a355c0","apk","musl-utils","1.2.5-r8","1","postgresql","BSD-2-Clause | GPL-2.0-or-later | MIT","required","required","not-required","required","bounded-decision",""
"ef25f1996d3709dd3a538f4e7f813793f9267a36f52ccbf9bb41d395ab08f2d3","apk","ncurses-terminfo-base","6.5_p20241006-r3","1","postgresql","X11","not-required","not-required","not-required","required","bounded-decision",""
"e23340f993b9f6d8e997258b42e97f7160b9fd3a14c05051e9db3f626119abc7","apk","nghttp2-libs","1.65.0-r0","1","caddy","MIT","not-required","not-required","not-required","required","bounded-decision",""
"2f7ba577a49b46d2545342df25cfe6c9e275b71896ec43c841f70a4ddadaa975","apk","nss_wrapper","1.1.12-r1","1","postgresql","BSD-3-Clause","not-required","not-required","not-required","required","bounded-decision",""
"b476f4b0c3d2ded0e73307466db30a51bcf995fffdbb032f96575f58e14e0881","apk","readline","8.2.13-r0","1","postgresql","GPL-3.0-or-later","required","required","not-required","required","bounded-decision",""
"3d58ab4daea426b283b47ea817320a3e61acd32d2a35eb8e0cc0731c1be8ab71","apk","scanelf","1.3.8-r1","1","caddy","GPL-2.0-only","required","required","not-required","required","bounded-decision",""
"b31af2b363657d332240feee92063c6ae43cd280c85e23c656d9d1cbcdca5c21","apk","scanelf","1.3.8-r1","1","postgresql","GPL-2.0-only","required","required","not-required","required","bounded-decision",""
"c474e569c7625a5acd8cfb56ad55d1b277024141f93b0ac56f45a4814b91229a","apk","ssl_client","1.37.0-r20","1","caddy","GPL-2.0-only","required","required","not-required","required","bounded-decision",""
"7a498523b1343b4585c8e8aa9bb1e9e2d108c850658738a9b559778925ed7c53","apk","ssl_client","1.37.0-r9","1","postgresql","GPL-2.0-only","required","required","not-required","required","bounded-decision",""
"44599403b68b994bfd8ca281236da66c193cf946ee22f671a5c17a79387e8673","apk","tzdata","2024b-r1","1","postgresql","Public-Domain","blocked","blocked","blocked","required","open-review","unresolved-licence-scope"
"b178fa78b8ba769183da64ba99363e85919b90d20a4910e868f959572cdc5adf","apk","xz-libs","5.6.3-r0","1","postgresql","0BSD | GPL-2.0-or-later | LGPL-2.1-or-later | Public-Domain","blocked","blocked","blocked","required","open-review","unresolved-licence-scope"
"33c9de16e4f521d549e1745559d2aabf872d57183d273d4a0f69501b79755a86","apk","zlib","1.3.1-r2","1","caddy","Zlib","not-required","not-required","not-required","required","bounded-decision",""
"406941e149d98f8b4698311bc1e48ef99075b89a1c2d5f0291c79f8fb5274e65","apk","zlib","1.3.1-r2","1","postgresql","Zlib","not-required","not-required","not-required","required","bounded-decision",""
"aac66c890558e7e3f7beb1ff8b4f35ab2f8b3e1894839cac88afa5daedcca85e","apk","zstd","1.5.6-r2","1","postgresql","BSD-3-Clause","not-required","not-required","not-required","required","bounded-decision",""
"6a28fc48390b5e9027c205eb1b8ab5d232e4db214f8d4aba93070a69e6d7e2bc","apk","zstd-libs","1.5.6-r2","1","postgresql","BSD-3-Clause","not-required","not-required","not-required","required","bounded-decision",""
"c5d0e91c525393601eaea49a61c6fdeaf223e5a4def662696ad7303d6bdb42f5","apk","zstd-libs","1.5.7-r0","1","caddy","BSD-3-Clause","not-required","not-required","not-required","required","bounded-decision",""
"4dd8fc84de4bb0a16c46830761e84fd4d51ec19c36761eb043f75e0b72ccc456","binary","node","22.22.2","1","hermes","LicenseRef-Node-22.22.2-Distribution","blocked","blocked","blocked","required","open-review","unresolved-licence-scope,additional-notice-terms-scope-review"
"3634d94516f5708fdd505ab91539d174f119526f1094818e1003532773778cd1","binary","node","22.23.2","2","unify-core,uniui","LicenseRef-Node-22.23.2-Distribution","blocked","blocked","blocked","required","open-review","unresolved-licence-scope,additional-notice-terms-scope-review"
"e8b85ce17aae8f24c4fa42491b4a2be66e011540d47939b6926fab4d9a50a0c1","binary","postgresql","16.6","1","postgresql","PostgreSQL","not-required","not-required","not-required","required","bounded-decision",""
"e3ebd7998d098fc4e39304277e244c54f58bd2c7a99a4faa21aa56669a12e161","binary","python","3.12.14","2","memory-v4,reference-application","LicenseRef-CPython-3.12.14-Distribution","blocked","blocked","blocked","required","open-review","unresolved-licence-scope,additional-notice-terms-scope-review"
"70cb9cbfc64dcec74ab515e41ffd2394b8b95cf9518517116cc4fd63d31c6a7b","deb","adduser","3.152","1","hermes","GPL-2.0-only | GPL-2.0-or-later","required","required","not-required","required","bounded-decision",""
"9680816bf3fad6f2c0669e179ed28aeb413701ee756d20715bc3b12650528bc2","deb","adduser","3.152","2","memory-v4,reference-application","GPL-2.0-only | GPL-2.0-or-later","required","required","not-required","required","bounded-decision",""
"63d4a2c1445f2e8bffd50c138730b403962196e5f0a57ab1961e01f662e224c9","deb","apt","3.0.3","1","hermes","BSD-3-Clause | GPL-2.0-only | GPL-2.0-or-later | MIT | curl","required","required","not-required","required","bounded-decision",""
"77fe259ca237c223ba9a8e7572e037db27e8596c3900f66b68612d99f767452e","deb","apt","3.0.3","2","memory-v4,reference-application","BSD-3-Clause | GPL-2.0-only | GPL-2.0-or-later | MIT | curl","required","required","not-required","required","bounded-decision",""
"124a5e49addcdba29867e6e0875660da5d0094e9589042eda0241de4bcb9d9ba","deb","at-spi2-common","2.56.2-1+deb13u1","1","hermes","AFL-2.1 | GPL-2.0-only | GPL-2.0-or-later | LGPL-2.0-only | LGPL-2.0-or-later | LGPL-2.1-only | LGPL-2.1-or-later | public-domain","blocked","blocked","blocked","required","open-review","unresolved-licence-scope,additional-notice-terms-scope-review"
"4f1929fe8a9702b4ba5ecedf9b7cfbf0b4f1bad277926bc0d9e63617eba55632","deb","base-files","13.8+deb13u4","1","hermes","GPL | GPL-2.0-or-later | verbatim","blocked","blocked","blocked","required","open-review","unresolved-licence-scope"
"2d5177ad3cea82f63cd8f0cb65133c597319a34f9c197b330a1bfc37332efb41","deb","base-files","13.8+deb13u6","2","memory-v4,reference-application","GPL | GPL-2.0-or-later | verbatim","blocked","blocked","blocked","required","open-review","unresolved-licence-scope"
"32a8dfb8a70a103ef40909475f9e019fa978c703456ea3d8a6c5d716d22f186b","deb","base-files","13.8+deb13u6","2","unify-core,uniui","GPL | GPL-2.0-or-later | verbatim","blocked","blocked","blocked","required","open-review","unresolved-licence-scope"
"03acf0f0ac6d02179379832375da4883e4f3344127c2292a611911646ac1fc51","deb","base-passwd","3.6.7","2","memory-v4,reference-application","GPL-2.0-only | public-domain","blocked","blocked","blocked","required","open-review","unresolved-licence-scope"
"caedb34516f2bb48adeb2b0368588f8e2f43ca77364acd8792dcac7d98f27713","deb","base-passwd","3.6.7","1","hermes","GPL-2.0-only | public-domain","blocked","blocked","blocked","required","open-review","unresolved-licence-scope"
"10e022a7dd99f95a8d627a491331538722a8ee9db1c46d0437e063bc2c6028db","deb","bash","5.2.37-2+b8","1","hermes","BSD-4-clause-UC | GFDL-1.3 | GFDL-NIV-1.3 | GPL-2.0-only | GPL-2.0-or-later | GPL-3.0-only | GPL-3.0-or-later | Latex2e | MIT-like | permissive","blocked","blocked","blocked","required","open-review","unresolved-licence-scope,additional-notice-terms-scope-review"
"bd0ebe79be537030749619a505d45db834c7160749becdb4e29c36c219947ec0","deb","bash","5.2.37-2+b9","2","memory-v4,reference-application","BSD-4-clause-UC | GFDL-1.3 | GFDL-NIV-1.3 | GPL-2.0-only | GPL-2.0-or-later | GPL-3.0-only | GPL-3.0-or-later | Latex2e | MIT-like | permissive","blocked","blocked","blocked","required","open-review","unresolved-licence-scope,additional-notice-terms-scope-review"
"671cc32900c336fb44c6919c94374ea7a392128bbb6c335a4d1e5d8d67bfa1a6","deb","binutils","2.44-3","1","hermes","","blocked","blocked","blocked","required","open-review","unresolved-licence-scope"
"f84fd34ee60eeb743d655822ad1b116ca714639bc78b7eb89afe47b0c96397c5","deb","binutils-common","2.44-3","1","hermes","","blocked","blocked","blocked","required","open-review","unresolved-licence-scope"
"137ceab14851594c0adf46a333dba0218de500bb1327702dbb7a85d1e414aa6d","deb","binutils-x86-64-linux-gnu","2.44-3","1","hermes","","blocked","blocked","blocked","required","open-review","unresolved-licence-scope"
"a4c8072ba2ef8dd45ba2124bae45412d1b9ca9a3cd44382d2db94f9a76815199","deb","bsdutils","1:2.41-5","1","hermes","BSD-2-Clause | BSD-3-Clause | BSD-4-Clause | BSLA | GPL-2.0-only | GPL-2.0-or-later | GPL-3.0-only | GPL-3.0-or-later | ISC | LGPL | LGPL-2.0-only | LGPL-2.0-or-later | LGPL-2.1-only | LGPL-2.1-or-later | LGPL-3.0-only | LGPL-3.0-or-later | MIT | public-domain","blocked","blocked","blocked","required","open-review","unresolved-licence-scope,additional-notice-terms-scope-review"
"cba08e57067589de4601fdb972320df926a3f91b5beaf2da9b07c1efcb20853e","deb","bsdutils","1:2.41.5-0+deb13u1","2","memory-v4,reference-application","BSD-2-Clause | BSD-3-Clause | BSD-4-Clause | BSLA | GPL-2.0-only | GPL-2.0-or-later | GPL-3.0-only | GPL-3.0-or-later | ISC | LGPL | LGPL-2.0-only | LGPL-2.0-or-later | LGPL-2.1-only | LGPL-2.1-or-later | LGPL-3.0-only | LGPL-3.0-or-later | MIT | public-domain","blocked","blocked","blocked","required","open-review","unresolved-licence-scope,additional-notice-terms-scope-review"
"371012f77850d219bf58f701a9cc161e7c531ee182169692b66bef0cc58709aa","deb","ca-certificates","20250419","2","memory-v4,reference-application","GPL-2.0-only | GPL-2.0-or-later | MPL-2.0","required","required","not-required","required","bounded-decision",""
"422646260e6e53a2bdeb8ec982067182fc3ae4b6e1856cf8e37be54f7df6da2e","deb","ca-certificates","20250419","1","hermes","GPL-2.0-only | GPL-2.0-or-later | MPL-2.0","required","required","not-required","required","bounded-decision",""
"519350e8198d6107718bf4c13f08351b5f5bc426c8cfa57793d0f7c1763125a9","deb","cmake","3.31.6-2","1","hermes","Apache-2.0 | BSD-0-Clause | BSD-2-Clause | BSD-3-Clause | BSD-4-Clause | FSFAP | GPL-2.0-only | GPL-2.0-or-later | GPL-3.0-only | GPL-3.0-or-later | ISC | MIT | Zlib","blocked","blocked","blocked","required","open-review","unresolved-licence-scope,additional-notice-terms-scope-review"
"0afe142f463d932ff16231190d160762b4d82788ae3d601d8dd2bd6e5830dc02","deb","cmake-data","3.31.6-2","1","hermes","Apache-2.0 | BSD-0-Clause | BSD-2-Clause | BSD-3-Clause | BSD-4-Clause | FSFAP | GPL-2.0-only | GPL-2.0-or-later | GPL-3.0-only | GPL-3.0-or-later | ISC | MIT | Zlib","blocked","blocked","blocked","required","open-review","unresolved-licence-scope,additional-notice-terms-scope-review"
"bb636dfb0063797673802eadef56e1520574ab58a1f9155754dcc7547638f80c","deb","coreutils","9.7-3","1","hermes","BSD-4-clause-UC | FSFULLR | GFDL-1.3 | GFDL-NIV-1.3 | GPL-3.0-only | GPL-3.0-or-later | ISC","blocked","blocked","blocked","required","open-review","unresolved-licence-scope,additional-notice-terms-scope-review"
"cce9049b6bfb7cde58110f77fbe66b92801ca9aebe46d774a55d301bae18602a","deb","coreutils","9.7-3","2","memory-v4,reference-application","BSD-4-clause-UC | FSFULLR | GFDL-1.3 | GFDL-NIV-1.3 | GPL-3.0-only | GPL-3.0-or-later | ISC","blocked","blocked","blocked","required","open-review","unresolved-licence-scope,additional-notice-terms-scope-review"
"28c94557b1312620a4a94e3814da614a185d5128b70874ad9c7d62fa58f79afa","deb","cpp","4:14.2.0-1","1","hermes","BSD-4-Clause | GPL-2.0-or-later","required","required","not-required","required","bounded-decision",""
"85a211110cbdd63dc30a58c0332a8c2a14a6f814dd7ef9903e457c332278779b","deb","cpp-14","14.2.0-19","1","hermes","","blocked","blocked","blocked","required","open-review","unresolved-licence-scope,additional-notice-terms-scope-review"
"d7926c86cfb9b7cd9a42b34f4e3fcdeb9324344fedd942524d9978f0a3c96702","deb","cpp-14-x86-64-linux-gnu","14.2.0-19","1","hermes","","blocked","blocked","blocked","required","open-review","unresolved-licence-scope,additional-notice-terms-scope-review"
"407195ef9267d9b885833cbdf0a1c5217668dc4c5bb0ce7d038a5384fe03c871","deb","cpp-x86-64-linux-gnu","4:14.2.0-1","1","hermes","BSD-4-Clause | GPL-2.0-or-later","required","required","not-required","required","bounded-decision",""
"3608d0571e680fdd0e04e89cce8f9011e563ffcb0b810f11ba0d8573ef35b689","deb","curl","8.14.1-2+deb13u4","1","hermes","BSD-3-Clause | BSD-4-Clause-UC | FSFULLR | GPL-2.0-only | GPL-2.0-or-later | GPL-3.0-or-later | ISC | OLDAP-2.8 | X11 | curl","blocked","blocked","blocked","required","open-review","unresolved-licence-scope,additional-notice-terms-scope-review"
"a3d7a970d6a4711c2bb063bd2ee3572a4b046a78d83fbd88698ed9229d30b03f","deb","dash","0.5.12-12","1","hermes","BSD-3-Clause | GPL-2.0-only | GPL-2.0-or-later | public-domain","blocked","blocked","blocked","required","open-review","unresolved-licence-scope,additional-notice-terms-scope-review"
"b05428a35232a3295fc348f9ea4871291fc20f8cb91e443b1647625cb84e141e","deb","dash","0.5.12-12","2","memory-v4,reference-application","BSD-3-Clause | GPL-2.0-only | GPL-2.0-or-later | public-domain","blocked","blocked","blocked","required","open-review","unresolved-licence-scope,additional-notice-terms-scope-review"
"2b0d10b3de9b44a3df1b9749c6e9bfefcbe6f7658af65e749b8ab684f102fc0b","deb","debconf","1.5.91","1","hermes","BSD-2-Clause","not-required","not-required","not-required","required","bounded-decision",""
"4188268e3da24cdc3e668e6c7eb28389be5f1ab3bbad8a564f45842319db046a","deb","debconf","1.5.91","2","memory-v4,reference-application","BSD-2-Clause","not-required","not-required","not-required","required","bounded-decision",""
"748b87d836e0873930f99ab5cf8c511c7602fda140a884ce1bd2fbfe5a64ae62","deb","debian-archive-keyring","2025.1","1","hermes","","blocked","blocked","blocked","required","open-review","unresolved-licence-scope"
"a2119c2c844de179902abb34a4972b7d9bdd8ed8e6fb57318491e2974bdd57be","deb","debian-archive-keyring","2025.1","2","memory-v4,reference-application","","blocked","blocked","blocked","required","open-review","unresolved-licence-scope"
"3c34dc3e0f7195d0c3f6f3bb9567bb9401f697cf17cf76425cac7a8613c209db","deb","debianutils","5.23.2","1","hermes","GPL-2.0-only | GPL-2.0-or-later | SMAIL-GPL | public-domain","blocked","blocked","blocked","required","open-review","unresolved-licence-scope"
"f638614e1deb880210538ecc320e3e069f53bc04f563007e0601dce2171f1283","deb","debianutils","5.23.2","2","memory-v4,reference-application","GPL-2.0-only | GPL-2.0-or-later | SMAIL-GPL | public-domain","blocked","blocked","blocked","required","open-review","unresolved-licence-scope"
"1f6e9a4148fac1f08a892cf59602cf62cdd50e50cfd04d7c247a015638c44dc3","deb","diffutils","1:3.10-4","2","memory-v4,reference-application","FSFAP | FSFULLR | GFDL-1.3 | GFDL-NIV-1.3 | GPL-2.0-only | GPL-2.0-or-later | GPL-3.0-only | GPL-3.0-or-later | LGPL-2.0-only | LGPL-2.0-or-later | LGPL-2.1-only | LGPL-2.1-or-later | LGPL-3.0-only | LGPL-3.0-or-later | X11 | public-domain","blocked","blocked","blocked","required","open-review","unresolved-licence-scope"
"5ee9c0c78e6a242d275b2073745b96c5e68b24a014638027415a435081e82025","deb","diffutils","1:3.10-4","1","hermes","FSFAP | FSFULLR | GFDL-1.3 | GFDL-NIV-1.3 | GPL-2.0-only | GPL-2.0-or-later | GPL-3.0-only | GPL-3.0-or-later | LGPL-2.0-only | LGPL-2.0-or-later | LGPL-2.1-only | LGPL-2.1-or-later | LGPL-3.0-only | LGPL-3.0-or-later | X11 | public-domain","blocked","blocked","blocked","required","open-review","unresolved-licence-scope"
"9b793ee607ad0cda2e36421e29d7c44278ddeed9bea750c5308dbbdb6202e489","deb","docker-cli","26.1.5+dfsg1-9+b13","1","hermes","Apache-2.0 | BSD-3-clause-Generic | BSD-3-clause-Google | GPL-2.0-only | MIT","blocked","blocked","blocked","required","open-review","unresolved-licence-scope,additional-notice-terms-scope-review"
"3208b4e24d173024e44e8c45734f3de80e699f368321ee0e4a1ed722c19f3997","deb","dpkg","1.22.22","2","memory-v4,reference-application","GPL-2.0-only | GPL-2.0-or-later | public-domain-s-s-d","blocked","blocked","blocked","required","open-review","unresolved-licence-scope,additional-notice-terms-scope-review"
"ede065a2d205dff55b3fb8f2da31629c97c2bb2e8ba543294a767ce84f1b42b1","deb","dpkg","1.22.22","1","hermes","GPL-2.0-only | GPL-2.0-or-later | public-domain-s-s-d","blocked","blocked","blocked","required","open-review","unresolved-licence-scope,additional-notice-terms-scope-review"
"b5b54413497517f2fd84989171be6cae79e3bf496565c508aa4ed53c9610b658","deb","ffmpeg","7:7.1.5-0+deb13u1","1","hermes","BSD-1-Clause | BSD-2-Clause | BSD-3-Clause | BSL-1.0 | GPL-2.0-only | GPL-2.0-or-later | GPL-3.0-only | GPL-3.0-or-later | IJG | ISC | LGPL-2.0-or-later | LGPL-2.1-only | LGPL-2.1-or-later | MIT | Sundry | Zlib | man-page | public-domain","blocked","blocked","blocked","required","open-review","unresolved-licence-scope,additional-notice-terms-scope-review"
"19160722b33ca4a24107675df1f05c8a4e9702b7f45a9020abd447f2b10948ec","deb","findutils","4.10.0-3","1","hermes","BSD-3-Clause | FSFAP | FSFULLR | GFDL-1.3 | GFDL-NIV-1.3+ | GPL | GPL-2.0-only | GPL-2.0-or-later | GPL-3.0-only | GPL-3.0-or-later | ISC | LGPL | LGPL-2.0-only | LGPL-2.0-or-later | LGPL-2.1-only | LGPL-2.1-or-later | LGPL-3.0-only | LGPL-3.0-or-later | X11 | public-domain","blocked","blocked","blocked","required","open-review","unresolved-licence-scope,additional-notice-terms-scope-review"
"fdf7b6235db76543784b5084b8ea024fe493557ec0a54a724739fed25167ce68","deb","findutils","4.10.0-3","2","memory-v4,reference-application","BSD-3-Clause | FSFAP | FSFULLR | GFDL-1.3 | GFDL-NIV-1.3+ | GPL | GPL-2.0-only | GPL-2.0-or-later | GPL-3.0-only | GPL-3.0-or-later | ISC | LGPL | LGPL-2.0-only | LGPL-2.0-or-later | LGPL-2.1-only | LGPL-2.1-or-later | LGPL-3.0-only | LGPL-3.0-or-later | X11 | public-domain","blocked","blocked","blocked","required","open-review","unresolved-licence-scope,additional-notice-terms-scope-review"
"ce576af56d109e4aaa12c4e6e000cf0578e7c15cdc571f5db65719567238bb3d","deb","fontconfig","2.15.0-2.3","1","hermes","HPND-sell-variant","not-required","not-required","not-required","required","bounded-decision",""
"301ce45b320ad2eaa052cba2dfaae8002dd17e9d928a7f3c3288ba33acc233ab","deb","fontconfig-config","2.15.0-2.3","1","hermes","HPND-sell-variant","not-required","not-required","not-required","required","bounded-decision",""
"711cf9f0d616fa58f23a9d67dd4de8718ff49fccf1ba5bb1756d088969b9848d","deb","fonts-dejavu-core","2.37-8","1","hermes","Bitstream-Vera | GPL-2.0-only | GPL-2.0-or-later","blocked","blocked","blocked","required","open-review","unresolved-licence-scope"
"336bb3fefb5ae04bdc553c16920de2a317abb264e425556037777383c5228a22","deb","fonts-dejavu-mono","2.37-8","1","hermes","Bitstream-Vera | GPL-2.0-only | GPL-2.0-or-later","blocked","blocked","blocked","required","open-review","unresolved-licence-scope"
"964f91308a5a919a0cbe835531ab7e0f422833504b086b0b1c7097f0540f9521","deb","fonts-freefont-ttf","20211204+svn4273-2","1","hermes","GPL-3.0-only | GPL-3.0-or-later","required","required","not-required","required","bounded-decision",""
"87924bcd9486769e9bc85dbf0cfc533a0505a5d982660d855b22ff693c3c65d8","deb","fonts-ipafont-gothic","00303-23","1","hermes","GPL-3.0-only | GPL-3.0-or-later | IPA-1","blocked","blocked","blocked","required","open-review","unresolved-licence-scope,additional-notice-terms-scope-review"
"049a69fde1ee688462e035037392292f3cc38aca1ecace69bbb59963c3630b89","deb","fonts-liberation","1:2.1.5-3","1","hermes","GPL-2.0-only | GPL-2.0-or-later | OFL-1.1","required","required","not-required","required","open-review","content-licence-scope"
"949544ff142224498c969df95f01d4fd877dbce5253edb047aee83c3919a1f53","deb","fonts-noto-color-emoji","2.051-0+deb13u1","1","hermes","Apache-2.0","blocked","blocked","blocked","required","open-review","additional-notice-terms-scope-review"
"de8c8fabac825eb7e63f4707866b717b6ce0012e2cc7303e0360124cbfd493b3","deb","fonts-tlwg-loma-otf","1:0.7.3-1","1","hermes","GPL-2.0-only | GPL-2.0-or-later | LPPL | other","blocked","blocked","blocked","required","open-review","unresolved-licence-scope,additional-notice-terms-scope-review"
"d3015f97ff0106b765f142c135181092629bbb220d19b8801c0248d551adeb35","deb","fonts-unifont","1:15.1.01-1","1","hermes","GFDL-1.3 | GFDL-NIV | GPL-2.0-only | GPL-2.0-or-later","required","required","not-required","required","open-review","content-licence-scope"
"3a9829807847a5b0a84f6a38de21a5c81865913128dd55f75bf7b9656bd186db","deb","fonts-wqy-zenhei","0.9.45-8","1","hermes","","blocked","blocked","blocked","required","open-review","unresolved-licence-scope"
"8032503055da8f88d7ec3998d10f3ff6d30b5384ea0d8fb66bb88bf41020b953","deb","g++","4:14.2.0-1","1","hermes","BSD-4-Clause | GPL-2.0-or-later","required","required","not-required","required","bounded-decision",""
"02b9cffe39643807a6fa13ab69ef7557fe52e2256d7e70f6a3d3d60d7c759f5e","deb","g++-14","14.2.0-19","1","hermes","","blocked","blocked","blocked","required","open-review","unresolved-licence-scope,additional-notice-terms-scope-review"
"6a3212e3e5f21ddd11c9ddd7a94fc81085e91c6399496b4c2157273d757607d9","deb","g++-14-x86-64-linux-gnu","14.2.0-19","1","hermes","","blocked","blocked","blocked","required","open-review","unresolved-licence-scope,additional-notice-terms-scope-review"
"48c2f4898b60e633316821b29bb79c2095e42581fb1e957ea79d4800980c0689","deb","g++-x86-64-linux-gnu","4:14.2.0-1","1","hermes","BSD-4-Clause | GPL-2.0-or-later","required","required","not-required","required","bounded-decision",""
"4fb052fe55625262893caac8bc8833f69fd576470f9ada494184642bb3202a92","deb","gcc","4:14.2.0-1","1","hermes","BSD-4-Clause | GPL-2.0-or-later","required","required","not-required","required","bounded-decision",""
"8eca84b2db1188c3ef7001ea204d14303b53d1458c923ef113e8c6e01f42ebda","deb","gcc-14","14.2.0-19","1","hermes","","blocked","blocked","blocked","required","open-review","unresolved-licence-scope,additional-notice-terms-scope-review"
"1de5274c871e685a34472215f8407cfc3cb523ba63c224af422d82680223369d","deb","gcc-14-base","14.2.0-19","1","hermes","","blocked","blocked","blocked","required","open-review","unresolved-licence-scope,additional-notice-terms-scope-review"
"beb1cce004de6add767703077c53ebb2c64af66df2497ccdd4586f16dd843936","deb","gcc-14-base","14.2.0-19","2","memory-v4,reference-application","","blocked","blocked","blocked","required","open-review","unresolved-licence-scope,additional-notice-terms-scope-review"
"c76d611b2b3005ec690c1e3116b4fbc4e824510ceb8b57dbdbc4112be2d5b78e","deb","gcc-14-base","14.2.0-19","2","unify-core,uniui","","blocked","blocked","blocked","required","open-review","unresolved-licence-scope,additional-notice-terms-scope-review"
"7b5c538019c15195798ae61125fac1aee28874515a36644206ce4f4e9acfbb76","deb","gcc-14-x86-64-linux-gnu","14.2.0-19","1","hermes","","blocked","blocked","blocked","required","open-review","unresolved-licence-scope,additional-notice-terms-scope-review"
"385f7ad03ba7508582fd75e02511f77961b16fec88e56e135b24ceef7819eef4","deb","gcc-x86-64-linux-gnu","4:14.2.0-1","1","hermes","BSD-4-Clause | GPL-2.0-or-later","required","required","not-required","required","bounded-decision",""
"23fe9afb542e9d63c15660030f4b631365a95bd28b259f897d121ea818190d49","deb","git","1:2.47.3-0+deb13u1","1","hermes","Apache-2.0 | Artistic | BSD-3-Clause | BSL-1.0 | EDL-1.0 | GPL | GPL-1.0-or-later | GPL-2.0-only | GPL-2.0-or-later | ISC | LGPL-2.0-only | LGPL-2.0-or-later | LGPL-2.1-only | LGPL-2.1-or-later | MIT | Zlib | dlmalloc | mingw-runtime","blocked","blocked","blocked","required","open-review","unresolved-licence-scope,additional-notice-terms-scope-review"
"8be99b09f9de82fdcee2f9601d265fc507ff8c1f29261aa3a4c4c832ee806230","deb","git-man","1:2.47.3-0+deb13u1","1","hermes","Apache-2.0 | Artistic | BSD-3-Clause | BSL-1.0 | EDL-1.0 | GPL | GPL-1.0-or-later | GPL-2.0-only | GPL-2.0-or-later | ISC | LGPL-2.0-only | LGPL-2.0-or-later | LGPL-2.1-only | LGPL-2.1-or-later | MIT | Zlib | dlmalloc | mingw-runtime","blocked","blocked","blocked","required","open-review","unresolved-licence-scope,additional-notice-terms-scope-review"
"2cafc23b46ff0724b84e2cc53ca9324b8de1af1782bfd15acc009c5ff0b72802","deb","grep","3.11-4","2","memory-v4,reference-application","GPL-3.0-only | GPL-3.0-or-later","required","required","not-required","required","bounded-decision",""
"a7795b35e4a966bd9a98c545f72457a167d069bc11ac2c5b6470eb445663bde8","deb","grep","3.11-4","1","hermes","GPL-3.0-only | GPL-3.0-or-later","required","required","not-required","required","bounded-decision",""
"7d2bfde02ac5aed60feb5924b2e404a1b48b4f7bc7edfaeeaeaba9603ea891f2","deb","gzip","1.13-1","1","hermes","FSF-manpages | GFDL-1.3+-no-invariant | GFDL-3 | GPL-3.0-only | GPL-3.0-or-later","blocked","blocked","blocked","required","open-review","unresolved-licence-scope"
"a81a7429074eddfb67076f87da1228d334ed4c37266a0bffe692eb6ec2896ef1","deb","gzip","1.13-1","2","memory-v4,reference-application","FSF-manpages | GFDL-1.3+-no-invariant | GFDL-3 | GPL-3.0-only | GPL-3.0-or-later","blocked","blocked","blocked","required","open-review","unresolved-licence-scope"
"5c4f6edabbd2dddab8a428875afd5b337c436ecca5fd3297d82876fc83544fc7","deb","hostname","3.25","2","memory-v4,reference-application","GPL-2.0-only","required","required","not-required","required","bounded-decision",""
"9359fc6842d12e4918c789091f9d908ed8ddd38abf7dde90011978aa31f1bb23","deb","hostname","3.25","1","hermes","GPL-2.0-only","required","required","not-required","required","bounded-decision",""
"a4434e2537bd3d7e188b4419460da546507ffc43f49c0686db0290a6daef26ee","deb","init-system-helpers","1.69~deb13u1","2","memory-v4,reference-application","BSD-3-Clause | GPL-2.0-only | GPL-2.0-or-later","required","required","not-required","required","bounded-decision",""
"e0cb6a12e3722858d57b08e9151b4894b2eaf8f6016d2addde591da819c6e426","deb","init-system-helpers","1.69~deb13u1","1","hermes","BSD-3-Clause | GPL-2.0-only | GPL-2.0-or-later","required","required","not-required","required","bounded-decision",""
"38788b8d6e07233a0a8b5b425749cbca0760b5056b038d3fc4654735925dd955","deb","iputils-ping","3:20240905-3","1","hermes","BSD-3-Clause | GPL-2.0-only | GPL-2.0-or-later | public-domain","blocked","blocked","blocked","required","open-review","unresolved-licence-scope,additional-notice-terms-scope-review"
"6448c27040be1b9dd1edcada2039159bb874ce0a9aa324662116fb68c18709e4","deb","libacl1","2.3.2-2+b1","1","hermes","GPL-2.0-only | GPL-2.0-or-later | LGPL-2.0-or-later | LGPL-2.1-only","required","required","required","required","bounded-decision",""
"d9e26c29f30ae65eef96b974c5f30d8b521a7268c617f7224aaa04ec8a7ccf4f","deb","libacl1","2.3.2-2+b1","2","memory-v4,reference-application","GPL-2.0-only | GPL-2.0-or-later | LGPL-2.0-or-later | LGPL-2.1-only","required","required","required","required","bounded-decision",""
"e89b5534b25afa01cd883240f84fd6d0f1092f49c7a6c1a378d818969368b6fc","deb","libaom3","3.12.1-1","1","hermes","BSD-2-Clause | BSD-3-Clause | ISC | MIT | public-domain-md5","blocked","blocked","blocked","required","open-review","unresolved-licence-scope,additional-notice-terms-scope-review"
"368d13f07762756943f070ae77c537f75d39f9c8c5ae203253173f8eda498f7c","deb","libapt-pkg7.0","3.0.3","1","hermes","BSD-3-Clause | GPL-2.0-only | GPL-2.0-or-later | MIT | curl","required","required","not-required","required","bounded-decision",""
"588ad439bf37c0380e76de33738d76dc326ccff86c858f2265fe1b5966f6aa43","deb","libapt-pkg7.0","3.0.3","2","memory-v4,reference-application","BSD-3-Clause | GPL-2.0-only | GPL-2.0-or-later | MIT | curl","required","required","not-required","required","bounded-decision",""
"6256231950129f5f57c610fac0b877098cd1050e9c68df7e70f51ca93ad69490","deb","libarchive13t64","3.7.4-4+deb13u1","1","hermes","Apache-2.0 | BSD-1-clause-UCB | BSD-124-clause-UCB | BSD-2-Clause | BSD-3-clause-UCB | BSD-4-clause-UCB | CC0-1.0 | MIT | OpenSSL+SSLeay | PD","blocked","blocked","blocked","required","open-review","unresolved-licence-scope,additional-notice-terms-scope-review"
"d67188f349a49b84e81754a39f25d2ce6528c210dcfae55d44cc80219d543c64","deb","libasan8","14.2.0-19","1","hermes","","blocked","blocked","blocked","required","open-review","unresolved-licence-scope,additional-notice-terms-scope-review"
"079a4a5e0f2204e02e01c30bbf5b39f9152cc40e9318e86f867780f63278fd61","deb","libasound2-data","1.2.14-1","1","hermes","LGPL-2.1-only | LGPL-2.1-or-later","required","required","required","required","bounded-decision",""
"0138b41fca475f1ec76e253a5d0962b755a96fca6c53c6b0f3957c06f5104f0f","deb","libasound2t64","1.2.14-1","1","hermes","LGPL-2.1-only | LGPL-2.1-or-later","required","required","required","required","bounded-decision",""
"6eb8602a0ecc0442c410d106932dfe5ac041ffe2d8afc8b71c54a8ad7ee75c3e","deb","libass9","1:0.17.3-1+deb13u1","1","hermes","BSD-2-Clause | GPL-2.0-only | GPL-2.0-or-later | ISC | NTP | Unlicense","blocked","blocked","blocked","required","open-review","unresolved-licence-scope,additional-notice-terms-scope-review"
"9659c61eaa5a12d1a75cd8aa92f9bc719d735d177145093614dae3a22b7cd688","deb","libasyncns0","0.8-6+b5","1","hermes","LGPL-2.1-only | LGPL-2.1-or-later","required","required","required","required","bounded-decision",""
"e3cdc576bd96927062b57df54cf800a187114cb0f0724153037a9d337c8c40f8","deb","libatk-bridge2.0-0t64","2.56.2-1+deb13u1","1","hermes","AFL-2.1 | GPL-2.0-only | GPL-2.0-or-later | LGPL-2.0-only | LGPL-2.0-or-later | LGPL-2.1-only | LGPL-2.1-or-later | public-domain","blocked","blocked","blocked","required","open-review","unresolved-licence-scope,additional-notice-terms-scope-review"
"89182918a325c2c06edd78bfebe435433df4fcd7569425f0b1a2711e16e1d654","deb","libatk1.0-0t64","2.56.2-1+deb13u1","1","hermes","AFL-2.1 | GPL-2.0-only | GPL-2.0-or-later | LGPL-2.0-only | LGPL-2.0-or-later | LGPL-2.1-only | LGPL-2.1-or-later | public-domain","blocked","blocked","blocked","required","open-review","unresolved-licence-scope,additional-notice-terms-scope-review"
"2507dc0a62aeb2763d712815a4d1bc1b4de8fc602b7941ca5f709ec7930c71bd","deb","libatomic1","14.2.0-19","1","hermes","","blocked","blocked","blocked","required","open-review","unresolved-licence-scope,additional-notice-terms-scope-review"
"dcc3ee395a690fd112fc9b148466a3e87925c15dbbef6020660a3d0c7fb5296b","deb","libatspi2.0-0t64","2.56.2-1+deb13u1","1","hermes","AFL-2.1 | GPL-2.0-only | GPL-2.0-or-later | LGPL-2.0-only | LGPL-2.0-or-later | LGPL-2.1-only | LGPL-2.1-or-later | public-domain","blocked","blocked","blocked","required","open-review","unresolved-licence-scope,additional-notice-terms-scope-review"
"74b997f09b649cf0e5bb547aa8cfb58e16efc26032f2b9fee1bd7fb1161def04","deb","libattr1","1:2.5.2-3","1","hermes","GPL-2.0-only | GPL-2.0-or-later | LGPL-2.0-or-later | LGPL-2.1-only","required","required","required","required","bounded-decision",""
"e8c3ca8467d880dff423b13d4f9cd6d1f4f49b978040f38261bd1818e5bcc1d2","deb","libattr1","1:2.5.2-3","2","memory-v4,reference-application","GPL-2.0-only | GPL-2.0-or-later | LGPL-2.0-or-later | LGPL-2.1-only","required","required","required","required","bounded-decision",""
"705436f12904a6b7b2a9e76b724f46fd61706cc5b9cd34ed8927b95d7b371b36","deb","libaudit-common","1:4.0.2-2","1","hermes","GPL-1.0-only | GPL-2.0-only | LGPL-2.1-only","required","required","required","required","bounded-decision",""
"8e4242f813436e486af99b704ac391771e0ed6e6ab017cf75c3735482f53f1f8","deb","libaudit-common","1:4.0.2-2","2","memory-v4,reference-application","GPL-1.0-only | GPL-2.0-only | LGPL-2.1-only","required","required","required","required","bounded-decision",""
"2d87886c3df79cc836528c4f346f9946d32f05d3d7340a05be479fb16f55aebb","deb","libaudit1","1:4.0.2-2+b2","2","memory-v4,reference-application","GPL-1.0-only | GPL-2.0-only | LGPL-2.1-only","required","required","required","required","bounded-decision",""
"8559574f6cd0bbadb8f4e1e970e3c8d3948db2836dd796bde227778e4c45585a","deb","libaudit1","1:4.0.2-2+b2","1","hermes","GPL-1.0-only | GPL-2.0-only | LGPL-2.1-only","required","required","required","required","bounded-decision",""
"9c952e79ec222cf5bee1112ed29ee21ede1cc995c6f28d5fbba007f37198d1b4","deb","libavahi-client3","0.8-16","1","hermes","","blocked","blocked","blocked","required","open-review","unresolved-licence-scope,additional-notice-terms-scope-review"
"1ee601cbfd9b51fdf737d3f6d0302bbb68ef46639e2136b24534f92cb37511c7","deb","libavahi-common-data","0.8-16","1","hermes","","blocked","blocked","blocked","required","open-review","unresolved-licence-scope,additional-notice-terms-scope-review"
"deb241f23156ee3aa4f69838f5a975573094783ac15f3222bbccf00ae78a68f1","deb","libavahi-common3","0.8-16","1","hermes","","blocked","blocked","blocked","required","open-review","unresolved-licence-scope,additional-notice-terms-scope-review"
"e228e84b09c1b36a7776465c36a3934ccf664b552ddc0e3a27131194dc31b85d","deb","libavc1394-0","0.5.4-5+b2","1","hermes","GPL-2.0-only | GPL-2.0-or-later | LGPL-2.1-only | LGPL-2.1-or-later","required","required","required","required","bounded-decision",""
"5a55cd066e1214a12d83b551170b721e2553c31d5a1f10dc68eac81cf5103e2e","deb","libavcodec61","7:7.1.5-0+deb13u1","1","hermes","BSD-1-Clause | BSD-2-Clause | BSD-3-Clause | BSL-1.0 | GPL-2.0-only | GPL-2.0-or-later | GPL-3.0-only | GPL-3.0-or-later | IJG | ISC | LGPL-2.0-or-later | LGPL-2.1-only | LGPL-2.1-or-later | MIT | Sundry | Zlib | man-page | public-domain","blocked","blocked","blocked","required","open-review","unresolved-licence-scope,additional-notice-terms-scope-review"
"3c2169975e9c5f91fe60c4172dec4d1403f3ed3677cd7fa918e7646b5f4c5959","deb","libavdevice61","7:7.1.5-0+deb13u1","1","hermes","BSD-1-Clause | BSD-2-Clause | BSD-3-Clause | BSL-1.0 | GPL-2.0-only | GPL-2.0-or-later | GPL-3.0-only | GPL-3.0-or-later | IJG | ISC | LGPL-2.0-or-later | LGPL-2.1-only | LGPL-2.1-or-later | MIT | Sundry | Zlib | man-page | public-domain","blocked","blocked","blocked","required","open-review","unresolved-licence-scope,additional-notice-terms-scope-review"
"47d9d953cf68dfcd47410efc51a2bb8cbc080bdb6e4831f8680a8516e4fb94ce","deb","libavfilter10","7:7.1.5-0+deb13u1","1","hermes","BSD-1-Clause | BSD-2-Clause | BSD-3-Clause | BSL-1.0 | GPL-2.0-only | GPL-2.0-or-later | GPL-3.0-only | GPL-3.0-or-later | IJG | ISC | LGPL-2.0-or-later | LGPL-2.1-only | LGPL-2.1-or-later | MIT | Sundry | Zlib | man-page | public-domain","blocked","blocked","blocked","required","open-review","unresolved-licence-scope,additional-notice-terms-scope-review"
"ca948fc5214d61b8aa705306f66ee948660d90d04dec63c817de4eee9c80e0ee","deb","libavformat61","7:7.1.5-0+deb13u1","1","hermes","BSD-1-Clause | BSD-2-Clause | BSD-3-Clause | BSL-1.0 | GPL-2.0-only | GPL-2.0-or-later | GPL-3.0-only | GPL-3.0-or-later | IJG | ISC | LGPL-2.0-or-later | LGPL-2.1-only | LGPL-2.1-or-later | MIT | Sundry | Zlib | man-page | public-domain","blocked","blocked","blocked","required","open-review","unresolved-licence-scope,additional-notice-terms-scope-review"
"9a3c1691ad59cb513357aba0574d98c8f3e445df6be00f68eebd18ad6ee366e0","deb","libavutil59","7:7.1.5-0+deb13u1","1","hermes","BSD-1-Clause | BSD-2-Clause | BSD-3-Clause | BSL-1.0 | GPL-2.0-only | GPL-2.0-or-later | GPL-3.0-only | GPL-3.0-or-later | IJG | ISC | LGPL-2.0-or-later | LGPL-2.1-only | LGPL-2.1-or-later | MIT | Sundry | Zlib | man-page | public-domain","blocked","blocked","blocked","required","open-review","unresolved-licence-scope,additional-notice-terms-scope-review"
"8073d9ccfd9d668d902907f61ff40242a24fee3cff2ee67a3e3a523a41d85dd8","deb","libbinutils","2.44-3","1","hermes","","blocked","blocked","blocked","required","open-review","unresolved-licence-scope"
"b5643f2825c36b97b93e86497a7060a8f88afa23a479750656b883cc639318ba","deb","libblas3","3.12.1-6","1","hermes","BSD-3-Clause | BSD-3-clause-intel","blocked","blocked","blocked","required","open-review","unresolved-licence-scope,additional-notice-terms-scope-review"
"9da767278f15f066fa9c06ccfb40fbd8d617f10f87718a5d7f0a71ebfc7c2603","deb","libblkid1","2.41-5","1","hermes","BSD-2-Clause | BSD-3-Clause | BSD-4-Clause | BSLA | GPL-2.0-only | GPL-2.0-or-later | GPL-3.0-only | GPL-3.0-or-later | ISC | LGPL | LGPL-2.0-only | LGPL-2.0-or-later | LGPL-2.1-only | LGPL-2.1-or-later | LGPL-3.0-only | LGPL-3.0-or-later | MIT | public-domain","blocked","blocked","blocked","required","open-review","unresolved-licence-scope,additional-notice-terms-scope-review"
"499e4e66b8bf5f94d1d495ee873e85a6fe3eb13790d35c71b63f65ed1bc83c4a","deb","libblkid1","2.41.5-0+deb13u1","2","memory-v4,reference-application","BSD-2-Clause | BSD-3-Clause | BSD-4-Clause | BSLA | GPL-2.0-only | GPL-2.0-or-later | GPL-3.0-only | GPL-3.0-or-later | ISC | LGPL | LGPL-2.0-only | LGPL-2.0-or-later | LGPL-2.1-only | LGPL-2.1-or-later | LGPL-3.0-only | LGPL-3.0-or-later | MIT | public-domain","blocked","blocked","blocked","required","open-review","unresolved-licence-scope,additional-notice-terms-scope-review"
"082f4962198ec7cde9fbecff7bb0f1ff6a8b8c4462cd5bff63711af34a3aadb9","deb","libbluray2","1:1.3.4-1+b2","1","hermes","BSD-3-Clause | GPL-2.0-only | GPL-2.0-or-later | LGPL-2.1-only | LGPL-2.1-or-later | MPL-1.0 | custom","blocked","blocked","blocked","required","open-review","unresolved-licence-scope"
"58268e4c329ce791e67d4957aa35256ce375b749c710d6d375921648cf3ebcd8","deb","libbrotli1","1.1.0-2+b7","1","hermes","MIT","not-required","not-required","not-required","required","bounded-decision",""
"7a9d53907d01a3ae1ac448e7d0b4cc524e4c95afc3f79267d193ad714eab6ca3","deb","libbs2b0","3.1.0+dfsg-8+b1","1","hermes","FSF-unlimited | GPL-2.0-only | GPL-2.0-or-later | GPL-3.0-only | GPL-3.0-or-later | MIT | MIT+FSF-public","blocked","blocked","blocked","required","open-review","unresolved-licence-scope,additional-notice-terms-scope-review"
"0e951511b33c6cb814a6aecb93c369751e583382258efa8aa5ca6db0b51f1325","deb","libbsd0","0.12.2-2","1","hermes","BSD-2-Clause | BSD-2-clause-NetBSD | BSD-2-clause-author | BSD-2-clause-verbatim | BSD-3-Clause | BSD-3-clause-John-Birrell | BSD-3-clause-Regents | BSD-3-clause-author | BSD-5-clause-Peter-Wemm | Beerware | ISC | ISC-Original | MIT | public-domain","blocked","blocked","blocked","required","open-review","unresolved-licence-scope,additional-notice-terms-scope-review"
"9af6b1ca6a493c2cb53b88da0bbb870cdcdb0ac1a7ff97c72790b04b69906dd8","deb","libbsd0","0.12.2-2","2","memory-v4,reference-application","BSD-2-Clause | BSD-2-clause-NetBSD | BSD-2-clause-author | BSD-2-clause-verbatim | BSD-3-Clause | BSD-3-clause-John-Birrell | BSD-3-clause-Regents | BSD-3-clause-author | BSD-5-clause-Peter-Wemm | Beerware | ISC | ISC-Original | MIT | public-domain","blocked","blocked","blocked","required","open-review","unresolved-licence-scope,additional-notice-terms-scope-review"
"183086ab1f81ace7b8aaed55ab823cbf252256e4281936e468c3fe2ddc85e90b","deb","libbz2-1.0","1.0.8-6","2","memory-v4,reference-application","BSD-variant | GPL-2.0-only","blocked","blocked","blocked","required","open-review","unresolved-licence-scope,additional-notice-terms-scope-review"
"63531b7a4e008f7934b47809a4584fb365b12571d6d9a65a98d5d2ed7345867c","deb","libbz2-1.0","1.0.8-6","1","hermes","BSD-variant | GPL-2.0-only","blocked","blocked","blocked","required","open-review","unresolved-licence-scope,additional-notice-terms-scope-review"
"385fec313b256fe04848e7c4e875331134692276406585502134064a8ffd323d","deb","libc-bin","2.41-12+deb13u3","1","hermes","BSD-2-Clause | BSD-3-clause-Berkeley | BSD-3-clause-Carnegie | BSD-3-clause-Oracle | BSD-3-clause-WIDE | BSD-like-Spencer | BSL-1.0 | CORE-MATH | Carnegie | DEC | FSFAP | GPL-2+-with-link-exception | GPL-2.0-only | GPL-2.0-or-later | GPL-3.0-only | GPL-3.0-or-later | IBM | ISC | Inner-Net | LGPL-2.0-only | LGPL-2.0-or-later | LGPL-2.1+-with-link-exception | LGPL-2.1-only | LGPL-2.1-or-later | LGPL-3.0-only | LGPL-3.0-or-later | MIT-like-Lord | PCRE | SunPro | Unicode-DFS-2016 | Univ-Coimbra | public-domain","blocked","blocked","blocked","required","open-review","unresolved-licence-scope,additional-notice-terms-scope-review"
"4f6340d6261301c532f7e46fa2d339bd0d5990ad70b98f187b7f3476b801306e","deb","libc-bin","2.41-12+deb13u3","2","memory-v4,reference-application","BSD-2-Clause | BSD-3-clause-Berkeley | BSD-3-clause-Carnegie | BSD-3-clause-Oracle | BSD-3-clause-WIDE | BSD-like-Spencer | BSL-1.0 | CORE-MATH | Carnegie | DEC | FSFAP | GPL-2+-with-link-exception | GPL-2.0-only | GPL-2.0-or-later | GPL-3.0-only | GPL-3.0-or-later | IBM | ISC | Inner-Net | LGPL-2.0-only | LGPL-2.0-or-later | LGPL-2.1+-with-link-exception | LGPL-2.1-only | LGPL-2.1-or-later | LGPL-3.0-only | LGPL-3.0-or-later | MIT-like-Lord | PCRE | SunPro | Unicode-DFS-2016 | Univ-Coimbra | public-domain","blocked","blocked","blocked","required","open-review","unresolved-licence-scope,additional-notice-terms-scope-review"
"579572b977d850b672bf5f4818fc0f76257cd68ee97dfacea7bf66312ca5a9ef","deb","libc-dev-bin","2.41-12+deb13u3","1","hermes","BSD-2-Clause | BSD-3-clause-Berkeley | BSD-3-clause-Carnegie | BSD-3-clause-Oracle | BSD-3-clause-WIDE | BSD-like-Spencer | BSL-1.0 | CORE-MATH | Carnegie | DEC | FSFAP | GPL-2+-with-link-exception | GPL-2.0-only | GPL-2.0-or-later | GPL-3.0-only | GPL-3.0-or-later | IBM | ISC | Inner-Net | LGPL-2.0-only | LGPL-2.0-or-later | LGPL-2.1+-with-link-exception | LGPL-2.1-only | LGPL-2.1-or-later | LGPL-3.0-only | LGPL-3.0-or-later | MIT-like-Lord | PCRE | SunPro | Unicode-DFS-2016 | Univ-Coimbra | public-domain","blocked","blocked","blocked","required","open-review","unresolved-licence-scope,additional-notice-terms-scope-review"
"2ff4b095981a2cbd8794b39a043934b1da345e0efe2d0e86ef0d9e272b5d1fd8","deb","libc6","2.41-12+deb13u3","1","reference-application","BSD-2-Clause | BSD-3-clause-Berkeley | BSD-3-clause-Carnegie | BSD-3-clause-Oracle | BSD-3-clause-WIDE | BSD-like-Spencer | BSL-1.0 | CORE-MATH | Carnegie | DEC | FSFAP | GPL-2+-with-link-exception | GPL-2.0-only | GPL-2.0-or-later | GPL-3.0-only | GPL-3.0-or-later | IBM | ISC | Inner-Net | LGPL-2.0-only | LGPL-2.0-or-later | LGPL-2.1+-with-link-exception | LGPL-2.1-only | LGPL-2.1-or-later | LGPL-3.0-only | LGPL-3.0-or-later | MIT-like-Lord | PCRE | SunPro | Unicode-DFS-2016 | Univ-Coimbra | public-domain","blocked","blocked","blocked","required","open-review","unresolved-licence-scope,additional-notice-terms-scope-review"
"60cd0ccb44b24d3ca894f6daae88d69e3eb4362a3ce5aa057bf37601b93b24a1","deb","libc6","2.41-12+deb13u3","1","memory-v4","BSD-2-Clause | BSD-3-clause-Berkeley | BSD-3-clause-Carnegie | BSD-3-clause-Oracle | BSD-3-clause-WIDE | BSD-like-Spencer | BSL-1.0 | CORE-MATH | Carnegie | DEC | FSFAP | GPL-2+-with-link-exception | GPL-2.0-only | GPL-2.0-or-later | GPL-3.0-only | GPL-3.0-or-later | IBM | ISC | Inner-Net | LGPL-2.0-only | LGPL-2.0-or-later | LGPL-2.1+-with-link-exception | LGPL-2.1-only | LGPL-2.1-or-later | LGPL-3.0-only | LGPL-3.0-or-later | MIT-like-Lord | PCRE | SunPro | Unicode-DFS-2016 | Univ-Coimbra | public-domain","blocked","blocked","blocked","required","open-review","unresolved-licence-scope,additional-notice-terms-scope-review"
"d50bc3bbb6b6f9aad58f56b36f422c25d9264cbc2a04bb9f09385bcc7383454a","deb","libc6","2.41-12+deb13u3","2","unify-core,uniui","BSD-2-Clause | BSD-3-clause-Berkeley | BSD-3-clause-Carnegie | BSD-3-clause-Oracle | BSD-3-clause-WIDE | BSD-like-Spencer | BSL-1.0 | CORE-MATH | Carnegie | DEC | FSFAP | GPL-2+-with-link-exception | GPL-2.0-only | GPL-2.0-or-later | GPL-3.0-only | GPL-3.0-or-later | IBM | ISC | Inner-Net | LGPL-2.0-only | LGPL-2.0-or-later | LGPL-2.1+-with-link-exception | LGPL-2.1-only | LGPL-2.1-or-later | LGPL-3.0-only | LGPL-3.0-or-later | MIT-like-Lord | PCRE | SunPro | Unicode-DFS-2016 | Univ-Coimbra | public-domain","blocked","blocked","blocked","required","open-review","unresolved-licence-scope,additional-notice-terms-scope-review"
"eb85d922faffc9126c76a2e3ed42548b0efc9b66d96f1953aa63c144c84a364e","deb","libc6","2.41-12+deb13u3","1","hermes","BSD-2-Clause | BSD-3-clause-Berkeley | BSD-3-clause-Carnegie | BSD-3-clause-Oracle | BSD-3-clause-WIDE | BSD-like-Spencer | BSL-1.0 | CORE-MATH | Carnegie | DEC | FSFAP | GPL-2+-with-link-exception | GPL-2.0-only | GPL-2.0-or-later | GPL-3.0-only | GPL-3.0-or-later | IBM | ISC | Inner-Net | LGPL-2.0-only | LGPL-2.0-or-later | LGPL-2.1+-with-link-exception | LGPL-2.1-only | LGPL-2.1-or-later | LGPL-3.0-only | LGPL-3.0-or-later | MIT-like-Lord | PCRE | SunPro | Unicode-DFS-2016 | Univ-Coimbra | public-domain","blocked","blocked","blocked","required","open-review","unresolved-licence-scope,additional-notice-terms-scope-review"
"afa29669adee1f69f29146cf7c2f31aa10a42203c1d754067c7c61345fa7c7b7","deb","libc6-dev","2.41-12+deb13u3","1","hermes","BSD-2-Clause | BSD-3-clause-Berkeley | BSD-3-clause-Carnegie | BSD-3-clause-Oracle | BSD-3-clause-WIDE | BSD-like-Spencer | BSL-1.0 | CORE-MATH | Carnegie | DEC | FSFAP | GPL-2+-with-link-exception | GPL-2.0-only | GPL-2.0-or-later | GPL-3.0-only | GPL-3.0-or-later | IBM | ISC | Inner-Net | LGPL-2.0-only | LGPL-2.0-or-later | LGPL-2.1+-with-link-exception | LGPL-2.1-only | LGPL-2.1-or-later | LGPL-3.0-only | LGPL-3.0-or-later | MIT-like-Lord | PCRE | SunPro | Unicode-DFS-2016 | Univ-Coimbra | public-domain","blocked","blocked","blocked","required","open-review","unresolved-licence-scope,additional-notice-terms-scope-review"
"966261b4c7e4f616704cd9e98d115989b35d9ea2bca753ea6b9228883f71b241","deb","libcaca0","0.99.beta20-5+deb13u1","1","hermes","GPL | GPL-1.0-only | GPL-2.0-only | GPL-2.0-or-later | ISC | LGPL-2.0-only | LGPL-2.0-or-later | WTFPL-2.0","blocked","blocked","blocked","required","open-review","unresolved-licence-scope"
"208be70d00ac0cc51e61f3d458527e531161bec49bb0a0e96289f63ce48a6da0","deb","libcairo-gobject2","1.18.4-1+b1","1","hermes","","blocked","blocked","blocked","required","open-review","unresolved-licence-scope,additional-notice-terms-scope-review"
"4839867283492941b54d70ffe953bce02aaca748271264028a47fda2e296db56","deb","libcairo2","1.18.4-1+b1","1","hermes","","blocked","blocked","blocked","required","open-review","unresolved-licence-scope,additional-notice-terms-scope-review"
"9d62900a20c76194102f24fa28018503fdec2b7387e09fb4b38f6b0fb2982402","deb","libcap-ng0","0.8.5-4+b1","1","hermes","GPL-2.0-only | GPL-2.0-or-later | GPL-3.0-only | LGPL-2.1-only | LGPL-2.1-or-later","required","required","required","required","bounded-decision",""
"caecb8c82f4f4f7b75847e8497b322e40af250bfb2d4769b2b18d240a80358c3","deb","libcap-ng0","0.8.5-4+b1","2","memory-v4,reference-application","GPL-2.0-only | GPL-2.0-or-later | GPL-3.0-only | LGPL-2.1-only | LGPL-2.1-or-later","required","required","required","required","bounded-decision",""
"e0200d940cc657399e4e1f09373c7f1ea08d3435e7226222734096948a8215c0","deb","libcap2","1:2.75-10+b8","1","hermes","BSD-3-Clause | GPL-2.0-only | GPL-2.0-or-later","required","required","not-required","required","bounded-decision",""
"49570d328da888ad382e8e78c01811bbc2c830a2ad0eda96a2d2c3b40233035d","deb","libcap2","1:2.75-10+deb13u1+b1","2","memory-v4,reference-application","BSD-3-Clause | GPL-2.0-only | GPL-2.0-or-later","required","required","not-required","required","bounded-decision",""
"816bc9507867cf65a72c57467949fc9bf82541f5c29eb9ad48b8fe2dabab872c","deb","libcbor0.10","0.10.2-2","1","hermes","MIT","not-required","not-required","not-required","required","bounded-decision",""
"221cf3488766dd74cc7e42c0b08b4e8f9daec7fcb1e0469034de3f338f3d10e8","deb","libcc1-0","14.2.0-19","1","hermes","","blocked","blocked","blocked","required","open-review","unresolved-licence-scope,additional-notice-terms-scope-review"
"441949111e9e6ff36880a9ca1568456843a36295b824164b5dab5b3e40d9b6ff","deb","libcdio-cdda2t64","10.2+2.0.2-1+b1","1","hermes","GFDL-1.2 | GFDL-NIV-1.2 | GPL-3.0-only | GPL-3.0-or-later","required","required","not-required","required","open-review","content-licence-scope"
"fb7093ecda3d13e56d1dee722dff818efe12447d8d48099e5183b5180534a8c3","deb","libcdio-paranoia2t64","10.2+2.0.2-1+b1","1","hermes","GFDL-1.2 | GFDL-NIV-1.2 | GPL-3.0-only | GPL-3.0-or-later","required","required","not-required","required","open-review","content-licence-scope"
"f89e4c59fe347483a11c5b7b581b30ce551b313e11d788433a5988fb17f2c1c5","deb","libcdio19t64","2.2.0-4.1~deb13u1","1","hermes","GFDL-1.2 | GPL-2.0-only | GPL-2.0-or-later | GPL-3.0-only","required","required","not-required","required","open-review","content-licence-scope"
"5bedf13f528fb87873f4fd2d8e8702e7d8b656226b9cc81119175e219891a7a5","deb","libchromaprint1","1.5.1-7","1","hermes","BSD-3-Clause | LGPL-2.1-only | LGPL-2.1-or-later | MIT","required","required","required","required","bounded-decision",""
"494200e3d0be1097039e65a989423f364d92aa999392bd0bcc7de4298ebd762f","deb","libcjson1","1.7.18-3.1+deb13u1","1","hermes","Apache-2.0 | MIT","not-required","not-required","not-required","required","bounded-decision",""
"5344f50dd0910750aa28e22f7a53601426dfce560cf4e342edf9c3b8990e379f","deb","libcodec2-1.2","1.2.0-3","1","hermes","JMVBSD | KISSFFTBSD | LGPL-2.1-only","blocked","blocked","blocked","required","open-review","unresolved-licence-scope,additional-notice-terms-scope-review"
"32795c63f9bf373d7164897c2949e994415cd0aae212d5bbf1813153ef17ccd1","deb","libcom-err2","1.47.2-3+b11","1","hermes","0BSD | Apache-2.0 | BSD-3-Clause | BSD-3-Clause-Variant | BSD-4-Clause-CMU | GPL | GPL-2.0-only | GPL-2.0-or-later | ISC | Kazlib | LGPL-2.0-only | Latex2e | MIT","blocked","blocked","blocked","required","open-review","unresolved-licence-scope,additional-notice-terms-scope-review"
"405a622e640632dec294ef8b07e87332add4638e33e1207d17acdcb646e3551f","deb","libcrypt-dev","1:4.4.38-1","1","hermes","","blocked","blocked","blocked","required","open-review","unresolved-licence-scope,additional-notice-terms-scope-review"
"191d0438cba265ae1731c8eb014fefd7a63b5e0fca5cbec847337385e194c564","deb","libcrypt1","1:4.4.38-1","1","hermes","","blocked","blocked","blocked","required","open-review","unresolved-licence-scope,additional-notice-terms-scope-review"
"7197f3179f4e395ad2c233f7a34f4bfa20a7a3a47f80f18cd79b01c313b19b51","deb","libcrypt1","1:4.4.38-1","2","memory-v4,reference-application","","blocked","blocked","blocked","required","open-review","unresolved-licence-scope,additional-notice-terms-scope-review"
"6daa04e8668203e13c607eaa917164846dbfcdbbcbe95b9332749647327f5a94","deb","libctf-nobfd0","2.44-3","1","hermes","","blocked","blocked","blocked","required","open-review","unresolved-licence-scope"
"60a88d385932747b192f76608577b55da6421925d5d64380441cf3967dbda53b","deb","libctf0","2.44-3","1","hermes","","blocked","blocked","blocked","required","open-review","unresolved-licence-scope"
"a5946522707eb3e204ba184ec11500669dc2e42ac9ccd31f8655ac742beb0efd","deb","libcups2t64","2.4.10-3+deb13u2","1","hermes","Apache-2.0 | Apache-2.0-with-GPL2-LGPL2-Exception | BSD-2-Clause | FSFUL | Zlib","blocked","blocked","blocked","required","open-review","unresolved-licence-scope,additional-notice-terms-scope-review"
"c00aabbe313c5dda717f97683eb817863a3ba4aad7192e9bdf74046a44185f9a","deb","libcurl3t64-gnutls","8.14.1-2+deb13u4","1","hermes","BSD-3-Clause | BSD-4-Clause-UC | FSFULLR | GPL-2.0-only | GPL-2.0-or-later | GPL-3.0-or-later | ISC | OLDAP-2.8 | X11 | curl","blocked","blocked","blocked","required","open-review","unresolved-licence-scope,additional-notice-terms-scope-review"
"a7eea269618fc728486cc7ad1d02b367213118766dbb4e2122777d81a7ceaf5e","deb","libcurl4t64","8.14.1-2+deb13u4","1","hermes","BSD-3-Clause | BSD-4-Clause-UC | FSFULLR | GPL-2.0-only | GPL-2.0-or-later | GPL-3.0-or-later | ISC | OLDAP-2.8 | X11 | curl","blocked","blocked","blocked","required","open-review","unresolved-licence-scope,additional-notice-terms-scope-review"
"9fd54aa7a2afa2f78b680162afc2275f215cf30eb796509f8feac92a036422ca","deb","libdatrie1","0.2.13-3+b1","1","hermes","GPL-2.0-only | GPL-2.0-or-later | LGPL-2.1-only | LGPL-2.1-or-later","required","required","required","required","bounded-decision",""
"6d303bbab46743020fa78ac31cd42a45cd3c5798a87acb24c1dd989aae747f1d","deb","libdav1d7","1.5.1-1","1","hermes","BSD-2-Clause | ISC | public-domain","blocked","blocked","blocked","required","open-review","unresolved-licence-scope,additional-notice-terms-scope-review"
"29a17c4871bbdc6ede53d121dd6797b7a5f904b75f04e75d4874880c06e17610","deb","libdb5.3t64","5.3.28+dfsg2-9","2","memory-v4,reference-application","Artistic | BSD-3-Clause | BSD-3-clause-fjord | GPL | GPL-3.0-only | MIT-old | Ms-PL | Sleepycat | TCL-like | X11 | Zlib","blocked","blocked","blocked","required","open-review","unresolved-licence-scope,additional-notice-terms-scope-review"
"6b0b5f6a5c0aa526e5b1cdc8a165c4b00a2beee7afa088452626f7d14b2d3093","deb","libdb5.3t64","5.3.28+dfsg2-9","1","hermes","Artistic | BSD-3-Clause | BSD-3-clause-fjord | GPL | GPL-3.0-only | MIT-old | Ms-PL | Sleepycat | TCL-like | X11 | Zlib","blocked","blocked","blocked","required","open-review","unresolved-licence-scope,additional-notice-terms-scope-review"
"4437a97b433395ccbfc92054fc738ae16921ddb659f0e314f8bd2499935db2b0","deb","libdbus-1-3","1.16.2-2","1","hermes","AFL-2.1 | BSD-3-Clause | BSD-3-clause-generic | GPL-2.0-only | GPL-2.0-or-later | LGPL-2.1-only | LGPL-2.1-or-later | MIT | Tcl-BSDish | g10-permissive","blocked","blocked","blocked","required","open-review","unresolved-licence-scope,additional-notice-terms-scope-review"
"f9e72cc08a0e72e032088f9ac23c30ddcac5938fcb2eeb9265df36cbd8f8de8a","deb","libdc1394-25","2.2.6-5","1","hermes","GPL-2.0-only | GPL-2.0-or-later | LGPL-2.1-only | LGPL-2.1-or-later","required","required","required","required","bounded-decision",""
"3059c016d58b73df35f5beaeff0eb42a9ee1c43e69dbe1eeb00a6ad52b5f4c90","deb","libdebconfclient0","0.280","1","hermes","BSD-2-Clause | GPL-2.0-only | GPL-2.0-or-later","required","required","blocked","required","open-review","additional-notice-terms-scope-review"
"55df833e7e3bfdedd1de0058f5ff62b49393098bdb9fba405f03a80bc7679dad","deb","libdebconfclient0","0.280","2","memory-v4,reference-application","BSD-2-Clause | GPL-2.0-only | GPL-2.0-or-later","required","required","blocked","required","open-review","additional-notice-terms-scope-review"
"e7f516c3c571bde0d4a313a70a2231e1dffe31569bcf54ed5e669407abbd9f22","deb","libdecor-0-0","0.2.2-2","1","hermes","GPL-3.0-only | GPL-3.0-or-later | MIT","required","required","not-required","required","bounded-decision",""
"164481a15160ba1c733b6dc53f072040e0229b6b152f48261ccde11478eb5581","deb","libdeflate0","1.23-2","1","hermes","MIT","not-required","not-required","not-required","required","bounded-decision",""
"eec562635e651f107054fa52c563afac2656a3d67482af6436358f9854365f69","deb","libdrm-amdgpu1","2.4.124-2","1","hermes","","blocked","blocked","blocked","required","open-review","unresolved-licence-scope,additional-notice-terms-scope-review"
"47f58f40869f69014858b0fe5cf22fa37c0714005099013cfe31a607173466d4","deb","libdrm-common","2.4.124-2","1","hermes","","blocked","blocked","blocked","required","open-review","unresolved-licence-scope,additional-notice-terms-scope-review"
"fbac88e12b7c0e504b64c79f19d9ec71016f6976bda496531d3d698027776c97","deb","libdrm-intel1","2.4.124-2","1","hermes","","blocked","blocked","blocked","required","open-review","unresolved-licence-scope,additional-notice-terms-scope-review"
"7cb1977eff4ac5db83c656a86a24b7fdbe86efb9d7d9a50fc93a3eb5e553e424","deb","libdrm2","2.4.124-2","1","hermes","","blocked","blocked","blocked","required","open-review","unresolved-licence-scope,additional-notice-terms-scope-review"
"41bad5f56a5e5c59cfa4482cf474895d41202c0bd0a7664f324be39c29e3f5e0","deb","libdvdnav4","6.1.1-3+b1","1","hermes","GPL-2.0-only | GPL-2.0-or-later | LGPL-2.0-only | LGPL-2.0-or-later","required","required","required","required","bounded-decision",""
"7f41cb107be7fd17a1af047bdad306817924a65a05ed09af1804c31f7230951e","deb","libdvdread8t64","6.1.3-2","1","hermes","GPL-2.0-only | GPL-2.0-or-later | GPL-3.0-only | LGPL-2.1-only | LGPL-2.1-or-later","required","required","required","required","bounded-decision",""
"1613c633f825f46927c3c084ffd6e9d8d68a525e001d798574ca929de12b761e","deb","libedit2","3.1-20250104-1","1","hermes","BSD-3-Clause","not-required","not-required","not-required","required","bounded-decision",""
"798c43705c3b77cea98da78f93cde90361ea8172cfb415d0eaef39191a8ca810","deb","libelf1t64","0.192-4","1","hermes","BSD-2-Clause | GFDL-1.3 | GFDL-NIV-1.3 | GPL-2.0-only | GPL-3.0-only | GPL-3.0-or-later | LGPL-2.1-only | LGPL-2.1-or-later | LGPL-3.0-only | LGPL-3.0-or-later","required","required","required","required","open-review","content-licence-scope"
"b8b880b6cece7726719265dbf10da2da74d659adabaa0d558b444554ebe5390e","deb","liberror-perl","0.17030-1","1","hermes","Artistic | GPL-1.0-only | GPL-1.0-or-later","blocked","blocked","blocked","required","open-review","unresolved-licence-scope,additional-notice-terms-scope-review"
"d9bebc9bf0fd1fc44f7bc289603789b599328ee9be7eff69ae953a2d42692ad3","deb","libexpat1","2.8.2-1~deb13u1","1","hermes","MIT","not-required","not-required","not-required","required","bounded-decision",""
"6f7cd97f0253cfd204eb57c5f915fe748ee1671a9a3b2abb0d62b8b0c9fd2f51","deb","libexpat1-dev","2.8.2-1~deb13u1","1","hermes","MIT","not-required","not-required","not-required","required","bounded-decision",""
"f3fc906b9725c6739bcec153627a3bd0aae3fcb213742e85ab867bb709ba206f","deb","libffi-dev","3.4.8-2","1","hermes","GPL | GPL-2.0-or-later | GPL-3.0-or-later | MIT | MPL-1.1 | X11 | public-domain","blocked","blocked","blocked","required","open-review","unresolved-licence-scope,additional-notice-terms-scope-review"
"9a6cdacb907d12ef51178e2e0ba16e1a95afc4971d66237d9601df56fb621d68","deb","libffi8","3.4.8-2","2","memory-v4,reference-application","GPL | GPL-2.0-or-later | GPL-3.0-or-later | MIT | MPL-1.1 | X11 | public-domain","blocked","blocked","blocked","required","open-review","unresolved-licence-scope,additional-notice-terms-scope-review"
"9d4c88d35dd09bfaa57d0db198ecdc685e0d451374f9b9ef27f73869f1406068","deb","libffi8","3.4.8-2","1","hermes","GPL | GPL-2.0-or-later | GPL-3.0-or-later | MIT | MPL-1.1 | X11 | public-domain","blocked","blocked","blocked","required","open-review","unresolved-licence-scope,additional-notice-terms-scope-review"
"a594a9aa023188b739a0c8021cd20a6f20f94e8301f256a6bcb33fb38ba96c20","deb","libfftw3-double3","3.3.10-2+b1","1","hermes","GPL-2.0-only | GPL-2.0-or-later","required","required","not-required","required","bounded-decision",""
"f4df4f2b15e807d9669a8636304e92df6464eadd7c127e98b569763e76ce2331","deb","libfido2-1","1.15.0-1+b1","1","hermes","BSD-2-Clause | ISC | public-domain","blocked","blocked","blocked","required","open-review","unresolved-licence-scope"
"d8132d3e59e10fe0951c793ccb36819b025296f3bbcf196aaa9e5b61d62c45df","deb","libflac14","1.5.0+ds-2","1","hermes","BSD-3-Clause | GFDL-1.1+ | GFDL-1.2 | GPL-2.0-only | GPL-2.0-or-later | ISC | LGPL-2.0-only | LGPL-2.0-or-later | LGPL-2.1-only | LGPL-2.1-or-later | Public-domain","blocked","blocked","blocked","required","open-review","unresolved-licence-scope,additional-notice-terms-scope-review"
"aacb3d31160c7b62eb7729906d3765b4cedfd1fb356c8ef3c0e7dd52fee7133b","deb","libflite1","2.2-7","1","hermes","","blocked","blocked","blocked","required","open-review","unresolved-licence-scope,additional-notice-terms-scope-review"
"72d1c26fe83b6795892ccbb85516333f973fa2b86af8c85d98a1f49e382f3162","deb","libfontconfig1","2.15.0-2.3","1","hermes","HPND-sell-variant","not-required","not-required","not-required","required","bounded-decision",""
"d8594fda9796ae3bf904071bacfc6402ed9eb3d34c064520f34c8374d0aedb6b","deb","libfontenc1","1:1.1.8-1+b2","1","hermes","MIT","not-required","not-required","not-required","required","bounded-decision",""
"91f33bf5bff63ef90a41db9312ffa7147ecdd6cf781258dd0a35fb2c2482dcfb","deb","libfreetype6","2.13.3+dfsg-1+deb13u1","1","hermes","BSD-3-Clause | BSL-1.0 | FSFAP | FTL | GPL-2.0-only | GPL-2.0-or-later | GPL-3.0-only | GPL-3.0-or-later | MIT | MIT-Modern-Variant | MIT-SMC | OpenGroup-MIT | Public-Domain | Zlib","blocked","blocked","blocked","required","open-review","unresolved-licence-scope,additional-notice-terms-scope-review"
"6c9def5f0338a0f6fb98df7cfb41d44f9e2636dae6dcd73fc654782e066fc3b4","deb","libfribidi0","1.0.16-1","1","hermes","LGPL-2.1-only | LGPL-2.1-or-later","required","required","required","required","bounded-decision",""
"782d49670f03a8e9358e13497ae4242eb88e35a9d9809956c62ea2f6592160e5","deb","libgbm1","25.0.7-2+deb13u1","1","hermes","Apache-2.0 | BSD-2-Clause | BSD-3-google | BSL-1.0 | GPL | GPL-1.0-only | GPL-1.0-or-later | GPL-2.0-only | Khronos | MIT | MLAA | SGI","blocked","blocked","blocked","required","open-review","unresolved-licence-scope,additional-notice-terms-scope-review"
"3cb010c646de72e853405675721c89e71566a0305cf78d25214ab3a24e884d96","deb","libgcc-14-dev","14.2.0-19","1","hermes","","blocked","blocked","blocked","required","open-review","unresolved-licence-scope,additional-notice-terms-scope-review"
"0f318eb50b389de1d6d5982b3655eb643e1b704aedbac8ffd4327ac728c11098","deb","libgcc-s1","14.2.0-19","1","hermes","","blocked","blocked","blocked","required","open-review","unresolved-licence-scope,additional-notice-terms-scope-review"
"1860324a011bd2c724e59b3b78cce9c58dd57eed046f11907b214b66c742eb7d","deb","libgcc-s1","14.2.0-19","1","reference-application","","blocked","blocked","blocked","required","open-review","unresolved-licence-scope,additional-notice-terms-scope-review"
"7c24e42765a734094e9af2c496bedff78e8587e94c52454b8ca00380abd15cdd","deb","libgcc-s1","14.2.0-19","1","memory-v4","","blocked","blocked","blocked","required","open-review","unresolved-licence-scope,additional-notice-terms-scope-review"
"fa87727c75380d3e8ab7139e0810d40240940e9b4915af5897a11c8b1dbf5297","deb","libgcc-s1","14.2.0-19","2","unify-core,uniui","","blocked","blocked","blocked","required","open-review","unresolved-licence-scope"
"05e3ecc5050407625d7556414f0bebd5ff16481a1096fa362773a1e9a43b1a2e","deb","libgdbm-compat4t64","1.24-2","1","hermes","GFDL-NIV-1.3+ | GPL-2.0-only | GPL-2.0-or-later | GPL-3.0-only | GPL-3.0-or-later","required","required","not-required","required","open-review","content-licence-scope"
"b471ef12e91c587e4edd600926d0e55757de1a38deaa6d2996694edde4cc3083","deb","libgdbm6t64","1.24-2","1","hermes","GFDL-NIV-1.3+ | GPL-2.0-only | GPL-2.0-or-later | GPL-3.0-only | GPL-3.0-or-later","required","required","not-required","required","open-review","content-licence-scope"
"ca8195c0c4803290e500c0f99a445c1d2782e8b949998f147dcb7dc00f7decff","deb","libgdbm6t64","1.24-2","2","memory-v4,reference-application","GFDL-NIV-1.3+ | GPL-2.0-only | GPL-2.0-or-later | GPL-3.0-only | GPL-3.0-or-later","required","required","not-required","required","open-review","content-licence-scope"
"b588a06fca15a8ba954fea6c6b4d85fb2df315619fc58b7cb21019ab2508995c","deb","libgdk-pixbuf-2.0-0","2.42.12+dfsg-4+deb13u1","1","hermes","CC0-1.0 | GPL-2.0-only | GPL-2.0-or-later | LGPL-2.0-only | LGPL-2.0-or-later | LGPL-2.1-only | LGPL-2.1-or-later","required","required","required","required","bounded-decision",""
"0f26cac857182c2f5bfe2056835341984fafdadd35fd586f9a40992b02e6ef98","deb","libgdk-pixbuf2.0-common","2.42.12+dfsg-4+deb13u1","1","hermes","CC0-1.0 | GPL-2.0-only | GPL-2.0-or-later | LGPL-2.0-only | LGPL-2.0-or-later | LGPL-2.1-only | LGPL-2.1-or-later","required","required","required","required","bounded-decision",""
"8f5092ae1407bbe72bc2a5d448d301a275360204b0c32c4d4b0df643c0ef703a","deb","libgfortran5","14.2.0-19","1","hermes","","blocked","blocked","blocked","required","open-review","unresolved-licence-scope,additional-notice-terms-scope-review"
"91d0553144f9cfa2573e7ad81b863e2675d8c14a2409cf82172ce04a2db67c04","deb","libgl1","1.7.0-1+b2","1","hermes","Apache-2.0 | BSD-1-Clause | GPL | GPL-3.0-only | GPL-3.0-or-later | MIT","blocked","blocked","blocked","required","open-review","unresolved-licence-scope"
"db27d278eb0b9df3762c072f60bed25673c0600d4d4666dba1d251a9968d2ace","deb","libgl1-mesa-dri","25.0.7-2+deb13u1","1","hermes","Apache-2.0 | BSD-2-Clause | BSD-3-google | BSL-1.0 | GPL | GPL-1.0-only | GPL-1.0-or-later | GPL-2.0-only | Khronos | MIT | MLAA | SGI","blocked","blocked","blocked","required","open-review","unresolved-licence-scope,additional-notice-terms-scope-review"
"843a03b1632851ccbe9b0bff36381a764391ee05a64d2682c208f5cb88e4359f","deb","libglib2.0-0t64","2.84.4-3~deb13u3","1","hermes","AFL-2.0 | Apache-2.0 | CC-BY-SA-3.0 | CC0-1.0 | FSFULLR | GPL-2.0-only | GPL-2.0-or-later | Iconv-PD | Janik-permissive | Kuchling-PD | LGPL-2.0-only | LGPL-2.0-or-later | LGPL-2.1-only | LGPL-2.1-or-later | LGPL-3.0-only | LGPL-3.0-or-later | MIT | MPL-1.1 | Mingw-PD | Plumb-PD | Unicode-DFS-2016 | bzip2-1.0.6 | cmph | old-glib-tests","blocked","blocked","blocked","required","open-review","unresolved-licence-scope,additional-notice-terms-scope-review"
"3eda22124fe5729d05bac49c2808411388fea55e7f6e7fea7f0e451520920d32","deb","libglvnd0","1.7.0-1+b2","1","hermes","Apache-2.0 | BSD-1-Clause | GPL | GPL-3.0-only | GPL-3.0-or-later | MIT","blocked","blocked","blocked","required","open-review","unresolved-licence-scope"
"27e7f3839be912a428ef9ea4bf2db6972a82786ab5091f2fcc7107bee385484e","deb","libglx-mesa0","25.0.7-2+deb13u1","1","hermes","Apache-2.0 | BSD-2-Clause | BSD-3-google | BSL-1.0 | GPL | GPL-1.0-only | GPL-1.0-or-later | GPL-2.0-only | Khronos | MIT | MLAA | SGI","blocked","blocked","blocked","required","open-review","unresolved-licence-scope,additional-notice-terms-scope-review"
"4e2456e7a7e74eb5a64b23f492717c498c3845be3a3ed4da2beece651b480d7b","deb","libglx0","1.7.0-1+b2","1","hermes","Apache-2.0 | BSD-1-Clause | GPL | GPL-3.0-only | GPL-3.0-or-later | MIT","blocked","blocked","blocked","required","open-review","unresolved-licence-scope"
"89419af2fd43d34bec62011568fe734fa2c6de233d4379d82f10ffc26ffb7efa","deb","libgme0","0.6.3-7+b2","1","hermes","LGPL-2.1-only | LGPL-2.1-or-later | MIT","required","required","required","required","bounded-decision",""
"6bb760611def9b29b899dcad76723c6c8aa2c1d2d335fd2d33fe61d0ebd7977c","deb","libgmp10","2:6.3.0+dfsg-3","1","hermes","GPL-2.0-only | GPL-2.0-or-later | GPL-3.0-only | GPL-3.0-or-later | LGPL-3.0-only | LGPL-3.0-or-later","required","required","required","required","bounded-decision",""
"efb894172a7a080ae7b514f9a4fe1d2cec0b8bbd9eb5abc1f708188b5b13c829","deb","libgmp10","2:6.3.0+dfsg-3","2","memory-v4,reference-application","GPL-2.0-only | GPL-2.0-or-later | GPL-3.0-only | GPL-3.0-or-later | LGPL-3.0-only | LGPL-3.0-or-later","required","required","required","required","bounded-decision",""
"c5a760b6f851e2d1369db68f6fad01d301054a011f811cb09fd78410c99ee228","deb","libgnutls30t64","3.8.9-3+deb13u4","1","hermes","","blocked","blocked","blocked","required","open-review","unresolved-licence-scope,additional-notice-terms-scope-review"
"b8ad2cc4ffe50228327d8dbcabc002cc1ec7beabd08f4233cb420f02502bb749","deb","libgomp1","14.2.0-19","2","unify-core,uniui","","blocked","blocked","blocked","required","open-review","unresolved-licence-scope"
"d4eb308a2f1873b10ad6cac41b12b83cdbba1edcf0522dfa4d9de909beb33a2e","deb","libgomp1","14.2.0-19","1","hermes","","blocked","blocked","blocked","required","open-review","unresolved-licence-scope,additional-notice-terms-scope-review"
"140364960f6a0414927070673e445645fd35a1ffa3026448e06d32a063a621d6","deb","libgprofng0","2.44-3","1","hermes","","blocked","blocked","blocked","required","open-review","unresolved-licence-scope"
"28573212449420d3a81d07db98317ec04a0d4144c27154d056fb8fc488889815","deb","libgraphite2-3","1.3.14-2+deb13u1","1","hermes","Artistic | GPL-1.0-only | GPL-1.0-or-later | GPL-2.0-only | GPL-2.0-or-later | LGPL-2.1-only | LGPL-2.1-or-later | MPL-1.1 | custom-sil-open-font-license | public-domain","blocked","blocked","blocked","required","open-review","unresolved-licence-scope,additional-notice-terms-scope-review"
"7036967e0b988bc69c52b59b080614e4b79f77f434125fdc32d69557769908f2","deb","libgsm1","1.0.22-1+b2","1","hermes","TU-Berlin-2.0","blocked","blocked","blocked","required","open-review","unresolved-licence-scope,additional-notice-terms-scope-review"
"46b2dfc428ce2426f57688af18d0305adeffe4564153547c337394db22666f41","deb","libgssapi-krb5-2","1.21.3-5+deb13u1","1","hermes","","blocked","blocked","blocked","required","open-review","unresolved-licence-scope,additional-notice-terms-scope-review"
"b46ddb73c401a6561cc9f7d9878bb6ae44ea751a01f7585e16f631a6caa630c6","deb","libharfbuzz0b","10.2.0-1+deb13u1","1","hermes","Apache-2.0 | CC0-1.0 | FSFAP | FSFUL | FSFULLR | GPL-2.0-only | GPL-2.0-or-later | GPL-3.0-only | GPL-3.0-or-later | ISC | LGPL-2.1-only | LGPL-2.1-or-later | MIT | Monotype | OFL-1.1 | UFL-1.0 | Unicode","blocked","blocked","blocked","required","open-review","unresolved-licence-scope,additional-notice-terms-scope-review"
"20b58233f646d5b3645d43e20eaa7521b97dda5ab033cbadfbce6b8bf460bd77","deb","libhogweed6t64","3.10.1-1","1","hermes","GAP | GPL | GPL-2.0-only | GPL-2.0-or-later | GPL-3.0-or-later | LGPL | LGPL-2.0-only | LGPL-2.0-or-later | LGPL-3.0-or-later | MIT | public-domain","blocked","blocked","blocked","required","open-review","unresolved-licence-scope,additional-notice-terms-scope-review"
"5bdaec6f7bb2aa98bd44c357dd13f32934f7219c00e79da88c0e6e9ad4722019","deb","libhogweed6t64","3.10.1-1","2","memory-v4,reference-application","GAP | GPL | GPL-2.0-only | GPL-2.0-or-later | GPL-3.0-or-later | LGPL | LGPL-2.0-only | LGPL-2.0-or-later | LGPL-3.0-or-later | MIT | public-domain","blocked","blocked","blocked","required","open-review","unresolved-licence-scope,additional-notice-terms-scope-review"
"5d33ff83d0e50e48ec591683792a036862a21926962a8bfab14240a8053eb25f","deb","libhwasan0","14.2.0-19","1","hermes","","blocked","blocked","blocked","required","open-review","unresolved-licence-scope,additional-notice-terms-scope-review"
"1e290c64d3fbccc2b29d04a5af36144252556655c191aa39d2f4395e82fbaacf","deb","libhwy1t64","1.2.0-2+b2","1","hermes","Apache-2.0","not-required","not-required","not-required","required","bounded-decision",""
"43bd11ff3a7daf4f774438349a3dc1110e16e17d5f790edb49e13cc2b3eb4e3f","deb","libice6","2:1.1.1-1","1","hermes","","blocked","blocked","blocked","required","open-review","unresolved-licence-scope,additional-notice-terms-scope-review"
"2f80381ac0af44b157dcdd99f1a93fecbf462a515dc9c8c8f8ca28a6c306b8eb","deb","libidn2-0","2.3.8-2","1","hermes","GPL-2.0-only | GPL-2.0-or-later | GPL-3.0-only | GPL-3.0-or-later | LGPL-3.0-only | LGPL-3.0-or-later | MIT | Unicode","blocked","blocked","blocked","required","open-review","unresolved-licence-scope,additional-notice-terms-scope-review"
"10aa581e863ab09db829966d24ea52309f5674db1347fdcbfdc63d97bef36338","deb","libiec61883-0","1.2.0-7","1","hermes","GPL-2.0-only | GPL-2.0-or-later | LGPL-2.0-only | LGPL-2.0-or-later | LGPL-2.1-only | LGPL-2.1-or-later","required","required","required","required","bounded-decision",""
"98d3a90d8ab564fce8dbf78ad08fd450bfbd5acb6319a31c72fd8f79572006c6","deb","libisl23","0.27-1","1","hermes","BSD-2-Clause-Views | LGPL-2.0-or-later | LGPL-2.1-or-later | MIT","blocked","blocked","blocked","required","open-review","unresolved-licence-scope"
"9342078ea35666c41e20b8e88caf5fa11810f91429c7a76d284f132051346c42","deb","libitm1","14.2.0-19","1","hermes","","blocked","blocked","blocked","required","open-review","unresolved-licence-scope,additional-notice-terms-scope-review"
"20805ad6773045c1c94111405be413283878694c5e2059e9dd1a12852b34e372","deb","libjack-jackd2-0","1.9.22~dfsg-4","1","hermes","BSD-2-Clause | BSD-3-Clause | GPL-2.0-only | GPL-2.0-or-later | LGPL-2.0-only | LGPL-2.0-or-later | LGPL-2.1-only | LGPL-2.1-or-later | MIT","blocked","blocked","blocked","required","open-review","unresolved-licence-scope,additional-notice-terms-scope-review"
"72650c14e5160693540de237efad297f6ef77050a6907bf94e166b92213dc77b","deb","libjansson4","2.14-2+b3","1","hermes","MIT","not-required","not-required","not-required","required","bounded-decision",""
"6a0b0f735aab40abda8410af93ec974c5a39e5c774f5000abd0c2f6aae3d4499","deb","libjbig0","2.1-6.1+b2","1","hermes","GPL-2.0-only | GPL-2.0-or-later","required","required","not-required","required","bounded-decision",""
"a988774fc9af520ca4c3b1933d3b482ee045877e4c77440986b1c74607f8fbc3","deb","libjpeg62-turbo","1:2.1.5-4","1","hermes","BSD-3-Clause | BSD-BY-LC-NE | MIT | NTP | Zlib","blocked","blocked","blocked","required","open-review","unresolved-licence-scope,additional-notice-terms-scope-review"
"560fa875e7943b93403f6f77cee3223b4e935ffa09e1b00fbbf97a2d6e5a2767","deb","libjs-jquery","3.6.1+dfsg+~3.5.14-1","1","hermes","MIT","not-required","not-required","not-required","required","bounded-decision",""
"bf5412be08f6588e85ea1385e386bd306a9ca523011f9674ae89307f14b99561","deb","libjs-sphinxdoc","8.1.3-5","1","hermes","BSD-2-Clause | BSD-3-Clause | MIT","not-required","not-required","not-required","required","bounded-decision",""
"3ea3ebf550a290a753a2c82eb80e8522a6e3fdb883b7192765f325d996d7e411","deb","libjs-underscore","1.13.4~dfsg+~1.11.4-3","1","hermes","BSD-3-Clause | GPL-3.0-only | GPL-3.0-or-later | MIT","required","required","not-required","required","bounded-decision",""
"57488432056ea26bd17eaa8df8f131f68c37e78f9f11edf167aab9f91f36446d","deb","libjsoncpp26","1.9.6-3","1","hermes","GPL-3.0-only | GPL-3.0-or-later","blocked","blocked","blocked","required","open-review","unresolved-licence-scope,additional-notice-terms-scope-review"
"23da12e8db16015cb447b34b1cdd7113d1c09151db4dbbf0cde402faa5dc3395","deb","libjxl0.11","0.11.2-0.1~deb13u2","1","hermes","BSD-3-clause-Google | ISC-License","blocked","blocked","blocked","required","open-review","unresolved-licence-scope,additional-notice-terms-scope-review"
"1a9749da3b2162d0c8f18467a62ab7e68b360851caff64294a418067baf8f4a7","deb","libk5crypto3","1.21.3-5+deb13u1","1","hermes","","blocked","blocked","blocked","required","open-review","unresolved-licence-scope,additional-notice-terms-scope-review"
"73be58a458e258509586916c7aa2748fbf1ecc09648b3f15bee3fa9c7c52778a","deb","libkeyutils1","1.6.3-6","1","hermes","GPL-2.0-only | GPL-2.0-or-later | LGPL-2.0-only | LGPL-2.0-or-later","required","required","required","required","bounded-decision",""
"257982e7d7924d3723fe379d4f010d3d2941745b7a841056130783d3e9eefcc1","deb","libkrb5-3","1.21.3-5+deb13u1","1","hermes","","blocked","blocked","blocked","required","open-review","unresolved-licence-scope,additional-notice-terms-scope-review"
"fe8685c0c090f3c89aa240fec70b4de9a9e3da646735dee7a7b4e2f5666e416e","deb","libkrb5support0","1.21.3-5+deb13u1","1","hermes","","blocked","blocked","blocked","required","open-review","unresolved-licence-scope,additional-notice-terms-scope-review"
"264d64ceea4b791b376ae807f56f6c68417993da14aa4759efca5ad2ba96a10d","deb","liblapack3","3.12.1-6","1","hermes","BSD-3-Clause | BSD-3-clause-intel","blocked","blocked","blocked","required","open-review","unresolved-licence-scope,additional-notice-terms-scope-review"
"de6a7a10b4d08e730ae16dd67131ef3cd8cbae88849115fe443f4984fc14e029","deb","liblastlog2-2","2.41-5","1","hermes","BSD-2-Clause | BSD-3-Clause | BSD-4-Clause | BSLA | GPL-2.0-only | GPL-2.0-or-later | GPL-3.0-only | GPL-3.0-or-later | ISC | LGPL | LGPL-2.0-only | LGPL-2.0-or-later | LGPL-2.1-only | LGPL-2.1-or-later | LGPL-3.0-only | LGPL-3.0-or-later | MIT | public-domain","blocked","blocked","blocked","required","open-review","unresolved-licence-scope,additional-notice-terms-scope-review"
"885e54c83dd10b89ac797bbfc7fbe2b7be10dd9f6b44fed3748fdbe8f8b79383","deb","liblastlog2-2","2.41.5-0+deb13u1","2","memory-v4,reference-application","BSD-2-Clause | BSD-3-Clause | BSD-4-Clause | BSLA | GPL-2.0-only | GPL-2.0-or-later | GPL-3.0-only | GPL-3.0-or-later | ISC | LGPL | LGPL-2.0-only | LGPL-2.0-or-later | LGPL-2.1-only | LGPL-2.1-or-later | LGPL-3.0-only | LGPL-3.0-or-later | MIT | public-domain","blocked","blocked","blocked","required","open-review","unresolved-licence-scope,additional-notice-terms-scope-review"
"acf7e0e68ad16aff64437338061f462563dca9a42813447a66a8ab379bbfd9af","deb","liblcms2-2","2.16-2+deb13u2","1","hermes","GPL-2.0-only | GPL-2.0-or-later | GPL-3.0-only | IJG | MIT","blocked","blocked","blocked","required","open-review","unresolved-licence-scope,additional-notice-terms-scope-review"
"d68a9a259d7c765765b8d2f93d92a6cc540bf56edf7f7cf41d53d2808d3d3b6f","deb","libldap2","2.6.10+dfsg-1","1","hermes","BSD-3-Clause | BSD-3-clause-California | BSD-3-clause-variant | BSD-4-clause-California | Beerware | Expat-ISC | Expat-UNM | F5 | FSF-unlimited | GPL-2.0-only | GPL-2.0-or-later | GPL-3.0-only | GPL-3.0-or-later | JCG | MIT | MIT-XC | NeoSoft-permissive | OpenLDAP-2.8 | UMich | public-domain","blocked","blocked","blocked","required","open-review","unresolved-licence-scope,additional-notice-terms-scope-review"
"fad001604aa351cf6a13a9054b38cf89bfb82c895fee94888758dee2dada7b4c","deb","liblerc4","4.0.0+ds-5","1","hermes","Apache-2.0","not-required","not-required","not-required","required","bounded-decision",""
"4e2706fe83dbba0801f2b95ff29043cdb5300242aa925ff22426ad1c69606522","deb","liblilv-0-0","0.24.26-1","1","hermes","0BSD | ISC","not-required","not-required","not-required","required","bounded-decision",""
"534d0e54f4dc0c4acd5640f5b618121f4f7e9e60b8ed4efae6c8e4d83ce5f2c9","deb","libllvm19","1:19.1.7-3+b1","1","hermes","APACHE-2-LLVM-EXCEPTIONS | Apache-2.0 | BSD-3-Clause | MIT | Python | solar-public-domain","blocked","blocked","blocked","required","open-review","unresolved-licence-scope,additional-notice-terms-scope-review"
"8ca036f02e319dbe34b71fca6f84552b9f1afcbb8b0f07ede28215a4d425e3ac","deb","liblsan0","14.2.0-19","1","hermes","","blocked","blocked","blocked","required","open-review","unresolved-licence-scope,additional-notice-terms-scope-review"
"45a15753fea255a9f13e1fbf9fc7ec178cba92d02f78a0bc454e75578ed45966","deb","liblz4-1","1.10.0-4","2","memory-v4,reference-application","BSD-2-Clause | GPL-2.0-only | GPL-2.0-or-later","required","required","not-required","required","bounded-decision",""
"8db94a4f628adac9d20f4cb908d738dca4b78966cc45ff452d35e51a75c171cc","deb","liblz4-1","1.10.0-4","1","hermes","BSD-2-Clause | GPL-2.0-only | GPL-2.0-or-later","required","required","not-required","required","bounded-decision",""
"0b1a49385b25866ded8150e46cfd55af6d99684b8d9a5898a976a415597fb94a","deb","liblzma5","5.8.1-1+deb13u1","1","hermes","0BSD | FSFUL | FSFULLR | GPL-2.0-only | GPL-2.0-or-later | GPL-3.0-only | GPL-3.0-or-later-WITH-Autoconf-exception-macro | LGPL-2.1-only | LGPL-2.1-or-later | PD | PD-debian | noderivs | permissive-nowarranty","blocked","blocked","blocked","required","open-review","unresolved-licence-scope,additional-notice-terms-scope-review"
"5c4f76d15178f3093d9b6f1431fde5531cb8d273ee75d7faf7eae8e66c9e16eb","deb","liblzma5","5.8.1-1+deb13u1","2","memory-v4,reference-application","0BSD | FSFUL | FSFULLR | GPL-2.0-only | GPL-2.0-or-later | GPL-3.0-only | GPL-3.0-or-later-WITH-Autoconf-exception-macro | LGPL-2.1-only | LGPL-2.1-or-later | PD | PD-debian | noderivs | permissive-nowarranty","blocked","blocked","blocked","required","open-review","unresolved-licence-scope,additional-notice-terms-scope-review"
"8cc1a7ea22a3196f827ab9f9f19833659e9afd7a79daa0e1e1340cb9d97f9920","deb","libmbedcrypto16","3.6.5-0.1~deb13u1","1","hermes","Apache-2.0 | GPL-2.0-only | GPL-2.0-or-later","required","required","not-required","required","bounded-decision",""
"46cb585988df5b0c334b3707b33007b6e33106fd9654c077e934d31657fe64fd","deb","libmd0","1.1.0-2+b1","2","memory-v4,reference-application","BSD-2-Clause | BSD-2-clause-NetBSD | BSD-3-Clause | BSD-3-clause-Aaron-D-Gifford | Beerware | ISC | public-domain-md4 | public-domain-md5 | public-domain-sha1","blocked","blocked","blocked","required","open-review","unresolved-licence-scope,additional-notice-terms-scope-review"
"977889d334fb54a0a5be005eaf74adab375102a65be99a2f894de376db0c3de4","deb","libmd0","1.1.0-2+b1","1","hermes","BSD-2-Clause | BSD-2-clause-NetBSD | BSD-3-Clause | BSD-3-clause-Aaron-D-Gifford | Beerware | ISC | public-domain-md4 | public-domain-md5 | public-domain-sha1","blocked","blocked","blocked","required","open-review","unresolved-licence-scope,additional-notice-terms-scope-review"
"2975e6d3d699bf7d5a8153c449b07063991ad955af9742656e933b58761b6810","deb","libmount1","2.41-5","1","hermes","BSD-2-Clause | BSD-3-Clause | BSD-4-Clause | BSLA | GPL-2.0-only | GPL-2.0-or-later | GPL-3.0-only | GPL-3.0-or-later | ISC | LGPL | LGPL-2.0-only | LGPL-2.0-or-later | LGPL-2.1-only | LGPL-2.1-or-later | LGPL-3.0-only | LGPL-3.0-or-later | MIT | public-domain","blocked","blocked","blocked","required","open-review","unresolved-licence-scope,additional-notice-terms-scope-review"
"a3b79e3886f33ef76de2e083221a1958f1f64d1a488c1d5937134634fabd06de","deb","libmount1","2.41.5-0+deb13u1","2","memory-v4,reference-application","BSD-2-Clause | BSD-3-Clause | BSD-4-Clause | BSLA | GPL-2.0-only | GPL-2.0-or-later | GPL-3.0-only | GPL-3.0-or-later | ISC | LGPL | LGPL-2.0-only | LGPL-2.0-or-later | LGPL-2.1-only | LGPL-2.1-or-later | LGPL-3.0-only | LGPL-3.0-or-later | MIT | public-domain","blocked","blocked","blocked","required","open-review","unresolved-licence-scope,additional-notice-terms-scope-review"
"1503f7271eed4870d017bc6dec3e83b36638c952bbba539ef0008ee124473a87","deb","libmp3lame0","3.100-6+b3","1","hermes","BSD-3-Clause | GPL-1.0-only | GPL-1.0-or-later | LGPL-2.0-only | LGPL-2.0-or-later | LGPL-2.1-only | LGPL-2.1-or-later","blocked","blocked","blocked","required","open-review","unresolved-licence-scope,additional-notice-terms-scope-review"
"c9501943b010882aa40a2d2edbc930cc2fc20a03893a1215a78f2b483461a4f7","deb","libmpc3","1.3.1-1+b3","1","hermes","","blocked","blocked","blocked","required","open-review","unresolved-licence-scope"
"f888b3894d5f5a917d8c4b59978948fa1d51bf010c6f4fe330f4b7ab62a53428","deb","libmpfr6","4.2.2-1","1","hermes","","blocked","blocked","blocked","required","open-review","unresolved-licence-scope"
"0868dd971605c360636dc53e30348ab2b9b8ae22af5d44f914b2cc67c648cac7","deb","libmpg123-0t64","1.32.10-1+deb13u1","1","hermes","LGPL-2.1-only","required","required","required","required","bounded-decision",""
"e9a384c3672eff7a976126f905f11c13d83eab0300cfa2225d855905bf211cad","deb","libmysofa1","1.3.3+dfsg-1","1","hermes","BSD-3-Clause | CC-BY-4.0 | CC-BY-SA-3.0 | cipic | listen-ircam | mit-kemar | public-domain","blocked","blocked","blocked","required","open-review","unresolved-licence-scope,additional-notice-terms-scope-review"
"405044006e3c880fb82d9c50bcdbd1f5287b4af0b5db282987feef3f424e2638","deb","libncursesw6","6.5+20250216-2","1","hermes","BSD-3-Clause | X11","blocked","blocked","blocked","required","open-review","unresolved-licence-scope,additional-notice-terms-scope-review"
"764fc8b0a9131c4bac9eaed7104cefdacb5c40cbcfe53baafb5d40be27c8f0a7","deb","libncursesw6","6.5+20250216-2","2","memory-v4,reference-application","BSD-3-Clause | X11","blocked","blocked","blocked","required","open-review","unresolved-licence-scope,additional-notice-terms-scope-review"
"38cfd9fe6bfaf091adf43bd08d6700e91c9215d639c8a97b0bd0b5c69f970071","deb","libnettle8t64","3.10.1-1","1","hermes","GAP | GPL | GPL-2.0-only | GPL-2.0-or-later | GPL-3.0-or-later | LGPL | LGPL-2.0-only | LGPL-2.0-or-later | LGPL-3.0-or-later | MIT | public-domain","blocked","blocked","blocked","required","open-review","unresolved-licence-scope,additional-notice-terms-scope-review"
"e6a112cefccb6db3eb530f71afabbc1df759f75b6625a6cbed4e9fa096597b21","deb","libnettle8t64","3.10.1-1","2","memory-v4,reference-application","GAP | GPL | GPL-2.0-only | GPL-2.0-or-later | GPL-3.0-or-later | LGPL | LGPL-2.0-only | LGPL-2.0-or-later | LGPL-3.0-or-later | MIT | public-domain","blocked","blocked","blocked","required","open-review","unresolved-licence-scope,additional-notice-terms-scope-review"
"a97dc700b7087d28a8db3d1c736ba3dfcb40df8ddeab8f47fd7ca7afea2cb25e","deb","libnghttp2-14","1.64.0-1.1+deb13u1","1","hermes","BSD-2-Clause | GPL-3.0-only | GPL-3.0-or-later | MIT | all-permissive","blocked","blocked","blocked","required","open-review","unresolved-licence-scope,additional-notice-terms-scope-review"
"72cda87c953b845c24c94aa1a53b0856f1c20407468c51873695cf62f1743a96","deb","libnghttp3-9","1.8.0-1","1","hermes","FSFAP | FSFUL | FSFULLR | GPL-2.0-only | GPL-2.0-or-later | GPL-3.0-only | GPL-3.0-or-later | MIT","required","required","blocked","required","open-review","additional-notice-terms-scope-review"
"52d9a453c272d37796b1bd35d7caba52b14790d3db77f2b71e45a72281986be1","deb","libngtcp2-16","1.11.0-1+deb13u1","1","hermes","FSFAP | FSFUL | FSFULLR | GPL-2.0-only | GPL-2.0-or-later | GPL-3.0-only | GPL-3.0-or-later | MIT","required","required","blocked","required","open-review","additional-notice-terms-scope-review"
"dc0b7048d1a9eb237c43becb8ca53408ae74b72c2728959fb7739204f8892705","deb","libngtcp2-crypto-gnutls8","1.11.0-1+deb13u1","1","hermes","FSFAP | FSFUL | FSFULLR | GPL-2.0-only | GPL-2.0-or-later | GPL-3.0-only | GPL-3.0-or-later | MIT","required","required","blocked","required","open-review","additional-notice-terms-scope-review"
"bcebbd52eea899afa8c13ad8590def627f684cf8d8054ccd1b7ae1b2c7923aed","deb","libnorm1t64","1.5.9+dfsg-3.1+b2","1","hermes","BSD-2-Clause | BSD-3-Clause | BSD-4-clause-UC | NRL-2-clause | NRL-3-clause","blocked","blocked","blocked","required","open-review","unresolved-licence-scope,additional-notice-terms-scope-review"
"3fb424a7fa695447575fe19de779b459bb4955ec56773dfe352f5ea6b56d65d3","deb","libnspr4","2:4.36-1","1","hermes","MPL-2.0","required","not-required","not-required","required","bounded-decision",""
"a8fb46e5f37a5b0507c375701171e4659b225a6aec13d131cb4358300ec62e7b","deb","libnss3","2:3.110-1+deb13u4","1","hermes","BSD-3-Clause | MPL-2.0 | Zlib | public-domain","blocked","blocked","blocked","required","open-review","unresolved-licence-scope,additional-notice-terms-scope-review"
"14567ec5d62605b2ff9b16caeed2799c021822fc588727f94a9e05e2f538bc07","deb","libnuma1","2.0.19-1","1","hermes","","blocked","blocked","blocked","required","open-review","unresolved-licence-scope"
"54a30a575c7dd85d6e05ca69917a5d714fa227ddc854022fde0d52b87eb2e445","deb","libogg0","1.3.5-3+b2","1","hermes","BSD-3-Clause | rfc3533-license | rfc5334-license","blocked","blocked","blocked","required","open-review","unresolved-licence-scope"
"b4bf2f0d05c20de887e89bcfe2097ff58790b0777ad7fe8ac2e8f829c5417f8a","deb","libolm-dev","3.2.16+dfsg-3","1","hermes","Apache-2.0 | BSD-3-Clause | GPL-3.0-only | GPL-3.0-or-later | ISC | MIT | public-domain","blocked","blocked","blocked","required","open-review","unresolved-licence-scope,additional-notice-terms-scope-review"
"5c525a667484b5f984e277dbde11d9da5c4845dc2385a6c5e270c58ce98e8be6","deb","libolm3","3.2.16+dfsg-3","1","hermes","Apache-2.0 | BSD-3-Clause | GPL-3.0-only | GPL-3.0-or-later | ISC | MIT | public-domain","blocked","blocked","blocked","required","open-review","unresolved-licence-scope,additional-notice-terms-scope-review"
"c333f8b5adaedccdc2e45dc43d6396c9433cd966b12c6142c87d009018504df4","deb","libopenal-data","1:1.24.2-1","1","hermes","Apache-2.0 | BSD-3-Clause | GPL-2.0-or-later | GPL-3.0-only | GPL-3.0-or-later | LGPL-2.0-or-later | MIT","required","required","required","required","bounded-decision",""
"f9817266b632aeec674e428ea4d459f66d69f407622e9b85deddf316218fca5e","deb","libopenal1","1:1.24.2-1","1","hermes","Apache-2.0 | BSD-3-Clause | GPL-2.0-or-later | GPL-3.0-only | GPL-3.0-or-later | LGPL-2.0-or-later | MIT","required","required","required","required","bounded-decision",""
"acb43e7e190b92aad5fb78ad19598d10de5a8564180c3ef09997f68c73377afc","deb","libopenjp2-7","2.5.3-2.1~deb13u2","1","hermes","BSD-2-Clause | BSD-3-Clause | LIBPNG | LIBTIFF | LIBTIFF-GLARSON | LIBTIFF-PIXAR | MIT | Zlib","blocked","blocked","blocked","required","open-review","unresolved-licence-scope,additional-notice-terms-scope-review"
"fe806db5a7d8e251c38fde4140e1dae4ec7545ccc25ac89603bb258287d71fa9","deb","libopenmpt0t64","0.7.13-1+b1","1","hermes","BSD-3-Clause | BSL-1.0 | GNU-All-Permissive-License | GNU-All-Permissive-License-FSF | GPL-2.0-only | GPL-2.0-or-later | GPL-3.0-only | GPL-3.0-or-later | X11","blocked","blocked","blocked","required","open-review","unresolved-licence-scope,additional-notice-terms-scope-review"
"a7ec204772c156ca2c7b9de212cd792b76d26529e95726c54bcae5f317999cda","deb","libopus0","1.5.2-2","1","hermes","BSD-2-Clause | BSD-3-Clause","not-required","not-required","not-required","required","bounded-decision",""
"a6ec32a48da42d47eabb1b70cb80cc42acda67590bf1c7fca812603a09024c6e","deb","libp11-kit0","0.25.5-3","1","hermes","Apache-2.0 | BSD-3-Clause | FSFAP | FSFULLR | GPL-2.0-or-later | GPL-3.0-or-later | ISC | LGPL-2.1-only | LGPL-2.1-or-later | X11 | customFSFUL | customFSFULLRWD","blocked","blocked","blocked","required","open-review","unresolved-licence-scope,additional-notice-terms-scope-review"
"3b924d8ae82380083736e27405203c41ac5ffbd3c492797c88e6094ed960654c","deb","libpam-modules","1.7.0-5","2","memory-v4,reference-application","BSD-3-Clause | Beerware | GPL-1.0-only | GPL-2.0-only | GPL-2.0-or-later | GPL-3.0-only | GPL-3.0-or-later | LGPL-2.0-only | LGPL-2.0-or-later | public-domain","blocked","blocked","blocked","required","open-review","unresolved-licence-scope,additional-notice-terms-scope-review"
"b116b33ec560e28b8ea3a4914e8cdfd36422883f1764c0c90dfd9c7e0644a966","deb","libpam-modules","1.7.0-5","1","hermes","BSD-3-Clause | Beerware | GPL-1.0-only | GPL-2.0-only | GPL-2.0-or-later | GPL-3.0-only | GPL-3.0-or-later | LGPL-2.0-only | LGPL-2.0-or-later | public-domain","blocked","blocked","blocked","required","open-review","unresolved-licence-scope,additional-notice-terms-scope-review"
"4891cad741cd06cfbb5958c1c8b19f46ff4d95c33b7cc4e5ff49c738216a0755","deb","libpam-modules-bin","1.7.0-5","1","hermes","BSD-3-Clause | Beerware | GPL-1.0-only | GPL-2.0-only | GPL-2.0-or-later | GPL-3.0-only | GPL-3.0-or-later | LGPL-2.0-only | LGPL-2.0-or-later | public-domain","blocked","blocked","blocked","required","open-review","unresolved-licence-scope,additional-notice-terms-scope-review"
"e27a1e680978b8bf8a1a8784ad896b7262c1d83041f33684801123e35422a02a","deb","libpam-modules-bin","1.7.0-5","2","memory-v4,reference-application","BSD-3-Clause | Beerware | GPL-1.0-only | GPL-2.0-only | GPL-2.0-or-later | GPL-3.0-only | GPL-3.0-or-later | LGPL-2.0-only | LGPL-2.0-or-later | public-domain","blocked","blocked","blocked","required","open-review","unresolved-licence-scope,additional-notice-terms-scope-review"
"2d675e1cd683bc8cbb1868b6f944d0aec2fdb1c9bb50087499413e4a176aa5ec","deb","libpam-runtime","1.7.0-5","1","hermes","BSD-3-Clause | Beerware | GPL-1.0-only | GPL-2.0-only | GPL-2.0-or-later | GPL-3.0-only | GPL-3.0-or-later | LGPL-2.0-only | LGPL-2.0-or-later | public-domain","blocked","blocked","blocked","required","open-review","unresolved-licence-scope,additional-notice-terms-scope-review"
"ade0548a3628b2d5909bbc2e50c36d07335a23a8c3e41e87b25036c6b56e30af","deb","libpam-runtime","1.7.0-5","2","memory-v4,reference-application","BSD-3-Clause | Beerware | GPL-1.0-only | GPL-2.0-only | GPL-2.0-or-later | GPL-3.0-only | GPL-3.0-or-later | LGPL-2.0-only | LGPL-2.0-or-later | public-domain","blocked","blocked","blocked","required","open-review","unresolved-licence-scope,additional-notice-terms-scope-review"
"6993a8ea87b71da67aaf919ec6696b92da86a5419e9c42da7d5fc763d2f5afea","deb","libpam0g","1.7.0-5","1","hermes","BSD-3-Clause | Beerware | GPL-1.0-only | GPL-2.0-only | GPL-2.0-or-later | GPL-3.0-only | GPL-3.0-or-later | LGPL-2.0-only | LGPL-2.0-or-later | public-domain","blocked","blocked","blocked","required","open-review","unresolved-licence-scope,additional-notice-terms-scope-review"
"8957844bab21155a21bd488d2878667be5b2a1b07b6113ca053d93d8b27e460c","deb","libpam0g","1.7.0-5","2","memory-v4,reference-application","BSD-3-Clause | Beerware | GPL-1.0-only | GPL-2.0-only | GPL-2.0-or-later | GPL-3.0-only | GPL-3.0-or-later | LGPL-2.0-only | LGPL-2.0-or-later | public-domain","blocked","blocked","blocked","required","open-review","unresolved-licence-scope,additional-notice-terms-scope-review"
"fccccf859a9b8a7fa705901e44ffa3347cd26d91be79845789159acb7bf40e04","deb","libpango-1.0-0","1.56.3-1","1","hermes","Apache-2.0 | Bitstream-Vera | Chromium-BSD-style | Example | ICU | LGPL-2.0-only | LGPL-2.0-or-later | LGPL-2.1-only | LGPL-2.1-or-later | OFL-1.1 | TCL | Unicode","blocked","blocked","blocked","required","open-review","unresolved-licence-scope,additional-notice-terms-scope-review"
"122b7803daf0d835a28fe860a82da97cf9e17ba9db2affc6d7642b5ee0189e35","deb","libpangocairo-1.0-0","1.56.3-1","1","hermes","Apache-2.0 | Bitstream-Vera | Chromium-BSD-style | Example | ICU | LGPL-2.0-only | LGPL-2.0-or-later | LGPL-2.1-only | LGPL-2.1-or-later | OFL-1.1 | TCL | Unicode","blocked","blocked","blocked","required","open-review","unresolved-licence-scope,additional-notice-terms-scope-review"
"6f0a89caddd53cf3b77f2a16e7a5f53f52774699c28626ff210857411d61d8fb","deb","libpangoft2-1.0-0","1.56.3-1","1","hermes","Apache-2.0 | Bitstream-Vera | Chromium-BSD-style | Example | ICU | LGPL-2.0-only | LGPL-2.0-or-later | LGPL-2.1-only | LGPL-2.1-or-later | OFL-1.1 | TCL | Unicode","blocked","blocked","blocked","required","open-review","unresolved-licence-scope,additional-notice-terms-scope-review"
"7df0f49aef8825bbb48ca1094f59193e2b5b30f06ccbdc93cd1f0c247f2e770f","deb","libpciaccess0","0.17-3+b3","1","hermes","","blocked","blocked","blocked","required","open-review","unresolved-licence-scope,additional-notice-terms-scope-review"
"272c9064a119e250ec56d6f7d7f82e45b0943f406e853a9b00d32b0e4d5e1380","deb","libpcre2-8-0","10.46-1~deb13u1","1","hermes","BSD-2-Clause | BSD-3-Clause | BSD-3-clause-Cambridge | X11 | public-domain","blocked","blocked","blocked","required","open-review","unresolved-licence-scope,additional-notice-terms-scope-review"
"8318d19d7aa7ace2edc6e385d0cf039a26bb3ee941ce9453078fb54975ac8e1e","deb","libpcre2-8-0","10.46-1~deb13u1","2","memory-v4,reference-application","BSD-2-Clause | BSD-3-Clause | BSD-3-clause-Cambridge | X11 | public-domain","blocked","blocked","blocked","required","open-review","unresolved-licence-scope,additional-notice-terms-scope-review"
"4feb1b7ed10a53aab4fa8741cb78a31c1b64b3ac73ef8a46c01907736db04ffb","deb","libperl5.40","5.40.1-6","1","hermes","Artistic | Artistic-2 | Artistic-dist | BSD-3-Clause | BSD-3-clause-GENERIC | BSD-3-clause-with-weird-numbering | BSD-4-clause-POWERDOG | BZIP | DONT-CHANGE-THE-GPL | FSFAP | GPL-1.0-only | GPL-1.0-or-later | GPL-2.0-only | GPL-2.0-or-later | GPL-3+-WITH-BISON-EXCEPTION | LGPL-2.1-only | MIT | REGCOMP | SDBM-PUBLIC-DOMAIN | TEXT-TABS | Unicode | Zlib","blocked","blocked","blocked","required","open-review","unresolved-licence-scope,additional-notice-terms-scope-review"
"92720e7715147c9e9fa042d9d3ecd45120298a261cf67a2bb47fe1c77a21f9f2","deb","libpgm-5.3-0t64","5.3.128~dfsg-2.1+b1","1","hermes","BSD-3-Clause | ISC | LGPL-2.0-only | LGPL-2.0-or-later | LGPL-2.1-only","required","required","required","required","bounded-decision",""
"477beb7443194667d3d92749809797c0a8ae30d03eebd5ffa23342ebdd65d37a","deb","libpixman-1-0","0.44.0-3","1","hermes","","blocked","blocked","blocked","required","open-review","unresolved-licence-scope,additional-notice-terms-scope-review"
"f41e68560d9eb7136da87a0f17e1c0ddae5a28e8b3fe7a23bedb6b52ccf2d6e3","deb","libpkgconf3","1.8.1-4","1","hermes","BSD-2-Clause | BSD-4-Clause | GPL-2.0-only | GPL-2.0-or-later | ISC | X11","required","required","blocked","required","open-review","additional-notice-terms-scope-review"
"bd6b8705cf941736352b36b45a4c9c29d2468594d295a3b1df6ed63b7081d57d","deb","libplacebo349","7.349.0-3","1","hermes","CC0-1.0 | LGPL-2.1-only | LGPL-2.1-or-later | MIT | Zlib","required","required","required","required","bounded-decision",""
"a9adf8d13f863ce032f3fa54290ab086b5a079e1f726ff504186dc1153e65460","deb","libpng16-16t64","1.6.48-1+deb13u5","1","hermes","Apache-2.0 | BSD-3-Clause | BSD-like-with-advertising-clause | GPL-2.0-only | GPL-2.0-or-later | MIT | libpng","blocked","blocked","blocked","required","open-review","unresolved-licence-scope,additional-notice-terms-scope-review"
"c4bb85eac699370466c57adef62073f634df45f3dfd33c4612e26e9f0532925d","deb","libpocketsphinx3","0.8+5prealpha+1-15+b4","1","hermes","BSD-2-Clause | BSD-3-Clause | GPL-2.0-only | GPL-2.0-or-later","required","required","not-required","required","bounded-decision",""
"2c7d817e4c2d0c9c036206ce1a87e1b205092c01242e140334fbcd50a4d9857d","deb","libpostproc58","7:7.1.5-0+deb13u1","1","hermes","BSD-1-Clause | BSD-2-Clause | BSD-3-Clause | BSL-1.0 | GPL-2.0-only | GPL-2.0-or-later | GPL-3.0-only | GPL-3.0-or-later | IJG | ISC | LGPL-2.0-or-later | LGPL-2.1-only | LGPL-2.1-or-later | MIT | Sundry | Zlib | man-page | public-domain","blocked","blocked","blocked","required","open-review","unresolved-licence-scope,additional-notice-terms-scope-review"
"d0ef3efded8d2e0bab8bbc53ed1f2f9e794426471b169495554f2e1cf893387f","deb","libproc2-0","2:4.0.4-9","1","hermes","GPL-2.0-only | GPL-2.0-or-later | LGPL-2.0-only | LGPL-2.0-or-later | LGPL-2.1-only | LGPL-2.1-or-later","required","required","required","required","bounded-decision",""
"d66ac4371c817f361eecddc06c51b46b8154787e4ef9a31b51fd4d928fcc12f2","deb","libpsl5t64","0.21.2-1.1+b1","1","hermes","Chromium | MIT | gnulib","blocked","blocked","blocked","required","open-review","unresolved-licence-scope,additional-notice-terms-scope-review"
"b8dd1de0f3aa716406e3d806ec0ca7c827e2451f782dcfd804fa3ae08b780516","deb","libpulse0","17.0+dfsg1-2+b1","1","hermes","GPL-2.0-only | GPL-2.0-or-later | LGPL-2.0-only | LGPL-2.0-or-later | LGPL-2.1-only | LGPL-2.1-or-later | other","blocked","blocked","blocked","required","open-review","unresolved-licence-scope,additional-notice-terms-scope-review"
"b9bbb1055ce9732b0e856fbfa7d0981f2b5d6632ffb90ce2a9a9ed94ae588377","deb","libpython3-dev","3.13.5-1","1","hermes","","blocked","blocked","blocked","required","open-review","unresolved-licence-scope,additional-notice-terms-scope-review"
"a4e050176e21e053d5ad0c627dc0cc69364486161e57c1850346f2c4230f4004","deb","libpython3-stdlib","3.13.5-1","1","hermes","","blocked","blocked","blocked","required","open-review","unresolved-licence-scope,additional-notice-terms-scope-review"
"7d4e078c09c6f0dd04f07fbaa7369a790bae120a4c63f120ee0908b93e327f89","deb","libpython3.13","3.13.5-2+deb13u4","1","hermes","","blocked","blocked","blocked","required","open-review","unresolved-licence-scope,additional-notice-terms-scope-review"
"9dcc0ec2183e5c6f0e92718b5e70f2df904e30f01e06d8b185d4e4da26e98e1b","deb","libpython3.13-dev","3.13.5-2+deb13u4","1","hermes","","blocked","blocked","blocked","required","open-review","unresolved-licence-scope,additional-notice-terms-scope-review"
"3c8a9fc9414595bd2acb7505248e976d4e80299e0f20985471190e5f3a32a676","deb","libpython3.13-minimal","3.13.5-2+deb13u4","1","hermes","","blocked","blocked","blocked","required","open-review","unresolved-licence-scope,additional-notice-terms-scope-review"
"40e9194b4011181448f6dbee3fbb3f00e4de632ee8bde9ba2eae6384ad65d4b0","deb","libpython3.13-stdlib","3.13.5-2+deb13u4","1","hermes","","blocked","blocked","blocked","required","open-review","unresolved-licence-scope,additional-notice-terms-scope-review"
"efdde022a2ea5cbd04754ca24fe53023356d076930c67cc90bf4e3d22f475a0d","deb","libquadmath0","14.2.0-19","1","hermes","","blocked","blocked","blocked","required","open-review","unresolved-licence-scope,additional-notice-terms-scope-review"
"cdd308f234134c9e780f88fc0112c0711b853182116dd014bb3e7dc1861d7819","deb","librabbitmq4","0.15.0-1+deb13u1","1","hermes","MIT","not-required","not-required","not-required","required","bounded-decision",""
"f4002739cd9dd45fd835537d321868b769b0ae383a729a25107da5ac5971afd6","deb","librav1e0.7","0.7.1-9+b2","1","hermes","BSD-2-Clause | ISC","blocked","blocked","blocked","required","open-review","additional-notice-terms-scope-review"
"d044719a3ad908c9fd56f7c303b5d03e91d1405ec566435d63665c2c7959ac8e","deb","libraw1394-11","2.1.2-2+b2","1","hermes","","blocked","blocked","blocked","required","open-review","unresolved-licence-scope,additional-notice-terms-scope-review"
"04708bce38f72fbaf9e5528c1eb8587ff98c77367c132bef8f848303c3cd4ed9","deb","libreadline8t64","8.2-6","2","memory-v4,reference-application","GFDL | GFDL-NIV-1.3+ | GPL-2.0-only | GPL-2.0-or-later | GPL-3.0-only | GPL-3.0-or-later | ISC-no-attribution","blocked","blocked","blocked","required","open-review","unresolved-licence-scope,additional-notice-terms-scope-review"
"caced4ac92c2e4648b218f1f95cb16e4c11322cd69642aecb4fc635967d3505f","deb","libreadline8t64","8.2-6","1","hermes","GFDL | GFDL-NIV-1.3+ | GPL-2.0-only | GPL-2.0-or-later | GPL-3.0-only | GPL-3.0-or-later | ISC-no-attribution","blocked","blocked","blocked","required","open-review","unresolved-licence-scope,additional-notice-terms-scope-review"
"518d846c704b50554e8cab2775d9a3e631cec5118d75747f7076a4dcb2601856","deb","librhash1","1.4.5-1","1","hermes","0BSD","not-required","not-required","not-required","required","bounded-decision",""
"908a8b2d4ffffa5cc6e74b36c816863ad7ebc8cf0660e47bafdaddf38df13702","deb","librist4","0.2.11+dfsg-1","1","hermes","BSD-1-Clause | BSD-2-Clause | ISC | public-domain","blocked","blocked","blocked","required","open-review","unresolved-licence-scope,additional-notice-terms-scope-review"
"73f7c1eded4c9912d6ea6ae0a3cf0affa2b6a48b07f123d271702929b191b43c","deb","librsvg2-2","2.60.0+dfsg-1","1","hermes","0BSD | Apache-2.0 | BSD-2-Clause | BSD-3-Clause | BSL-1.0 | CC-zero-waive-1.0-us | FSFAP | LGPL-2.0-only | LGPL-2.0-or-later | MIT | MPL-2.0 | OFL-1.1 | Sun-permissive | Unlicense | Zlib","blocked","blocked","blocked","required","open-review","unresolved-licence-scope,additional-notice-terms-scope-review"
"ecec3e011058d9735960e9b3f0a84728446690f5efc1418b21a0e5f016de8be9","deb","librtmp1","2.4+20151223.gitfa8646d.1-2+b5","1","hermes","","blocked","blocked","blocked","required","open-review","unresolved-licence-scope"
"14f0292f7a0e2cdbe83f19b0ecf01697e4c9aee5b918b45f58192034d96a72c2","deb","librubberband2","3.3.0+dfsg-2+b3","1","hermes","BSD-3-Clause | GPL-2.0-only | GPL-2.0-or-later | MIT | Zlib | other-1","blocked","blocked","blocked","required","open-review","unresolved-licence-scope,additional-notice-terms-scope-review"
"54aaa8396047e7cfe589b313281b5f378ab02a84be61ec4c8e3b59b6d26f677c","deb","libsamplerate0","0.2.2-4+b2","1","hermes","BSD-2-Clause | FSFAP | GPL-2.0-only | GPL-2.0-or-later | GPL-3.0-only | GPL-3.0-or-later","required","required","not-required","required","bounded-decision",""
"b2e6a12fa234a1bab3f42ce9dc6cfeacf6da671bc7b029c634f54e4d7cb49c36","deb","libsasl2-2","2.1.28+dfsg1-9","1","hermes","BSD-2-Clause | BSD-2.2-clause | BSD-3-Clause | BSD-3-Clause-Attribution | BSD-3-clause-JANET | BSD-3-clause-PADL | BSD-4-clause-UC | FSFULLR | GPL-3.0-only | GPL-3.0-or-later | IBM-as-is | MIT-CMU | MIT-Export | MIT-OpenVision | OpenLDAP | RSA-MD","blocked","blocked","blocked","required","open-review","unresolved-licence-scope,additional-notice-terms-scope-review"
"d10d8355784c5daa0126ae9033d556b7a29318b0782d33c261b109d22c17839c","deb","libsasl2-modules-db","2.1.28+dfsg1-9","1","hermes","BSD-2-Clause | BSD-2.2-clause | BSD-3-Clause | BSD-3-Clause-Attribution | BSD-3-clause-JANET | BSD-3-clause-PADL | BSD-4-clause-UC | FSFULLR | GPL-3.0-only | GPL-3.0-or-later | IBM-as-is | MIT-CMU | MIT-Export | MIT-OpenVision | OpenLDAP | RSA-MD","blocked","blocked","blocked","required","open-review","unresolved-licence-scope,additional-notice-terms-scope-review"
"0399bf595b7936630343991f4b33a257d298fec292d5474515300dbd49f6ff36","deb","libsdl2-2.0-0","2.32.4+dfsg-1","1","hermes","Apache-2.0 | BSD-3-Clause | BSD-3-clause-chromium | BSD-3-clause-kitware | Expat-like | GPL-3.0-only | LGPL-2.1-only | LGPL-2.1-or-later | MIT | MIT-open-group | Mozilla-permissive | SGI-Free-Software-License-B | SunPro | hidapi-orig | zlib-libpng-like-permissive","blocked","blocked","blocked","required","open-review","unresolved-licence-scope,additional-notice-terms-scope-review"
"dd6e981e5735e8b1cde6ca7cf3abcd819042e6b2fd8cdf71da7d1871447c3c17","deb","libseccomp2","2.6.0-2","1","hermes","LGPL-2.1-only","required","required","required","required","bounded-decision",""
"f75009f1d4bf7605aabc697af5241547d2572d564bdf02a56b794e2c4387debb","deb","libseccomp2","2.6.0-2","2","memory-v4,reference-application","LGPL-2.1-only","required","required","required","required","bounded-decision",""
"ce93fa44d56445682db3a63bfd95f53cd0c298878e69b6ece738a891db823492","deb","libselinux1","3.8.1-1","1","hermes","GPL-2.0-only | public-domain","blocked","blocked","blocked","required","open-review","unresolved-licence-scope,additional-notice-terms-scope-review"
"e66beb1a9a5043e858b3f2f1f831af91150544c4aa3deb05f7b318a60c27085a","deb","libselinux1","3.8.1-1","2","memory-v4,reference-application","GPL-2.0-only | public-domain","blocked","blocked","blocked","required","open-review","unresolved-licence-scope,additional-notice-terms-scope-review"
"48d7174f2a665662ff0ab7143deb043b88f6a6dc589514e30563b9d1a2e0cafe","deb","libsemanage-common","3.8.1-1","2","memory-v4,reference-application","GPL-2.0-only | LGPL-2.1-only | LGPL-2.1-or-later","required","required","required","required","bounded-decision",""
"4db47e70d81000ddda94892c44d2b1caa0f307987724c1618aa0998cc2adcff6","deb","libsemanage-common","3.8.1-1","1","hermes","GPL-2.0-only | LGPL-2.1-only | LGPL-2.1-or-later","required","required","required","required","bounded-decision",""
"de3d7f073627703f9099ff974ff8fa5005daccdc8a05e007e5942593ab42e2b2","deb","libsemanage2","3.8.1-1","2","memory-v4,reference-application","GPL-2.0-only | LGPL-2.1-only | LGPL-2.1-or-later","required","required","required","required","bounded-decision",""
"e000ad4bc21dacfc3467e86a7926df3d59d2f16434e230917239d3d9ab625a02","deb","libsemanage2","3.8.1-1","1","hermes","GPL-2.0-only | LGPL-2.1-only | LGPL-2.1-or-later","required","required","required","required","bounded-decision",""
"67ba2bc529a11e5a4c8e5cd1a46499d5a24f922fac4acb889ea691237d28b002","deb","libsensors-config","1:3.6.2-2","1","hermes","GPL-2.0-only | GPL-2.0-or-later | LGPL-2.1-only | LGPL-2.1-or-later | Linux-man-pages-copyleft","blocked","blocked","blocked","required","open-review","unresolved-licence-scope"
"02bea40d1732f14907d268f4449f876b9e7e93c0a5d0266822adfe8039390c61","deb","libsensors5","1:3.6.2-2","1","hermes","GPL-2.0-only | GPL-2.0-or-later | LGPL-2.1-only | LGPL-2.1-or-later | Linux-man-pages-copyleft","blocked","blocked","blocked","required","open-review","unresolved-licence-scope"
"8c03f8d90e07195c55fbb33c6d3cb306319293ae198d9d006aa13d010a4a7b9e","deb","libsepol2","3.8.1-1","2","memory-v4,reference-application","GPL-2.0-only | GPL-2.0-or-later | LGPL-2.1-only | LGPL-2.1-or-later | Zlib","required","required","required","required","bounded-decision",""
"f2faa56495f11d8c74d9cdf05e23f37a723a9bee0a36341e956e0deff467c6d0","deb","libsepol2","3.8.1-1","1","hermes","GPL-2.0-only | GPL-2.0-or-later | LGPL-2.1-only | LGPL-2.1-or-later | Zlib","required","required","required","required","bounded-decision",""
"60eaf7cf93b34b073406c41885a8cbb26cbf5639a34b77d776c592a81bb1d23c","deb","libserd-0-0","0.32.4-1","1","hermes","0BSD | BSD-3-Clause | ISC","not-required","not-required","not-required","required","bounded-decision",""
"d944e88b56187e83880cbb7097fe393e80241aed8edc9503132949a15f04ea7c","deb","libsframe1","2.44-3","1","hermes","","blocked","blocked","blocked","required","open-review","unresolved-licence-scope"
"38dc27b791d0a814290682ddb3029510bbf13f02f58047061bc42fcd09432334","deb","libsharpyuv0","1.5.0-0.1","1","hermes","Apache-2.0 | BSD-3-Clause","blocked","blocked","blocked","required","open-review","additional-notice-terms-scope-review"
"ead0201dd23450d7755bb071c1a1f9629c290847a0403df25914cd43e70d6d52","deb","libshine3","3.1.1-2+b2","1","hermes","GPL-2.0-only | GPL-2.0-or-later | LGPL-2.0-only","required","required","required","required","bounded-decision",""
"8cd17684c646c24ae28197dd6719bebf677e98bcd7ac47b70f213c67b5ed1855","deb","libslang2","2.3.3-5+b2","1","hermes","GPL-2.0-only | GPL-2.0-or-later","required","required","not-required","required","bounded-decision",""
"a2e18af815a56eb3db1babcb98748672b2f6e2a3ab5019565546f1920b6f6c5f","deb","libsm6","2:1.2.6-1","1","hermes","","blocked","blocked","blocked","required","open-review","unresolved-licence-scope,additional-notice-terms-scope-review"
"94ff693f104c4ac42945ad1a4e1149b5dd6b9a064ff18eccf811a40f41922e38","deb","libsmartcols1","2.41-5","1","hermes","BSD-2-Clause | BSD-3-Clause | BSD-4-Clause | BSLA | GPL-2.0-only | GPL-2.0-or-later | GPL-3.0-only | GPL-3.0-or-later | ISC | LGPL | LGPL-2.0-only | LGPL-2.0-or-later | LGPL-2.1-only | LGPL-2.1-or-later | LGPL-3.0-only | LGPL-3.0-or-later | MIT | public-domain","blocked","blocked","blocked","required","open-review","unresolved-licence-scope,additional-notice-terms-scope-review"
"de97828e82077619abdaadca3b8dbbb7882bb88ba830a8e209ad6449e2cd16d8","deb","libsmartcols1","2.41.5-0+deb13u1","2","memory-v4,reference-application","BSD-2-Clause | BSD-3-Clause | BSD-4-Clause | BSLA | GPL-2.0-only | GPL-2.0-or-later | GPL-3.0-only | GPL-3.0-or-later | ISC | LGPL | LGPL-2.0-only | LGPL-2.0-or-later | LGPL-2.1-only | LGPL-2.1-or-later | LGPL-3.0-only | LGPL-3.0-or-later | MIT | public-domain","blocked","blocked","blocked","required","open-review","unresolved-licence-scope,additional-notice-terms-scope-review"
"bfc28c2f559ec5031295eed06de1d3c19b4756fd4aadba1656843287f205c1f8","deb","libsnappy1v5","1.2.2-1","1","hermes","BSD-3-Clause | CC-BY-3.0 | CC-BY-4.0 | MIT | public-domain","blocked","blocked","blocked","required","open-review","unresolved-licence-scope"
"45a2bb08b6b3cc55f898a8ce83105c8ab0f9aaaef4c15b21bccc32403cab6470","deb","libsndfile1","1.2.2-2+deb13u1","1","hermes","Apache-2.0 | BSD-2-Clause | BSD-3-Clause | FSFAP | GPL-2.0-only | GPL-2.0-or-later | GPL-3.0-only | GPL-3.0-or-later | LGPL-2.0-only | LGPL-2.0-or-later | LGPL-2.1-only | LGPL-2.1-or-later | NTP | gsm | sun","blocked","blocked","blocked","required","open-review","unresolved-licence-scope,additional-notice-terms-scope-review"
"1238fa97f27aabaf26e88b4984458749ab7a3bbbb1c13e0dbeec8e58f2ce50eb","deb","libsodium23","1.0.18-1+deb13u1","1","hermes","BSD-2-Clause | CC0-1.0 | GPL-2.0-only | GPL-2.0-or-later | ISC | MIT | public-domain","blocked","blocked","blocked","required","open-review","unresolved-licence-scope"
"da412d350ee83d452d182d9f55f1fc972c6773891e80edf65ef63c2dab5d87b4","deb","libsord-0-0","0.16.18-1","1","hermes","ISC","not-required","not-required","not-required","required","bounded-decision",""
"94250c490cd23f99465ddd839bb4084d19d826d1b00d7edb86724458073b5fbc","deb","libsoxr0","0.1.3-4+b2","1","hermes","LGPL-2.1-only | LGPL-2.1-or-later | Spherepack | permissive1 | permissive2","blocked","blocked","blocked","required","open-review","unresolved-licence-scope,additional-notice-terms-scope-review"
"39ab6df5253c7793712b09223966df68b2b4a65233c9968dede9ec7002dc1801","deb","libspeex1","1.2.1-3","1","hermes","BSD-3-Clause | GFDL-1.1-or-later | GFDL-1.2 | LGPL-2.0-only | LGPL-2.0-or-later | custom-1","blocked","blocked","blocked","required","open-review","unresolved-licence-scope,additional-notice-terms-scope-review"
"9530305eb02345929e83a70b329a57419b63ce584398408439583eb59fc0e1cd","deb","libsphinxbase3t64","0.8+5prealpha+1-21+b1","1","hermes","BSD-2-Clause | BSD-2-clause-beyond | BSD-3-Clause | BSD-3-clause-carnegie | GPL-2.0-only | GPL-2.0-or-later | lucent | u-o-tennesee","blocked","blocked","blocked","required","open-review","unresolved-licence-scope,additional-notice-terms-scope-review"
"148fa933593732947fbe9bfc8559aa18e2c9c8435d5fb18678d16588216c8a49","deb","libsqlite3-0","3.46.1-7+deb13u1","1","hermes","GPL-2.0-only | GPL-2.0-or-later | public-domain","blocked","blocked","blocked","required","open-review","unresolved-licence-scope"
"f8ab35c99bb295e8e8347f41ed35febc1d4e33ced76933cf6a415f54a0e64a0e","deb","libsqlite3-0","3.46.1-7+deb13u1","2","memory-v4,reference-application","GPL-2.0-only | GPL-2.0-or-later | public-domain","blocked","blocked","blocked","required","open-review","unresolved-licence-scope"
"d618d6386b9439a19cd1b775989505af0be83bdfc5df45959d4e08e88f6225e3","deb","libsratom-0-0","0.6.18-1","1","hermes","0BSD | ISC","not-required","not-required","not-required","required","bounded-decision",""
"b747db2623c64e82b729a205a76158572dc743d8c5005b83ca4f6658bbf0d893","deb","libsrt1.5-gnutls","1.5.4-1","1","hermes","BSD-3-Clause | LGPL-2.1-only | LGPL-2.1-or-later | MPL-2.0 | Zlib | unlicense","blocked","blocked","blocked","required","open-review","unresolved-licence-scope,additional-notice-terms-scope-review"
"3d73910b723a3ce200d813dee60c9355fef868cdf63d73fc1aabb2609b369e9a","deb","libssh-4","0.11.2-1+deb13u1","1","hermes","BSD-2-Clause | BSD-3-Clause | ISC | LGPL-2.1-only | public-domain","blocked","blocked","blocked","required","open-review","unresolved-licence-scope,additional-notice-terms-scope-review"
"53d5c595aee466c5be7f4ef511ecefb6038e86f03143c2bf0ef759872c7e897e","deb","libssh2-1t64","1.11.1-1+deb13u1","1","hermes","BSD-3-Clause | ISC","not-required","not-required","not-required","required","bounded-decision",""
"5051ffc0e25e9a820334378e0142bea5d5e3a57540a2a1d6955c3df100206ddb","deb","libssl3t64","3.5.6-1~deb13u2","1","hermes","Apache-2.0 | Artistic | GPL-1.0-only | GPL-1.0-or-later","blocked","blocked","blocked","required","open-review","unresolved-licence-scope"
"55d4d3a3c4b14375e5cd7f857fb333aaa5e9dfd7d66d2740f136be9e7411bc17","deb","libssl3t64","3.5.6-1~deb13u2","2","unify-core,uniui","Apache-2.0 | Artistic | GPL-1.0-only | GPL-1.0-or-later","blocked","blocked","blocked","required","open-review","unresolved-licence-scope"
"99d8987db5d1524deb91712a1877e4ca1b786fad17705d92028d3f3eef79a700","deb","libssl3t64","3.5.7-1~deb13u2","2","memory-v4,reference-application","Apache-2.0 | Artistic | GPL-1.0-only | GPL-1.0-or-later","blocked","blocked","blocked","required","open-review","unresolved-licence-scope"
"0855f8da297ea24eaf95b59565d93a2c833b0090ae81398d57d28ef89d2771f7","deb","libstdc++-14-dev","14.2.0-19","1","hermes","","blocked","blocked","blocked","required","open-review","unresolved-licence-scope,additional-notice-terms-scope-review"
"5d0eb962cf39e809d1174c65e38bd6c22f57f8e5c8da16cd40fe704240175271","deb","libstdc++6","14.2.0-19","1","hermes","","blocked","blocked","blocked","required","open-review","unresolved-licence-scope,additional-notice-terms-scope-review"
"8105c8c9661532664f8fa0c8cdba0caac5c0590ddf3c35119ef21f678990ee00","deb","libstdc++6","14.2.0-19","2","memory-v4,reference-application","","blocked","blocked","blocked","required","open-review","unresolved-licence-scope,additional-notice-terms-scope-review"
"f85ac30b4399d664d7bc84264b46e1add9639512ed943ed7b505862c7c7dd9e1","deb","libstdc++6","14.2.0-19","2","unify-core,uniui","","blocked","blocked","blocked","required","open-review","unresolved-licence-scope"
"a3349057bd8b5d6e8f9907d2e15232e1de76f50c23be35855ce772f654822484","deb","libsvtav1enc2","2.3.0+dfsg-1","1","hermes","BSD-2-Clause | BSD-3-Clause | BSD-3-Clause-Clear | ISC | LGPL-2.1-only | LGPL-2.1-or-later | MIT","blocked","blocked","blocked","required","open-review","unresolved-licence-scope,additional-notice-terms-scope-review"
"bdc87c26b2006abb5003138615abb7bf877f60603ccd84d17cd42659c90fc046","deb","libswresample5","7:7.1.5-0+deb13u1","1","hermes","BSD-1-Clause | BSD-2-Clause | BSD-3-Clause | BSL-1.0 | GPL-2.0-only | GPL-2.0-or-later | GPL-3.0-only | GPL-3.0-or-later | IJG | ISC | LGPL-2.0-or-later | LGPL-2.1-only | LGPL-2.1-or-later | MIT | Sundry | Zlib | man-page | public-domain","blocked","blocked","blocked","required","open-review","unresolved-licence-scope,additional-notice-terms-scope-review"
"5642134b747ddfeace75cd746e14470eff50711746feecab9dc429341c82ded8","deb","libswscale8","7:7.1.5-0+deb13u1","1","hermes","BSD-1-Clause | BSD-2-Clause | BSD-3-Clause | BSL-1.0 | GPL-2.0-only | GPL-2.0-or-later | GPL-3.0-only | GPL-3.0-or-later | IJG | ISC | LGPL-2.0-or-later | LGPL-2.1-only | LGPL-2.1-or-later | MIT | Sundry | Zlib | man-page | public-domain","blocked","blocked","blocked","required","open-review","unresolved-licence-scope,additional-notice-terms-scope-review"
"9b308c8a01231ee075fe1ccd22e5ce4ad652e68629e1c1c8259da528ca737b51","deb","libsystemd0","257.13-1~deb13u1","2","memory-v4,reference-application","CC0-1.0 | GPL-2.0-only | GPL-2.0-or-later | LGPL-2.1-only | LGPL-2.1-or-later | MIT | public-domain","blocked","blocked","blocked","required","open-review","unresolved-licence-scope,additional-notice-terms-scope-review"
"469f9013452c68df74aa0851cf41ff3b219fdd747ca7ab2be1aa16198abf9399","deb","libsystemd0","257.9-1~deb13u1","1","hermes","CC0-1.0 | GPL-2.0-only | GPL-2.0-or-later | LGPL-2.1-only | LGPL-2.1-or-later | MIT | public-domain","blocked","blocked","blocked","required","open-review","unresolved-licence-scope,additional-notice-terms-scope-review"
"645f13ccbdbd06871be4feff616290222968ed915780ed5dc631d0f3a6ac8e33","deb","libtasn1-6","4.20.0-2+deb13u1","1","hermes","","blocked","blocked","blocked","required","open-review","unresolved-licence-scope"
"a41e1f25c1c4d0a84b14d1f0a55bf09d9383b5a20639a37a837003b64490c1c3","deb","libthai-data","0.1.29-2","1","hermes","GPL-2.0-only | GPL-2.0-or-later | LGPL-2.1-only | LGPL-2.1-or-later","required","required","required","required","bounded-decision",""
"a553757a5bfa48af47c9599d540b4f69d111e2bc0b9f707fb1febb5385afff22","deb","libthai0","0.1.29-2+b1","1","hermes","GPL-2.0-only | GPL-2.0-or-later | LGPL-2.1-only | LGPL-2.1-or-later","required","required","required","required","bounded-decision",""
"a74b9193b1da3db55e4341ac0dac0b4810c900f2025f1038c8e2994accad802b","deb","libtheoradec1","1.2.0~alpha1+dfsg-6","1","hermes","BSD-3-Clause | BSD-4-Clause | GPL-2.0-only | GPL-2.0-or-later | LGPL-2.0-only | LGPL-2.0-or-later","required","required","required","required","bounded-decision",""
"aa3bc9a94872a03fdc7120bec2ff6c19214754cd0a4c8dffaae283579515643c","deb","libtheoraenc1","1.2.0~alpha1+dfsg-6","1","hermes","BSD-3-Clause | BSD-4-Clause | GPL-2.0-only | GPL-2.0-or-later | LGPL-2.0-only | LGPL-2.0-or-later","required","required","required","required","bounded-decision",""
"3ad6414225ca89ce07c4b282c21224a38ee7abbb3756a3b9b53d9964c5e20800","deb","libtiff6","4.7.0-3+deb13u3","1","hermes","Hylafax","blocked","blocked","blocked","required","open-review","unresolved-licence-scope,additional-notice-terms-scope-review"
"9302995c6af5dbf5c8ab48a3b4ede15b175284d712373c76c738d402031b8c6c","deb","libtinfo6","6.5+20250216-2","1","hermes","BSD-3-Clause | X11","blocked","blocked","blocked","required","open-review","unresolved-licence-scope,additional-notice-terms-scope-review"
"c65fb0e7ab1af324ba73d3b8b4f243b008f20ca419ae767483fabdeb2a5f43ea","deb","libtinfo6","6.5+20250216-2","2","memory-v4,reference-application","BSD-3-Clause | X11","blocked","blocked","blocked","required","open-review","unresolved-licence-scope,additional-notice-terms-scope-review"
"e031ca8f808d7c7f9c1e0c99f62d94d4f67ac8e8f6d4baf4a4dba7edddc7cd52","deb","libtsan2","14.2.0-19","1","hermes","","blocked","blocked","blocked","required","open-review","unresolved-licence-scope,additional-notice-terms-scope-review"
"dc61f110d83c17dfb89a77d5d071078622e457ff7944889f7a35e1302f6d7823","deb","libtwolame0","0.4.0-2+b2","1","hermes","LGPL-2.0-only | LGPL-2.0-or-later","required","required","required","required","bounded-decision",""
"d4de97b0ddbe4a20979750ebbc88b9f077fa9caa055f2d93fcd5d4c420eddb31","deb","libubsan1","14.2.0-19","1","hermes","","blocked","blocked","blocked","required","open-review","unresolved-licence-scope,additional-notice-terms-scope-review"
"e7073a7d08c60e4ca8e2d8a8f8a2a5a2d9e1a1852509fbcb6e983de6d3ba91cc","deb","libudev1","257.13-1~deb13u1","2","memory-v4,reference-application","CC0-1.0 | GPL-2.0-only | GPL-2.0-or-later | LGPL-2.1-only | LGPL-2.1-or-later | MIT | public-domain","blocked","blocked","blocked","required","open-review","unresolved-licence-scope,additional-notice-terms-scope-review"
"ce576e59b2d7e02b05278f2abaa50eb0b920d75bbe4f927ae685d594ed697725","deb","libudev1","257.9-1~deb13u1","1","hermes","CC0-1.0 | GPL-2.0-only | GPL-2.0-or-later | LGPL-2.1-only | LGPL-2.1-or-later | MIT | public-domain","blocked","blocked","blocked","required","open-review","unresolved-licence-scope,additional-notice-terms-scope-review"
"107753b4b2f94833929fd0f5d9dfc1902940a695a1cd6d083159722a59d9d6b4","deb","libudfread0","1.1.2-1+b2","1","hermes","GPL-2.0-only | GPL-2.0-or-later | LGPL-2.1-only | LGPL-2.1-or-later","required","required","required","required","bounded-decision",""
"e5934291b1155a27a7625d465608167b621ac5aa5f4fc0cf03a3184817e6b031","deb","libunibreak6","6.1-3","1","hermes","Zlib | unicode-data","blocked","blocked","blocked","required","open-review","unresolved-licence-scope,additional-notice-terms-scope-review"
"e30afea7db93b3df55f379783348d067c5a835661c2f3167fb1eed3c31b9b563","deb","libunistring5","1.3-2","1","hermes","BSD-3-Clause | FreeSoftware | GFDL-1.2+ | GFDL-1.3+ | GPL-2.0-only | GPL-2.0-or-later | GPL-3.0-only | GPL-3.0-or-later | ISC | LGPL-2.0-only | LGPL-2.0-or-later | LGPL-2.1-only | LGPL-2.1-or-later | LGPL-3.0-only | LGPL-3.0-or-later | Unicode-DFS-2016 | X11 | bsd-3-clause | gfdl-1.2+ | gfdl-1.3+ | isc | public-domain | unicode-dfs-2016","blocked","blocked","blocked","required","open-review","unresolved-licence-scope,additional-notice-terms-scope-review"
"123280f64a12a570ca18bb61431dbca18df16dd7d18a864405a133d191e1d390","deb","libunwind8","1.8.1-0.1","1","hermes","GPL-2.0-only | GPL-2.0-or-later | MIT","required","required","not-required","required","bounded-decision",""
"fa34dff9cda20aef26858f59b943342f3ac585bcd5a8574cae615475eed36926","deb","libusb-1.0-0","2:1.0.28-1","1","hermes","FSFAP | GPL-2.0-only | GPL-2.0-or-later | LGPL-2.1-only | LGPL-2.1-or-later | MIT","required","required","required","required","bounded-decision",""
"131d251b05c135f24b60a1d444306648fbca73c5c1ad1d05debe919347dddec8","deb","libuuid1","2.41-5","1","hermes","BSD-2-Clause | BSD-3-Clause | BSD-4-Clause | BSLA | GPL-2.0-only | GPL-2.0-or-later | GPL-3.0-only | GPL-3.0-or-later | ISC | LGPL | LGPL-2.0-only | LGPL-2.0-or-later | LGPL-2.1-only | LGPL-2.1-or-later | LGPL-3.0-only | LGPL-3.0-or-later | MIT | public-domain","blocked","blocked","blocked","required","open-review","unresolved-licence-scope,additional-notice-terms-scope-review"
"d8139c0886781e0a0d7c8155fb694c26c8fde1c2267c3a78406b639dee4d7f50","deb","libuuid1","2.41.5-0+deb13u1","2","memory-v4,reference-application","BSD-2-Clause | BSD-3-Clause | BSD-4-Clause | BSLA | GPL-2.0-only | GPL-2.0-or-later | GPL-3.0-only | GPL-3.0-or-later | ISC | LGPL | LGPL-2.0-only | LGPL-2.0-or-later | LGPL-2.1-only | LGPL-2.1-or-later | LGPL-3.0-only | LGPL-3.0-or-later | MIT | public-domain","blocked","blocked","blocked","required","open-review","unresolved-licence-scope,additional-notice-terms-scope-review"
"8c9489dc93eb0ad7fb3bb785d79a205c486cdc989d77fd3f66148b8d412ba843","deb","libuv1t64","1.50.0-2","1","hermes","Apache-2.0 | BSD-2-Clause | CC-BY-4.0 | GPL3+ | ISC | MIT","blocked","blocked","blocked","required","open-review","unresolved-licence-scope"
"22875e74a1693e0a868d2f2c4229125dc4e771a2050eb99c22d31efdeac22560","deb","libva-drm2","2.22.0-3","1","hermes","Expat-advertising | GPL-2.0-only | GPL-2.0-or-later | MIT | other","blocked","blocked","blocked","required","open-review","unresolved-licence-scope,additional-notice-terms-scope-review"
"3f3320bd9278da975524514fdc92d878290c49799cda15e2e87840a777d914bb","deb","libva-x11-2","2.22.0-3","1","hermes","Expat-advertising | GPL-2.0-only | GPL-2.0-or-later | MIT | other","blocked","blocked","blocked","required","open-review","unresolved-licence-scope,additional-notice-terms-scope-review"
"0e486acf71003f72b60c85a5864da7b57a0d2b6458dd9aa0c76742a3293e17fe","deb","libva2","2.22.0-3","1","hermes","Expat-advertising | GPL-2.0-only | GPL-2.0-or-later | MIT | other","blocked","blocked","blocked","required","open-review","unresolved-licence-scope,additional-notice-terms-scope-review"
"25b764fd27f0290da426727b4c6cb62e72770af791fa066886ec894307d9b9b7","deb","libvdpau1","1.5-3+b1","1","hermes","MIT | other","blocked","blocked","blocked","required","open-review","unresolved-licence-scope,additional-notice-terms-scope-review"
"03d55fdc706da6029da5147feb83dcadcd4671fa61f1bbce309d3a059a9419a3","deb","libvidstab1.1","1.1.0-2+b2","1","hermes","GPL-2.0-only | GPL-2.0-or-later","required","required","not-required","required","bounded-decision",""
"fe9935c8dbee00602ea5854298295ad676547f9069ae367968499c1175ac432c","deb","libvorbis0a","1.3.7-3","1","hermes","BSD-3-Clause | RFC-special","blocked","blocked","blocked","required","open-review","unresolved-licence-scope"
"6dcb573122f9a9b30f58c4db2408edad8445118bb2838b90ec5135cb5a752976","deb","libvorbisenc2","1.3.7-3","1","hermes","BSD-3-Clause | RFC-special","blocked","blocked","blocked","required","open-review","unresolved-licence-scope"
"9dd4707627c2977302892ce88284777bb9d44c5182bba7f38bed9a9d0fbb9300","deb","libvorbisfile3","1.3.7-3","1","hermes","BSD-3-Clause | RFC-special","blocked","blocked","blocked","required","open-review","unresolved-licence-scope"
"a981405c5d6eb6e0c8efdfe61da17e3201e76bd9ebf0c02046cb4b81d965934e","deb","libvpl2","1:2.14.0-1+b1","1","hermes","Apache-2.0 | BSD-3-Clause | MIT","not-required","not-required","not-required","required","bounded-decision",""
"188aa139a8dd8f55a1c7f08b1e1cc97e1648f53f8cbf8963e17d32cd801b79b5","deb","libvpx9","1.15.0-2.1+deb13u1","1","hermes","BSD-3-Clause | ISC | public-domain","blocked","blocked","blocked","required","open-review","unresolved-licence-scope,additional-notice-terms-scope-review"
"a5a2603e35b20efa97124ca854c95fe4e396de19de697a3d64d76383162587e1","deb","libvulkan1","1.4.309.0-1","1","hermes","Apache-2.0 | MIT","not-required","not-required","not-required","required","bounded-decision",""
"05486c5d0119e2c3ef5911ef96477be7b0d357e25ce467080077ce504d669fb8","deb","libwayland-client0","1.23.1-3","1","hermes","MIT | X11","not-required","not-required","not-required","required","bounded-decision",""
"284d7a4d53e506e770f33a6eb214b10722d374509ed14d6f2929571c3ef1269e","deb","libwayland-cursor0","1.23.1-3","1","hermes","MIT | X11","not-required","not-required","not-required","required","bounded-decision",""
"603509bcbb516691e6a94ca0c6a2af84ae5c948c204cb2bdf81d54814553fc29","deb","libwayland-egl1","1.23.1-3","1","hermes","MIT | X11","not-required","not-required","not-required","required","bounded-decision",""
"cd933c3185650b726a301e8faf71b5a78a74ea09b7ffa628cd41bca0b5c0fa24","deb","libwayland-server0","1.23.1-3","1","hermes","MIT | X11","not-required","not-required","not-required","required","bounded-decision",""
"c06e66afef7f5c8e3f7b8b85e312e7bf95e6b50f7d711f2089fee10b84bb7454","deb","libwebp7","1.5.0-0.1","1","hermes","Apache-2.0 | BSD-3-Clause","blocked","blocked","blocked","required","open-review","additional-notice-terms-scope-review"
"dc47f2561c69ffddf00ea4760f55f4fb20c8b761d9cf1afc1e9d6f839381c16d","deb","libwebpmux3","1.5.0-0.1","1","hermes","Apache-2.0 | BSD-3-Clause","blocked","blocked","blocked","required","open-review","additional-notice-terms-scope-review"
"668b1ae665368624caa1b7069a502718dab3db3f61b1abf946cdf21910338006","deb","libx11-6","2:1.8.12-1","1","hermes","BSD-1-Clause | HPND | HPND-sell-variant | MIT","blocked","blocked","blocked","required","open-review","additional-notice-terms-scope-review"
"915115681a2cea78b6fde093d2b5c15ddb20cdee3074bfdaa99f286fc092d476","deb","libx11-data","2:1.8.12-1","1","hermes","BSD-1-Clause | HPND | HPND-sell-variant | MIT","blocked","blocked","blocked","required","open-review","additional-notice-terms-scope-review"
"98266daea4e78143d57ff4e0358ead4a0fe4fd673ccc0701243b668382db4512","deb","libx11-xcb1","2:1.8.12-1","1","hermes","BSD-1-Clause | HPND | HPND-sell-variant | MIT","blocked","blocked","blocked","required","open-review","additional-notice-terms-scope-review"
"fbbdcb890791c809f24eef5f148e2f8aead6c76ea5085deadac0f16a8c346659","deb","libx264-164","2:0.164.3108+git31e19f9-2+b1","1","hermes","BSD-3-Clause | GPL-2.0-only | GPL-2.0-or-later | ISC | LGPL-2.1-or-later | MIT | public-domain","blocked","blocked","blocked","required","open-review","unresolved-licence-scope,additional-notice-terms-scope-review"
"477f0d937a910484e90151842eeeb20b00bd6c28601b938871c93c0082759e13","deb","libx265-215","4.1-2","1","hermes","GPL-2.0-only | GPL-2.0-or-later | ISC | LGPL-2.1-only | LGPL-2.1-or-later | MIT","required","required","required","required","bounded-decision",""
"66aec2e1c68dc937f70995c81313aaf166b12c51b16e87404bd03fb848098991","deb","libxau6","1:1.0.11-1","1","hermes","","blocked","blocked","blocked","required","open-review","unresolved-licence-scope,additional-notice-terms-scope-review"
"0ed553c5c8a34cf845fd216ef69e56b75afe174fd6fafbe68191f308e1260add","deb","libxaw7","2:1.0.16-1","1","hermes","HPND | HPND-sell-variant | MIT","blocked","blocked","blocked","required","open-review","additional-notice-terms-scope-review"
"07bd1541907b4f34068586481d7baddf625cedc13b017963c44d03fd6a664004","deb","libxcb-dri3-0","1.17.0-2+b1","1","hermes","","blocked","blocked","blocked","required","open-review","unresolved-licence-scope,additional-notice-terms-scope-review"
"7f7e68fedaa1105ca7568d96b5eece2c318c7d68989a7adb209598e4535937d6","deb","libxcb-glx0","1.17.0-2+b1","1","hermes","","blocked","blocked","blocked","required","open-review","unresolved-licence-scope,additional-notice-terms-scope-review"
"4cca640f2d47b7ff34638ee27ffbee5946cc8e64cc8e53519c3e437800da1b10","deb","libxcb-present0","1.17.0-2+b1","1","hermes","","blocked","blocked","blocked","required","open-review","unresolved-licence-scope,additional-notice-terms-scope-review"
"82abc0894e0518496f4c5a57f971babc1d546ad331d01ffbbd1d874a8792f415","deb","libxcb-randr0","1.17.0-2+b1","1","hermes","","blocked","blocked","blocked","required","open-review","unresolved-licence-scope,additional-notice-terms-scope-review"
"8520ef44ed1278d09b5c2d940c82c9cb9b8920b300dabdcd95111d8adea13f7e","deb","libxcb-render0","1.17.0-2+b1","1","hermes","","blocked","blocked","blocked","required","open-review","unresolved-licence-scope,additional-notice-terms-scope-review"
"1fb1b4296ab779271934cbe7cbd5a211d88989d060f6ab28afa02f73d95ab64f","deb","libxcb-shape0","1.17.0-2+b1","1","hermes","","blocked","blocked","blocked","required","open-review","unresolved-licence-scope,additional-notice-terms-scope-review"
"c095c31a3b1ee9b2853a60f8617e5b80d24a51708cb01cb2e80f6cf11ab752c7","deb","libxcb-shm0","1.17.0-2+b1","1","hermes","","blocked","blocked","blocked","required","open-review","unresolved-licence-scope,additional-notice-terms-scope-review"
"2aa852428410471714cb110481468f103ce63abbad12babca55addf4b91ff561","deb","libxcb-sync1","1.17.0-2+b1","1","hermes","","blocked","blocked","blocked","required","open-review","unresolved-licence-scope,additional-notice-terms-scope-review"
"03721260158709f7586e896b9e5d35d378b2b78f7e646d1c6c33e9028ebc70d3","deb","libxcb-xfixes0","1.17.0-2+b1","1","hermes","","blocked","blocked","blocked","required","open-review","unresolved-licence-scope,additional-notice-terms-scope-review"
"eb64f3b03d1048eddca1eba87abf7cdb3cac68dca871542bdea944920544690d","deb","libxcb1","1.17.0-2+b1","1","hermes","","blocked","blocked","blocked","required","open-review","unresolved-licence-scope,additional-notice-terms-scope-review"
"bff4347c2f62fe4177b7dcb2d2cea2fe8d1e876e8073b46b96f9bf393257614d","deb","libxcomposite1","1:0.4.6-1","1","hermes","HPND-sell-variant | MIT","not-required","not-required","not-required","required","bounded-decision",""
"96e29782610b0e360fdedb34c1a95012a594b48af45ae577484d7b772d14d7df","deb","libxcursor1","1:1.2.3-1","1","hermes","HPND-sell-variant","not-required","not-required","not-required","required","bounded-decision",""
"3066d363b5cc593ad9825bd62bb4afe92e9704c338a2cc5e5c64fafb64961c79","deb","libxdamage1","1:1.1.6-1+b2","1","hermes","HPND-sell-variant","not-required","not-required","not-required","required","bounded-decision",""
"d0363368d8d1a2dde92d46cc03f436cb4639b5b2e355501e3f880d94b0208c15","deb","libxdmcp6","1:1.1.5-1","1","hermes","","blocked","blocked","blocked","required","open-review","unresolved-licence-scope,additional-notice-terms-scope-review"
"5387c2e918e9ead1881162d75d1a38372a81a9a6c4b7d200afd6046135c922db","deb","libxext6","2:1.3.4-1+b3","1","hermes","","blocked","blocked","blocked","required","open-review","unresolved-licence-scope,additional-notice-terms-scope-review"
"883d982fd58bb2dfdfa704a823c83dd8c9b82ad07261a81d7a979ff039df82b3","deb","libxfixes3","1:6.0.0-2+b4","1","hermes","HPND-sell-variant | MIT","not-required","not-required","not-required","required","bounded-decision",""
"f989531071047669830d2896cbabd7c0e5d08ce6a8de31c7077239471f34a49d","deb","libxfont2","1:2.0.6-1+deb13u1","1","hermes","BSD-2-Clause | BSD-4-Clause-UC | HPND | HPND-sell-variant | MIT","blocked","blocked","blocked","required","open-review","unresolved-licence-scope,additional-notice-terms-scope-review"
"b30dafb25b4a928ee8a0eaf305a8b6d336411362c46828c71168595782753590","deb","libxi6","2:1.8.2-1","1","hermes","","blocked","blocked","blocked","required","open-review","unresolved-licence-scope,additional-notice-terms-scope-review"
"7720733afaf2aa98725a07877c5075c3914fd1eafc1511481809491e46ab7afc","deb","libxkbcommon0","1.7.0-2","1","hermes","","blocked","blocked","blocked","required","open-review","unresolved-licence-scope,additional-notice-terms-scope-review"
"719477d29568a44eb69fa6f77caf706413ac1e73fc58ed6f84508b33598b9961","deb","libxkbfile1","1:1.1.0-1+b4","1","hermes","","blocked","blocked","blocked","required","open-review","unresolved-licence-scope,additional-notice-terms-scope-review"
"dbd931d389667a8a2bb66a9282a543a0e6ed46eec6c489555c3ed80cbee001e5","deb","libxml2","2.12.7+dfsg+really2.9.14-2.1+deb13u3","1","hermes","ISC | MIT-1","blocked","blocked","blocked","required","open-review","unresolved-licence-scope,additional-notice-terms-scope-review"
"cac836466d3f7ea9332a37cc4dec35ef3d697526927feacd2158a9c9ba700bbd","deb","libxmu6","2:1.1.3-3+b4","1","hermes","","blocked","blocked","blocked","required","open-review","unresolved-licence-scope,additional-notice-terms-scope-review"
"ea68de9fac0d9a5866436b57eaebcd4809727593e033b8e91981dfaef5610e48","deb","libxpm4","1:3.5.17-1+deb13u1","1","hermes","MIT | X11","not-required","not-required","not-required","required","bounded-decision",""
"3796b9154faf43421cf2833b672d168b13cd6599bbf354c39d548180b19161db","deb","libxrandr2","2:1.5.4-1+b3","1","hermes","HPND-sell-variant","not-required","not-required","not-required","required","bounded-decision",""
"85acc7dbc8dfe7cdd5d0429cf018b1f110a4a576ada7a9a6ac68e6e4b58f6581","deb","libxrender1","1:0.9.12-1","1","hermes","HPND-sell-variant","not-required","not-required","not-required","required","bounded-decision",""
"0cc5a5b051bca284ea5a9f7d4306e55d9706a82679e7fcf9768a0a03825f5a9b","deb","libxshmfence1","1.3.3-1","1","hermes","HPND-sell-variant","not-required","not-required","not-required","required","bounded-decision",""
"7395c348efc837effcc9c4eed7a18e70442c134b03d35786521463bf3158465f","deb","libxss1","1:1.2.3-1+b3","1","hermes","MIT | X11","not-required","not-required","not-required","required","bounded-decision",""
"b227536484da3565639696175563455c58fca234f9a3c27d8f76d6d13db84bdb","deb","libxt6t64","1:1.2.1-1.2+b2","1","hermes","","blocked","blocked","blocked","required","open-review","unresolved-licence-scope,additional-notice-terms-scope-review"
"0635fff95623a0c82ddabdd872ece3ad473f4b2dc77f66e7941716e551193853","deb","libxv1","2:1.0.11-1.1+b3","1","hermes","HPND | HPND-sell-variant","not-required","not-required","not-required","required","bounded-decision",""
"0f921e19681998113866701539230a2ff699bd3a1c86376c7499c6a465975adf","deb","libxvidcore4","2:1.3.7-1+b2","1","hermes","GPL-2.0-only | GPL-2.0-or-later | LGPL-2.0-only | LGPL-2.0-or-later","required","required","required","required","bounded-decision",""
"e84df02d70ca9e6b9fbdc02052f80d2af71495e69f460977d1d0e7b8d95ca069","deb","libxxf86vm1","1:1.1.4-1+b4","1","hermes","MIT","not-required","not-required","not-required","required","bounded-decision",""
"0ba9394ce1e3f279e7949220ff9a7239f7eeee7182538541b1bacd0671c4517b","deb","libxxhash0","0.8.3-2","2","memory-v4,reference-application","BSD-2-Clause | GPL-2.0-only | GPL-2.0-or-later","required","required","not-required","required","bounded-decision",""
"ac0f131687c76d3ce0b80abeddc08fa0427eb45cec63c7ab2f4c38e3b215a6f8","deb","libxxhash0","0.8.3-2","1","hermes","BSD-2-Clause | GPL-2.0-only | GPL-2.0-or-later","required","required","not-required","required","bounded-decision",""
"7bc8f5e204b2caca0f87ecc4345d5ee3f131729b454e0208b926e7710939b69c","deb","libz3-4","4.13.3-1","1","hermes","GPL-2.0-only | GPL-2.0-or-later | MIT","required","required","not-required","required","bounded-decision",""
"7cc0db3b4a36d1120aa8f4322fb93e6915361a65f6791af75d83657b0603e0ba","deb","libzimg2","3.0.5+ds1-1+b2","1","hermes","GPL-3.0-only | GPL-3.0-or-later | WTFPL-2.0","required","required","blocked","required","open-review","additional-notice-terms-scope-review"
"18450b7645125f16ee67e47f44947b392e0cccd7b25c690ddee49b35695a2eeb","deb","libzix-0-0","0.6.2-1","1","hermes","0BSD | ISC","not-required","not-required","not-required","required","bounded-decision",""
"b8772c9e229fb0a87b6f318992eccc2788da521ac20e520e3c0339896bb87f6b","deb","libzmq5","4.3.5-1+b3","1","hermes","LGPL-2.0-only | LGPL-2.0-or-later | MIT | MPL-2.0","required","required","required","required","bounded-decision",""
"900f7b549c4bcbbf383a0b572d5ef676ec3032d3492045d0ba7a5854b8240ed7","deb","libzstd1","1.5.7+dfsg-1","1","hermes","BSD-3-Clause | GPL-2.0-only | MIT | Zlib","required","required","not-required","required","bounded-decision",""
"bac6456387a65d2a7764e1eabf6300bdd8452d376271baacc47679047073c401","deb","libzstd1","1.5.7+dfsg-1","2","unify-core,uniui","BSD-3-Clause | GPL-2.0-only | MIT | Zlib","required","required","not-required","required","bounded-decision",""
"ce150d7d16712897040a5290059175635c5f2a8955e2bab615180fd0a055f7eb","deb","libzstd1","1.5.7+dfsg-1","2","memory-v4,reference-application","BSD-3-Clause | GPL-2.0-only | MIT | Zlib","required","required","not-required","required","bounded-decision",""
"076628ebf96798c386fb520a947dda4e88c7248abf7ca73163fdcd4f89f14d67","deb","libzvbi-common","0.2.44-1","1","hermes","BSD-2-Clause | BSD-3-Clause | GPL-2.0-only | GPL-2.0-or-later | LGPL-2.0-only | LGPL-2.0-or-later | LGPL-2.1-only | LGPL-2.1-or-later | MIT","required","required","required","required","bounded-decision",""
"44b4c7aab3daf61724b94fa707cea4378579d2d888379cc493943e220bf0ae62","deb","libzvbi0t64","0.2.44-1","1","hermes","BSD-2-Clause | BSD-3-Clause | GPL-2.0-only | GPL-2.0-or-later | LGPL-2.0-only | LGPL-2.0-or-later | LGPL-2.1-only | LGPL-2.1-or-later | MIT","required","required","required","required","bounded-decision",""
"e8171b98a87b20c892c7bdec9b1cd085c1c997d3951a8e215e0d9d20052012a6","deb","linux-libc-dev","6.12.100-1","1","hermes","BSD-2-Clause | GPL-2+-or-X11 | GPL-2.0-only | LGPL-2.1-only | Unicode-data | Xen-interface","blocked","blocked","blocked","required","open-review","unresolved-licence-scope,additional-notice-terms-scope-review"
"ef4d0dee6e6d0532bd856146be55199a9d01f6f418b62a4c969d50af8ff7e933","deb","login","1:4.16.0-2+really2.41-5","1","hermes","BSD-2-Clause | BSD-3-Clause | BSD-4-Clause | BSLA | GPL-2.0-only | GPL-2.0-or-later | GPL-3.0-only | GPL-3.0-or-later | ISC | LGPL | LGPL-2.0-only | LGPL-2.0-or-later | LGPL-2.1-only | LGPL-2.1-or-later | LGPL-3.0-only | LGPL-3.0-or-later | MIT | public-domain","blocked","blocked","blocked","required","open-review","unresolved-licence-scope,additional-notice-terms-scope-review"
"464b8e8aaa8dcd3e66b88d5982050b141f007c4ebb6480d2ecb4782a034e1014","deb","login","1:4.16.0-2+really2.41.5-0+deb13u1","2","memory-v4,reference-application","BSD-2-Clause | BSD-3-Clause | BSD-4-Clause | BSLA | GPL-2.0-only | GPL-2.0-or-later | GPL-3.0-only | GPL-3.0-or-later | ISC | LGPL | LGPL-2.0-only | LGPL-2.0-or-later | LGPL-2.1-only | LGPL-2.1-or-later | LGPL-3.0-only | LGPL-3.0-or-later | MIT | public-domain","blocked","blocked","blocked","required","open-review","unresolved-licence-scope,additional-notice-terms-scope-review"
"0d977cfc2d98020b4d09f55cd3b21b326b5c2794c1dda9fd3482df36ede7652e","deb","login.defs","1:4.17.4-2","1","hermes","BSD-3-Clause | GPL-1.0-only | GPL-2.0-only | GPL-2.0-or-later","required","required","not-required","required","bounded-decision",""
"ce86b2fee47aec3e05e838c4f7414867a1804644ea95ef307898a24542e9739c","deb","login.defs","1:4.17.4-2","2","memory-v4,reference-application","BSD-3-Clause | GPL-1.0-only | GPL-2.0-only | GPL-2.0-or-later","required","required","not-required","required","bounded-decision",""
"01f773d7d57229d194a9463bccfd8dff34a35d812c902b7a472d3f31e28d94cc","deb","make","4.4.1-2","1","hermes","GPL-3.0-only | GPL-3.0-or-later","required","required","not-required","required","bounded-decision",""
"2b77f04457e58e1ea7ad4e615c9717666aa8aae11ce24eb8f061235ce9614934","deb","mawk","1.3.4.20250131-1","2","memory-v4,reference-application","CC-BY-3.0 | GPL-2.0-only | X11","required","required","blocked","required","open-review","content-licence-scope,additional-notice-terms-scope-review"
"aa3977e039f445bd4f5401ac74f2afb5cf03bff158a05256d80cdb74a281b551","deb","mawk","1.3.4.20250131-1","1","hermes","CC-BY-3.0 | GPL-2.0-only | X11","required","required","blocked","required","open-review","content-licence-scope,additional-notice-terms-scope-review"
"3adb2967949f82500e429830186303d576080c5c2cc1f65a8e08c5b1468bd805","deb","media-types","13.0.0","2","unify-core,uniui","ad-hoc","blocked","blocked","blocked","required","open-review","unresolved-licence-scope"
"5d8e8a333bc5453fbe1067c3d40d648e9818493853b43fdceb566256e6bdce7e","deb","media-types","13.0.0","1","hermes","ad-hoc","blocked","blocked","blocked","required","open-review","unresolved-licence-scope"
"802c2c6f3bf9a40e5f0efbdc4220ae140753f8d0145ece5c0b93d133373f7294","deb","mesa-libgallium","25.0.7-2+deb13u1","1","hermes","Apache-2.0 | BSD-2-Clause | BSD-3-google | BSL-1.0 | GPL | GPL-1.0-only | GPL-1.0-or-later | GPL-2.0-only | Khronos | MIT | MLAA | SGI","blocked","blocked","blocked","required","open-review","unresolved-licence-scope,additional-notice-terms-scope-review"
"da4ff74b92389ef429c618e296386d7de36ebaaeeb1e3d4ce9eeb1245a56cadd","deb","mount","2.41-5","1","hermes","BSD-2-Clause | BSD-3-Clause | BSD-4-Clause | BSLA | GPL-2.0-only | GPL-2.0-or-later | GPL-3.0-only | GPL-3.0-or-later | ISC | LGPL | LGPL-2.0-only | LGPL-2.0-or-later | LGPL-2.1-only | LGPL-2.1-or-later | LGPL-3.0-only | LGPL-3.0-or-later | MIT | public-domain","blocked","blocked","blocked","required","open-review","unresolved-licence-scope,additional-notice-terms-scope-review"
"c32eec661e44507ea8e032fb9e3457d13a9467f8224f73ca809a067a4de823c2","deb","mount","2.41.5-0+deb13u1","2","memory-v4,reference-application","BSD-2-Clause | BSD-3-Clause | BSD-4-Clause | BSLA | GPL-2.0-only | GPL-2.0-or-later | GPL-3.0-only | GPL-3.0-or-later | ISC | LGPL | LGPL-2.0-only | LGPL-2.0-or-later | LGPL-2.1-only | LGPL-2.1-or-later | LGPL-3.0-only | LGPL-3.0-or-later | MIT | public-domain","blocked","blocked","blocked","required","open-review","unresolved-licence-scope,additional-notice-terms-scope-review"
"60069073c02f3e2d6649fc2c10589c5016a8c87b3154641342bb58e6eaf802fd","deb","ncurses-base","6.5+20250216-2","2","memory-v4,reference-application","BSD-3-Clause | X11","blocked","blocked","blocked","required","open-review","unresolved-licence-scope,additional-notice-terms-scope-review"
"b1502c171316f20caec811c6b1ffaa5612c1c30ddced7941c4bfcc0325065cc2","deb","ncurses-base","6.5+20250216-2","1","hermes","BSD-3-Clause | X11","blocked","blocked","blocked","required","open-review","unresolved-licence-scope,additional-notice-terms-scope-review"
"3b2542aaa9a56767ae342b626e800164af6d988939160358b916373452d103ef","deb","ncurses-bin","6.5+20250216-2","2","memory-v4,reference-application","BSD-3-Clause | X11","blocked","blocked","blocked","required","open-review","unresolved-licence-scope,additional-notice-terms-scope-review"
"a785f7ccccad9cfd11bcad2ab3c6f393e5f4d8a6eee7608363655c1006fc111f","deb","ncurses-bin","6.5+20250216-2","1","hermes","BSD-3-Clause | X11","blocked","blocked","blocked","required","open-review","unresolved-licence-scope,additional-notice-terms-scope-review"
"59ec745572b719e4f288a9e6c218beb684df2f8f3ef6367c90f623ba9b6e15e7","deb","netbase","6.5","2","unify-core,uniui","GPL-2.0-only","required","required","not-required","required","bounded-decision",""
"b02aa92d7b6efcf1dccc937a7b8836e902c422df895eec7c3d00152df119d4ac","deb","netbase","6.5","2","memory-v4,reference-application","GPL-2.0-only","required","required","not-required","required","bounded-decision",""
"e85d872deaef454e394bc7759ffc1519a10247558a90a298ab142c2f246a7ec3","deb","netbase","6.5","1","hermes","GPL-2.0-only","required","required","not-required","required","bounded-decision",""
"1e34d5bc93322273d496d9e435daddba47228b06f0488c99930892902a3b8653","deb","ocl-icd-libopencl1","2.3.3-1","1","hermes","Apache-2.0 | BSD-2-Clause","not-required","not-required","not-required","required","bounded-decision",""
"5fbc34835692fc051666b9891e297d8f4a5f0549f2cfedc1cf5fe71f616d8dd8","deb","openssh-client","1:10.0p1-7+deb13u4","1","hermes","BSD-2-Clause | BSD-3-Clause | Expat-with-advertising-restriction | Mazieres-BSD-style | OpenSSH | Powell-BSD-style | public-domain","blocked","blocked","blocked","required","open-review","unresolved-licence-scope,additional-notice-terms-scope-review"
"759f88571717b76796dee25ff289920f53d2b1254e881caa4c8d7fa6011067cb","deb","openssl","3.5.6-1~deb13u2","1","hermes","Apache-2.0 | Artistic | GPL-1.0-only | GPL-1.0-or-later","blocked","blocked","blocked","required","open-review","unresolved-licence-scope"
"690bdbe0f56d4820b5ee870f192966316a14299c1128ae652826a297322bc85f","deb","openssl","3.5.7-1~deb13u2","2","memory-v4,reference-application","Apache-2.0 | Artistic | GPL-1.0-only | GPL-1.0-or-later","blocked","blocked","blocked","required","open-review","unresolved-licence-scope"
"ba2ac1ecede2580dd03e416d64256b47325b079086baf6e78f05005f4bc999a1","deb","openssl-provider-legacy","3.5.6-1~deb13u2","1","hermes","Apache-2.0 | Artistic | GPL-1.0-only | GPL-1.0-or-later","blocked","blocked","blocked","required","open-review","unresolved-licence-scope"
"4569b9b9c6c3c24268d78cad40185ffeecdf440e7e7c755a07f47211f4396d25","deb","openssl-provider-legacy","3.5.7-1~deb13u2","2","memory-v4,reference-application","Apache-2.0 | Artistic | GPL-1.0-only | GPL-1.0-or-later","blocked","blocked","blocked","required","open-review","unresolved-licence-scope"
"bd48c2ef5fcaa7fdad82cf685c542e1ad1a7f33d73918ad4e5d131b188afda56","deb","passwd","1:4.17.4-2","2","memory-v4,reference-application","BSD-3-Clause | GPL-1.0-only | GPL-2.0-only | GPL-2.0-or-later","required","required","not-required","required","bounded-decision",""
"c91607b950ed39d78d72dd7ff31bb0648da4d64cf942c41f402984eb582df3a2","deb","passwd","1:4.17.4-2","1","hermes","BSD-3-Clause | GPL-1.0-only | GPL-2.0-only | GPL-2.0-or-later","required","required","not-required","required","bounded-decision",""
"2795e8085f13d5a9bb57fcc260816a08a9634293ec4c498ae0dfd76a044b4e5b","deb","perl","5.40.1-6","1","hermes","Artistic | Artistic-2 | Artistic-dist | BSD-3-Clause | BSD-3-clause-GENERIC | BSD-3-clause-with-weird-numbering | BSD-4-clause-POWERDOG | BZIP | DONT-CHANGE-THE-GPL | FSFAP | GPL-1.0-only | GPL-1.0-or-later | GPL-2.0-only | GPL-2.0-or-later | GPL-3+-WITH-BISON-EXCEPTION | LGPL-2.1-only | MIT | REGCOMP | SDBM-PUBLIC-DOMAIN | TEXT-TABS | Unicode | Zlib","blocked","blocked","blocked","required","open-review","unresolved-licence-scope,additional-notice-terms-scope-review"
"3149f15a6f16f644c3eb84cd9ebf80fd7eaac3fb002df917ed738701c82be273","deb","perl-base","5.40.1-6","1","hermes","Artistic | Artistic-2 | Artistic-dist | BSD-3-Clause | BSD-3-clause-GENERIC | BSD-3-clause-with-weird-numbering | BSD-4-clause-POWERDOG | BZIP | DONT-CHANGE-THE-GPL | FSFAP | GPL-1.0-only | GPL-1.0-or-later | GPL-2.0-only | GPL-2.0-or-later | GPL-3+-WITH-BISON-EXCEPTION | LGPL-2.1-only | MIT | REGCOMP | SDBM-PUBLIC-DOMAIN | TEXT-TABS | Unicode | Zlib","blocked","blocked","blocked","required","open-review","unresolved-licence-scope,additional-notice-terms-scope-review"
"c5fa34203269b97ba3cd8145d7a961c4ec1da33595f019db275737b71b8ca5d9","deb","perl-base","5.40.1-6","2","memory-v4,reference-application","Artistic | Artistic-2 | Artistic-dist | BSD-3-Clause | BSD-3-clause-GENERIC | BSD-3-clause-with-weird-numbering | BSD-4-clause-POWERDOG | BZIP | DONT-CHANGE-THE-GPL | FSFAP | GPL-1.0-only | GPL-1.0-or-later | GPL-2.0-only | GPL-2.0-or-later | GPL-3+-WITH-BISON-EXCEPTION | LGPL-2.1-only | MIT | REGCOMP | SDBM-PUBLIC-DOMAIN | TEXT-TABS | Unicode | Zlib","blocked","blocked","blocked","required","open-review","unresolved-licence-scope,additional-notice-terms-scope-review"
"cd5892c4a38dafc02eab90622f45b8f234539b7aa84c329cd967d72256d5e295","deb","perl-modules-5.40","5.40.1-6","1","hermes","Artistic | Artistic-2 | Artistic-dist | BSD-3-Clause | BSD-3-clause-GENERIC | BSD-3-clause-with-weird-numbering | BSD-4-clause-POWERDOG | BZIP | DONT-CHANGE-THE-GPL | FSFAP | GPL-1.0-only | GPL-1.0-or-later | GPL-2.0-only | GPL-2.0-or-later | GPL-3+-WITH-BISON-EXCEPTION | LGPL-2.1-only | MIT | REGCOMP | SDBM-PUBLIC-DOMAIN | TEXT-TABS | Unicode | Zlib","blocked","blocked","blocked","required","open-review","unresolved-licence-scope,additional-notice-terms-scope-review"
"476e2a9f12a60110cdca3327b7e1fc857e1ae89ce289f66e6fc4c80754f7e4af","deb","pkg-config","1.8.1-4","1","hermes","BSD-2-Clause | BSD-4-Clause | GPL-2.0-only | GPL-2.0-or-later | ISC | X11","required","required","blocked","required","open-review","additional-notice-terms-scope-review"
"f5714b0df78941c281f1bc1c3b6cb48081ece1abac436dfed93951ecf0201398","deb","pkgconf","1.8.1-4","1","hermes","BSD-2-Clause | BSD-4-Clause | GPL-2.0-only | GPL-2.0-or-later | ISC | X11","required","required","blocked","required","open-review","additional-notice-terms-scope-review"
"93cb624593cf83e845b0af6597179703cf35ccf8ce328888bc30bf0a8f22e3ac","deb","pkgconf-bin","1.8.1-4","1","hermes","BSD-2-Clause | BSD-4-Clause | GPL-2.0-only | GPL-2.0-or-later | ISC | X11","required","required","blocked","required","open-review","additional-notice-terms-scope-review"
"c7c3368a79cb0b16fb3078ce9a45fa733fde1957e0cfda4bf40b4df2c8b3e6e1","deb","procps","2:4.0.4-9","1","hermes","GPL-2.0-only | GPL-2.0-or-later | LGPL-2.0-only | LGPL-2.0-or-later | LGPL-2.1-only | LGPL-2.1-or-later","required","required","required","required","bounded-decision",""
"c9e9bc54b72bb2159b5caf1d43a500d80f41472a4de9d803d7d26dfc5aa30e65","deb","python-is-python3","3.13.3-1","1","hermes","GPL-3.0-only","required","required","not-required","required","bounded-decision",""
"ddf02dc6063e6c6f40d53f854454c300c48eb51dc6471fb3b0f335959692dafc","deb","python3","3.13.5-1","1","hermes","","blocked","blocked","blocked","required","open-review","unresolved-licence-scope,additional-notice-terms-scope-review"
"a41c1fdabeb00f4ad30d39a273e86aadceee6e3e22cb785cdd7d46379b35d176","deb","python3-dev","3.13.5-1","1","hermes","","blocked","blocked","blocked","required","open-review","unresolved-licence-scope,additional-notice-terms-scope-review"
"d8eaa614a92c71669a102cea2e6cba374c7924763f8687d0ef67c7cbe8a94aba","deb","python3-minimal","3.13.5-1","1","hermes","","blocked","blocked","blocked","required","open-review","unresolved-licence-scope,additional-notice-terms-scope-review"
"a667afd43f7d97d4b6e855a7deea5fe56ec62fa6058bf8f551590f1986a426ae","deb","python3-pip-whl","25.1.1+dfsg-1","1","hermes","Apache-2.0 | BSD-2-Clause | BSD-3-Clause | ISC | MIT | MPL-2.0 | Python","blocked","blocked","blocked","required","open-review","unresolved-licence-scope,additional-notice-terms-scope-review"
"a305056759f8c865f73caa5071f2a855b548e28f46ec8035b6282109985697cf","deb","python3-setuptools-whl","78.1.1-0.1","1","hermes","Apache-2.0 | BSD-3-Clause | MIT","not-required","not-required","not-required","required","bounded-decision",""
"bb58265139999b1fa313a06c71e78d91461ac3c3389ec310596e8b66785b1640","deb","python3-venv","3.13.5-1","1","hermes","","blocked","blocked","blocked","required","open-review","unresolved-licence-scope,additional-notice-terms-scope-review"
"8a7dfcdc15e750bc3922a734a74a380f238ef223f29171e868c292aca0e275ec","deb","python3.13","3.13.5-2+deb13u4","1","hermes","","blocked","blocked","blocked","required","open-review","unresolved-licence-scope,additional-notice-terms-scope-review"
"34e136b2be42f49e316d7b39bb0df712634a28446ceb638355889dbdb0fea574","deb","python3.13-dev","3.13.5-2+deb13u4","1","hermes","","blocked","blocked","blocked","required","open-review","unresolved-licence-scope,additional-notice-terms-scope-review"
"676ab433467c98319db240e516bc5de3dd02c135e28067db3bbc40aa385bacdd","deb","python3.13-minimal","3.13.5-2+deb13u4","1","hermes","","blocked","blocked","blocked","required","open-review","unresolved-licence-scope,additional-notice-terms-scope-review"
"820f7dbb595bd6da1fba6a56f58a0a4155b1a5e98abc2a9cf7f8bc689f79bf87","deb","python3.13-venv","3.13.5-2+deb13u4","1","hermes","","blocked","blocked","blocked","required","open-review","unresolved-licence-scope,additional-notice-terms-scope-review"
"c5127f13132b0087c1cb9085e1d7e5ae62e8b963752383d93f778bcc9777851b","deb","readline-common","8.2-6","2","memory-v4,reference-application","GFDL | GFDL-NIV-1.3+ | GPL-2.0-only | GPL-2.0-or-later | GPL-3.0-only | GPL-3.0-or-later | ISC-no-attribution","blocked","blocked","blocked","required","open-review","unresolved-licence-scope,additional-notice-terms-scope-review"
"efd3258bf98cb80defe15571986cca6cfbe979eb9b53461f366a485a6b4737b9","deb","readline-common","8.2-6","1","hermes","GFDL | GFDL-NIV-1.3+ | GPL-2.0-only | GPL-2.0-or-later | GPL-3.0-only | GPL-3.0-or-later | ISC-no-attribution","blocked","blocked","blocked","required","open-review","unresolved-licence-scope,additional-notice-terms-scope-review"
"37bb64cd50bfa8dcb8d4126a2506e274b387c8a82a13cdbaa42f2eeb748edf83","deb","ripgrep","14.1.1-1+b4","1","hermes","BSD-3-Clause | MIT | Unlicense","not-required","not-required","not-required","required","bounded-decision",""
"38441da2c8bf96057bac5d21584dedd640a578f0f71e234cb2463096a2c723e1","deb","rpcsvc-proto","1.4.3-1","1","hermes","BSD-3-Clause | GPL-2+-autoconf-exception | GPL-2.0-only | GPL-3+-autoconf-exception | GPL-3.0-only | MIT | permissive-autoconf-m4 | permissive-autoconf-m4-no-warranty | permissive-configure | permissive-fsf | permissive-makefile-in","blocked","blocked","blocked","required","open-review","unresolved-licence-scope,additional-notice-terms-scope-review"
"f22bbb85d167b2ab61a397d2741050e16813394109b6bda2e6e777b481680242","deb","sed","4.9-2","1","hermes","BSD-4-clause-UC | BSL-1.0 | GFDL-1.3 | GFDL-NIV-1.3+ | GPL-3.0-only | GPL-3.0-or-later | ISC | X11 | pcre","blocked","blocked","blocked","required","open-review","unresolved-licence-scope,additional-notice-terms-scope-review"
"9660a4c65bd6896cab92205d6a7ce1e61db82b49c2206343e1d150a1b0b2442d","deb","sed","4.9-2+deb13u1","2","memory-v4,reference-application","BSD-4-clause-UC | BSL-1.0 | GFDL-1.3 | GFDL-NIV-1.3+ | GPL-3.0-only | GPL-3.0-or-later | ISC | X11 | pcre","blocked","blocked","blocked","required","open-review","unresolved-licence-scope,additional-notice-terms-scope-review"
"74b328364589163647ad281d84a12eb2f4ddfa51ccb9fe842c49e6da4b5a6ea0","deb","shared-mime-info","2.4-5+b2","1","hermes","","blocked","blocked","blocked","required","open-review","unresolved-licence-scope"
"60611b510ce0c78569616ae5460de7fb050a06c2842c889c5ac960d54b01182b","deb","sqv","1.3.0-3+b2","1","hermes","LGPL-2.0-only | LGPL-2.0-or-later","required","required","required","required","bounded-decision",""
"e0608f965a5b118774dc33dc496bdbbb385902a48227a762b27f8b89218f5631","deb","sqv","1.3.0-3+b2","2","memory-v4,reference-application","LGPL-2.0-only | LGPL-2.0-or-later","required","required","required","required","bounded-decision",""
"4eea7cb52b87de84b05ad7ae30a96fc4ba63bc00f1d3b8ec23b597085e6db0f9","deb","sysvinit-utils","3.14-4","1","hermes","GPL-2.0-only | GPL-2.0-or-later | GPL-3.0-only | LGPL-2.1-only | LGPL-2.1-or-later","required","required","required","required","bounded-decision",""
"a2fce6adb86cba654012d7a42c94dc3b05f5e33ba9a7b86a43496ca6e10da3f9","deb","sysvinit-utils","3.14-4","2","memory-v4,reference-application","GPL-2.0-only | GPL-2.0-or-later | GPL-3.0-only | LGPL-2.1-only | LGPL-2.1-or-later","required","required","required","required","bounded-decision",""
"a7bf5c638ef96d8bb68a1c1cc6cb4e75a7623815127df3964d7c1ed706a538dd","deb","tar","1.35+dfsg-3.1","2","memory-v4,reference-application","GPL-2.0-only | GPL-2.0-or-later | GPL-3.0-only | GPL-3.0-or-later | LGPL-2.1-only | LGPL-2.1-or-later | LGPL-3.0-only | LGPL-3.0-or-later","required","required","required","required","bounded-decision",""
"bb149652a3e780ac2f6a99f912006f9eca3df7371a54da86dc29b9ff6edf8713","deb","tar","1.35+dfsg-3.1","1","hermes","GPL-2.0-only | GPL-2.0-or-later | GPL-3.0-only | GPL-3.0-or-later | LGPL-2.1-only | LGPL-2.1-or-later | LGPL-3.0-only | LGPL-3.0-or-later","required","required","required","required","bounded-decision",""
"f92e3f1dcef0df9f05267ef47b3e6371bbc2c361a3e47308519a34dab2abfb64","deb","tzdata","2026a-0+deb13u1","1","hermes","public-domain","blocked","blocked","blocked","required","open-review","unresolved-licence-scope,additional-notice-terms-scope-review"
"91e2f1746f71959e289a5148e7734825b9089fb16ee6d20c16585d76c01a88d3","deb","tzdata","2026b-0+deb13u1","2","memory-v4,reference-application","public-domain","blocked","blocked","blocked","required","open-review","unresolved-licence-scope,additional-notice-terms-scope-review"
"a87a016a7057153f31f465ca7fc98c7bdf380d29f91a9f3453d1f8f6dcc07953","deb","tzdata","2026b-0+deb13u1","2","unify-core,uniui","public-domain","blocked","blocked","blocked","required","open-review","unresolved-licence-scope,additional-notice-terms-scope-review"
"fdc993a52511146028a94c5bb7976fd61efff85945b8be187edc4f08a58b24fa","deb","tzdata-legacy","2026b-0+deb13u1","2","unify-core,uniui","public-domain","blocked","blocked","blocked","required","open-review","unresolved-licence-scope,additional-notice-terms-scope-review"
"d48db568259266a25679a7285b82bb7b1e479e2a9dfdd05796ac5506b00aaafb","deb","util-linux","2.41-5","1","hermes","BSD-2-Clause | BSD-3-Clause | BSD-4-Clause | BSLA | GPL-2.0-only | GPL-2.0-or-later | GPL-3.0-only | GPL-3.0-or-later | ISC | LGPL | LGPL-2.0-only | LGPL-2.0-or-later | LGPL-2.1-only | LGPL-2.1-or-later | LGPL-3.0-only | LGPL-3.0-or-later | MIT | public-domain","blocked","blocked","blocked","required","open-review","unresolved-licence-scope,additional-notice-terms-scope-review"
"ec78e7d921cca568647d8c3fb6e7f74d86e96baf31746f45452b676784b7e27e","deb","util-linux","2.41.5-0+deb13u1","2","memory-v4,reference-application","BSD-2-Clause | BSD-3-Clause | BSD-4-Clause | BSLA | GPL-2.0-only | GPL-2.0-or-later | GPL-3.0-only | GPL-3.0-or-later | ISC | LGPL | LGPL-2.0-only | LGPL-2.0-or-later | LGPL-2.1-only | LGPL-2.1-or-later | LGPL-3.0-only | LGPL-3.0-or-later | MIT | public-domain","blocked","blocked","blocked","required","open-review","unresolved-licence-scope,additional-notice-terms-scope-review"
"da25ad0717a223a5e30448bad2931d36a10cd3a7405ad53bbe8a6b80e1e6f264","deb","x11-common","1:7.7+24+deb13u1","1","hermes","","blocked","blocked","blocked","required","open-review","unresolved-licence-scope,additional-notice-terms-scope-review"
"03bb1dd66efd7fff0445f00db3a40c280c5db1d64d1b0d9e60b51216f64ec822","deb","x11-xkb-utils","7.7+9","1","hermes","","blocked","blocked","blocked","required","open-review","unresolved-licence-scope,additional-notice-terms-scope-review"
"80e7a7d1220003aa676f132c61fb68689721cf96e60ab65b074f4c85a3c0090e","deb","xfonts-encodings","1:1.0.4-2.2","1","hermes","","blocked","blocked","blocked","required","open-review","unresolved-licence-scope,additional-notice-terms-scope-review"
"5b0c3b5b6edaca2554550b7144b01de0aa9bccd0ef692d8260ff8e53581e89ab","deb","xfonts-scalable","1:1.0.3-1.3","1","hermes","","blocked","blocked","blocked","required","open-review","unresolved-licence-scope"
"3affa74899b12eeae3988ccfa6f29338725dac9b860a68aa9b1ea1e0797c1a04","deb","xfonts-utils","1:7.7+7","1","hermes","","blocked","blocked","blocked","required","open-review","unresolved-licence-scope,additional-notice-terms-scope-review"
"72a892dc2b30ea158242a67f91e13dfd93e5e36c161e052d1daeeea019660a52","deb","xkb-data","2.42-1","1","hermes","","blocked","blocked","blocked","required","open-review","unresolved-licence-scope,additional-notice-terms-scope-review"
"0f5513a1e2ac6c7e84c684e91378b83d3ad8b89c7a8d3889fb29c6f8d1d6434e","deb","xserver-common","2:21.1.16-1.3+deb13u3","1","hermes","","blocked","blocked","blocked","required","open-review","unresolved-licence-scope,additional-notice-terms-scope-review"
"87cd925f7d4560ded345c2820d55df6d5b1d9d9ceddf62bfc094410e60f9700e","deb","xvfb","2:21.1.16-1.3+deb13u3","1","hermes","","blocked","blocked","blocked","required","open-review","unresolved-licence-scope,additional-notice-terms-scope-review"
"d1df8997b0a9b9443977d5c00a75d9ce3aaed4ba6720447add00d167363cc387","deb","xz-utils","5.8.1-1+deb13u1","1","hermes","0BSD | FSFUL | FSFULLR | GPL-2.0-only | GPL-2.0-or-later | GPL-3.0-only | GPL-3.0-or-later-WITH-Autoconf-exception-macro | LGPL-2.1-only | LGPL-2.1-or-later | PD | PD-debian | noderivs | permissive-nowarranty","blocked","blocked","blocked","required","open-review","unresolved-licence-scope,additional-notice-terms-scope-review"
"3fe2ff82fd0eb82fbbb1246ba8e14e69291943d33f696d723f2be0067a99f982","deb","zlib1g","1:1.3.dfsg+really1.3.1-1+b1","1","hermes","Zlib","not-required","not-required","not-required","required","bounded-decision",""
"5a0d1f590d3598f1c4580cad63169ed1dfc4a8e563e58d59faf2dc82a5db482d","deb","zlib1g","1:1.3.dfsg+really1.3.1-1+b1","2","memory-v4,reference-application","Zlib","not-required","not-required","not-required","required","bounded-decision",""
"90a1c10a4e305988f6b70221a1510e00fd02ea4e15fdf5c4dfb67db30a989455","deb","zlib1g","1:1.3.dfsg+really1.3.1-1+b1","2","unify-core,uniui","Zlib","not-required","not-required","not-required","required","bounded-decision",""
"70f05bc0e053b43b55ddc003307f704d8fcafb962bcd224e8ec146ad7167b4a8","deb","zlib1g-dev","1:1.3.dfsg+really1.3.1-1+b1","1","hermes","Zlib","not-required","not-required","not-required","required","bounded-decision",""
"27ab76d8688b3441cc593a106e673e639d390b04bad57729541bd5fd972b5ba6","go-module","caddy","v0.0.0-20250822212934-551f793700fe","1","caddy","Apache-2.0","not-required","not-required","not-required","required","bounded-decision",""
"78aae0408ed33e88fe391f0e21d843afa01c7120d91dd16534ccfa08b78ffa27","go-module","cel.dev/expr","v0.24.0","1","caddy","Apache-2.0","not-required","not-required","not-required","required","bounded-decision",""
"cc881cd65602350892409ef629f4172220ea068d308e4d8c05d7304350fda7c5","go-module","cloud.google.com/go/auth","v0.16.2","1","caddy","Apache-2.0","not-required","not-required","not-required","required","bounded-decision",""
"c5733cd99c555adac8a970ee4c8d0003fddf74079651cf87c050bade2b81c7ed","go-module","cloud.google.com/go/auth/oauth2adapt","v0.2.8","1","caddy","Apache-2.0","not-required","not-required","not-required","required","bounded-decision",""
"3d9c0a401804b44a5a97321dd80fb3ac69c12550baa16c05fac944b5016034d7","go-module","cloud.google.com/go/compute/metadata","v0.7.0","1","caddy","Apache-2.0","not-required","not-required","not-required","required","bounded-decision",""
"c38fd45dcf9928632628d02e4e40d3f4897e1e17dd14de3aec6291e269c61ef0","go-module","dario.cat/mergo","v1.0.1","1","caddy","BSD-3-Clause","not-required","not-required","not-required","required","bounded-decision",""
"2229fb4b809c52019cd2e1d2d25f278829bfb48cdc9136fe61837e677fa1af9a","go-module","filippo.io/edwards25519","v1.1.0","1","caddy","BSD-3-Clause","not-required","not-required","not-required","required","bounded-decision",""
"a81aff25d142717a134377711a37d856f34016a1ac3c3684e882457c05ea6832","go-module","github.com/BurntSushi/toml","v1.5.0","1","caddy","MIT","not-required","not-required","not-required","required","bounded-decision",""
"3cdfcd7c1155220afc9c8537cbc0a23f5d837862cb6983e83ec563011fa17cda","go-module","github.com/KimMachineGun/automemlimit","v0.7.4","1","caddy","MIT","not-required","not-required","not-required","required","bounded-decision",""
"55d020a4bd4ad9eb861d4a04bda2784afe324191db44e039bd13d62e8a2150b0","go-module","github.com/Masterminds/goutils","v1.1.1","1","caddy","Apache-2.0","not-required","not-required","not-required","required","bounded-decision",""
"e96c282cf44ef6f7f1ffb57fc3ecdbeafdcb6785795ad5d6c676da3e50324be0","go-module","github.com/Masterminds/semver/v3","v3.3.0","1","caddy","MIT","not-required","not-required","not-required","required","bounded-decision",""
"57b4ea537ea182a1b83aa7b16dd3a48005742e38a3adc9a74849ff5762520bd3","go-module","github.com/Masterminds/sprig/v3","v3.3.0","1","caddy","MIT","not-required","not-required","not-required","required","bounded-decision",""
"3b59cb980d405afa84c065ff99ee890df8c26314998e92f5b7ee49608318673a","go-module","github.com/alecthomas/chroma/v2","v2.20.0","1","caddy","MIT","not-required","not-required","not-required","required","bounded-decision",""
"2452c0150b19979ee4dbc39de12526a744145151178a7c94b28afded338c58d6","go-module","github.com/antlr4-go/antlr/v4","v4.13.0","1","caddy","BSD-3-Clause","not-required","not-required","not-required","required","bounded-decision",""
"9f08889ebedd850be7ce6a9ad452d852f806b38adceb07d8ff26bd2d7a31de25","go-module","github.com/aryann/difflib","v0.0.0-20210328193216-ff5ff6dc229b","1","caddy","MIT","not-required","not-required","not-required","required","bounded-decision",""
"a041a014cb8cea1dad33d4c22865bf420f81d819a598f2a29a479a83e582b5d8","go-module","github.com/beorn7/perks","v1.0.1","1","caddy","MIT","not-required","not-required","not-required","required","bounded-decision",""
"e80c2e3767e8ae14e2aa279165dda40f9bae2f6594c68f2d12cdc0f3fef8ec1e","go-module","github.com/caddyserver/caddy/v2","v2.10.2","1","caddy","Apache-2.0","not-required","not-required","not-required","required","bounded-decision",""
"fa24853d300320a0da2e05a7e61270ffb8fd19987fbd611f9a736f8f0ae6204c","go-module","github.com/caddyserver/certmagic","v0.24.0","1","caddy","Apache-2.0","not-required","not-required","not-required","required","bounded-decision",""
"d32fed2da783a7452b06434407a31514a9b65cbbd44478dc2ba7ca18322994a1","go-module","github.com/caddyserver/zerossl","v0.1.3","1","caddy","MIT","not-required","not-required","not-required","required","bounded-decision",""
"08b758302f3ab50a2ddb2cb83a0ea7776c9f68fe31e48287cdfff9641bb462df","go-module","github.com/ccoveille/go-safecast","v1.6.1","1","caddy","MIT","not-required","not-required","not-required","required","bounded-decision",""
"37f1274ae654b8af9fb423d75718daa5f33fe5173f7611e7a1b9a9c694da9c7e","go-module","github.com/cenkalti/backoff/v5","v5.0.2","1","caddy","MIT","not-required","not-required","not-required","required","bounded-decision",""
"f71b110780de5f010744a57e67bf251bed13a994bd59688cd5d0c58caba0816a","go-module","github.com/cespare/xxhash/v2","v2.3.0","1","caddy","MIT","not-required","not-required","not-required","required","bounded-decision",""
"01df2bb469afdde7b50902d4e726019dc58f4aeb704595820956c70492e3918a","go-module","github.com/chzyer/readline","v1.5.1","1","caddy","MIT","not-required","not-required","not-required","required","bounded-decision",""
"7c2086436553a9885b24b21894d369d8d9fb8b1348735413b773ca331845e533","go-module","github.com/cloudflare/circl","v1.6.1","1","caddy","BSD-3-Clause","not-required","not-required","not-required","required","bounded-decision",""
"9ca22890f2dab37d00c273e610b98882b1dd106f77fa3e720ff6ef768e91fe7c","go-module","github.com/coreos/go-oidc/v3","v3.14.1","1","caddy","Apache-2.0","not-required","not-required","not-required","required","bounded-decision",""
"fd64808a7e466ab52f38ad20667405ddb460ef87823d16d8cd3a5600963e517b","go-module","github.com/cpuguy83/go-md2man/v2","v2.0.7","1","caddy","MIT","not-required","not-required","not-required","required","bounded-decision",""
"fd6943700d0e3c4ecc5892fe99b4a9bd984348a1f9a810e3860e3d37125dc59b","go-module","github.com/dlclark/regexp2","v1.11.5","1","caddy","MIT","not-required","not-required","not-required","required","bounded-decision",""
"b6a5bc86e6d51c0a011b191bdfd2e1bff73a7fb31f7fd44a28e5beb779a3be30","go-module","github.com/docker/cli/cmd/docker","UNKNOWN","1","hermes","LicenseRef-Debian-DockerCLI-26.1.5-Distribution","blocked","blocked","blocked","required","open-review","unresolved-licence-scope,additional-notice-terms-scope-review"
"cb219c51deda45653ec3e74bc6fd46f3f77119772851c316c9cc305f32770fee","go-module","github.com/dustin/go-humanize","v1.0.1","1","caddy","MIT","not-required","not-required","not-required","required","bounded-decision",""
"b74f83cca7ae1250d11c6d917514933647f1c952d845c6b6ba85a08e249da93c","go-module","github.com/felixge/httpsnoop","v1.0.4","1","caddy","MIT","not-required","not-required","not-required","required","bounded-decision",""
"6bf832afe30a4d8dd85f9df6238d0b30c58e1efaf48b08f6bf7584cf61aa60f0","go-module","github.com/francoispqt/gojay","v1.2.13","1","caddy","MIT","not-required","not-required","not-required","required","bounded-decision",""
"252847f58db9daff3cb3b4138ab52ec3499e05e8ca98b6413809caef85ed9c74","go-module","github.com/fxamacker/cbor/v2","v2.8.0","1","caddy","MIT","not-required","not-required","not-required","required","bounded-decision",""
"28d53beb65b624ef24c08078443d245b1ef917be6037f01575857064d2c1acd5","go-module","github.com/go-chi/chi/v5","v5.2.2","1","caddy","MIT","not-required","not-required","not-required","required","bounded-decision",""
"629f12885a09ae7031f078ce769a2482197063c1efe4b2b6118c1fc8b73f89ee","go-module","github.com/go-jose/go-jose/v3","v3.0.4","1","caddy","Apache-2.0 | BSD-3-Clause","not-required","not-required","not-required","required","bounded-decision",""
"563736c56eb357d6bbf132e4eb23ec285086e3b15cb7113da04c85cfb3720581","go-module","github.com/go-jose/go-jose/v4","v4.0.5","1","caddy","Apache-2.0 | BSD-3-Clause","not-required","not-required","not-required","required","bounded-decision",""
"9834a569ce8c7a94ebe164fd90cb9a372036ea53ce5f9348a6447ab5b2e89d10","go-module","github.com/go-logr/logr","v1.4.3","1","caddy","Apache-2.0","not-required","not-required","not-required","required","bounded-decision",""
"279348d36ce94a03f1bd1779161d546caef802f494a41e3940022da1043995b1","go-module","github.com/go-logr/stdr","v1.2.2","1","caddy","Apache-2.0","not-required","not-required","not-required","required","bounded-decision",""
"8b3d143b58b8e1938aa91edbf192a7fda4ba34611519a3b8493ba71379a6444e","go-module","github.com/google/cel-go","v0.26.0","1","caddy","Apache-2.0 | BSD-3-Clause","not-required","not-required","not-required","required","bounded-decision",""
"c96e86a7f6dcd660457f15d8f3b80f693e5493b446e7ef0ffbad74318949c65e","go-module","github.com/google/certificate-transparency-go","v1.1.8-0.20240110162603-74a5dd331745","1","caddy","Apache-2.0","not-required","not-required","not-required","required","bounded-decision",""
"b54789707614a12033253cc25b85f467e533205429b2f3f9a29062d9ff86655c","go-module","github.com/google/go-tpm","v0.9.5","1","caddy","Apache-2.0","not-required","not-required","not-required","required","bounded-decision",""
"1a45f8681ca41d88011a45b9882cabbbf96144bf8dca17b63f8d84c9d0ce7104","go-module","github.com/google/go-tspi","v0.3.0","1","caddy","Apache-2.0","not-required","not-required","not-required","required","bounded-decision",""
"c5794b54e1b9e96d14dc3db088298575c0b2e5ef1e97ef5f9432d6f1a4147404","go-module","github.com/google/s2a-go","v0.1.9","1","caddy","Apache-2.0","not-required","not-required","not-required","required","bounded-decision",""
"93ee8b62116761c6368dce95db2d64f5bb47d28bb584e641c228ac1523dcacf9","go-module","github.com/google/uuid","v1.6.0","1","caddy","BSD-3-Clause","not-required","not-required","not-required","required","bounded-decision",""
"dbb87bdaee6c18a364ba329aec23db0643fd3a1a6fef60d166c90f76b54a110e","go-module","github.com/googleapis/enterprise-certificate-proxy","v0.3.6","1","caddy","Apache-2.0","not-required","not-required","not-required","required","bounded-decision",""
"3b553453cc7e6bfc2d55186d40e68dd00d8088fade4e1fc24e8255ef826a8a7f","go-module","github.com/googleapis/gax-go/v2","v2.14.2","1","caddy","BSD-3-Clause","not-required","not-required","not-required","required","bounded-decision",""
"f0169e6caa999c6be0705695eb3d0675a9915968171ade4e231312ab27370a7c","go-module","github.com/grpc-ecosystem/grpc-gateway/v2","v2.27.1","1","caddy","BSD-3-Clause","not-required","not-required","not-required","required","bounded-decision",""
"9ef6fdd3348c872381793701f44a1860753cab76946a4d55ca7fe3b1c9144d91","go-module","github.com/huandu/xstrings","v1.5.0","1","caddy","MIT","not-required","not-required","not-required","required","bounded-decision",""
"873287bee30032cb3444fdcae30fa84ff55ad24bf6b7ff54ebf168c07b517b36","go-module","github.com/klauspost/compress","v1.18.0","1","caddy","Apache-2.0 | BSD-3-Clause | MIT","not-required","not-required","not-required","required","bounded-decision",""
"75b7d456c366396f114754bf8fc4d4ce3125ebabace0cfd2cb6543f5f0456a71","go-module","github.com/klauspost/cpuid/v2","v2.3.0","1","caddy","MIT","not-required","not-required","not-required","required","bounded-decision",""
"3e4f679638573daaeebf19980254c432269c21bc17ede30375362685eef3208a","go-module","github.com/libdns/libdns","v1.1.0","1","caddy","MIT","not-required","not-required","not-required","required","bounded-decision",""
"037ccb0cf2185a2fd52a6780417984889d6aa29b8adac5f22de06a5eac31ce9e","go-module","github.com/manifoldco/promptui","v0.9.0","1","caddy","BSD-3-Clause","not-required","not-required","not-required","required","bounded-decision",""
"bbabe391d329ceb3e5c6f84dc5dd06d15f7fd1e59fe1edd86d66157a6f8b1734","go-module","github.com/mattn/go-colorable","v0.1.13","1","caddy","MIT","not-required","not-required","not-required","required","bounded-decision",""
"167e010a653cb8e359509cd4d24798c274c292a270fae8aa64a48fcc46786272","go-module","github.com/mattn/go-isatty","v0.0.20","1","caddy","MIT","not-required","not-required","not-required","required","bounded-decision",""
"2b7f0c577ff0233720db342c2c753c2e89d3ae7b6c70396206bafe0ae9e20b2d","go-module","github.com/mgutz/ansi","v0.0.0-20200706080929-d51e80ef957d","1","caddy","MIT","not-required","not-required","not-required","required","bounded-decision",""
"df8b43968bd512b668d81cd9e869ed6eaf4af249293e85af23420d5b288a8028","go-module","github.com/mholt/acmez/v3","v3.1.2","1","caddy","Apache-2.0","not-required","not-required","not-required","required","bounded-decision",""
"2d3f2607d80593936ffe2519fd6c8898db4eb6a0fd6c62faafa90dfee77a55d5","go-module","github.com/miekg/dns","v1.1.63","1","caddy","BSD-3-Clause","not-required","not-required","not-required","required","bounded-decision",""
"9a3807c127b8aac4626d5081b7d9a3f6a0a257d5d4031bcf338d108236e1b13e","go-module","github.com/mitchellh/copystructure","v1.2.0","1","caddy","MIT","not-required","not-required","not-required","required","bounded-decision",""
"360ed096690706accbd6d7fe245bf2a962100e0c049b0f6d62257504a837e5dc","go-module","github.com/mitchellh/go-ps","v1.0.0","1","caddy","MIT","not-required","not-required","not-required","required","bounded-decision",""
"d14c7978d28f2fca40bc1339003b94883e07c833cbad292ae09393d04d55827b","go-module","github.com/mitchellh/reflectwalk","v1.0.2","1","caddy","MIT","not-required","not-required","not-required","required","bounded-decision",""
"8b99ab6ec4c2cb9cf2d014dce1f87e4f11076f81e33dec96a51eaeaf61498ad8","go-module","github.com/moby/sys/user","v0.1.0","1","postgresql","Apache-2.0","not-required","not-required","not-required","required","bounded-decision",""
"1b448e76b5f6df6ee51dcff647812055cbe2438fa2a22b1682207262b82ff400","go-module","github.com/munnerz/goautoneg","v0.0.0-20191010083416-a7dc8b61c822","1","caddy","BSD-3-Clause","not-required","not-required","not-required","required","bounded-decision",""
"51c67179a517aa3075fb9333f21e6b3d260248c916c0d071983538d45bc5352d","go-module","github.com/pbnjay/memory","v0.0.0-20210728143218-7b4eea64cf58","1","caddy","BSD-3-Clause","not-required","not-required","not-required","required","bounded-decision",""
"67a47c04634954bf1ba9efdfffc3be543ac938bc450fa9a4d48de69d812c9e5f","go-module","github.com/pires/go-proxyproto","v0.8.1","1","caddy","Apache-2.0","not-required","not-required","not-required","required","bounded-decision",""
"af2780ffa70741d99ae78ddbd908573a042d6e8fded6eb2b33ac42d39a9109a2","go-module","github.com/pkg/errors","v0.9.1","1","caddy","BSD-2-Clause","not-required","not-required","not-required","required","bounded-decision",""
"15339b2164961ee5ecc78d1a486cc6040c7f1c2a68c33aa0fb7306accd331281","go-module","github.com/prometheus/client_golang","v1.23.0","1","caddy","Apache-2.0 | BSD-3-Clause","not-required","not-required","not-required","required","bounded-decision",""
"8df926aa9f3df8fa5f3c7c5fecbb899d4523742bf3ec220156dae836ef090f04","go-module","github.com/prometheus/client_model","v0.6.2","1","caddy","Apache-2.0","not-required","not-required","not-required","required","bounded-decision",""
"7d1f9bdd29f3be4bde51918ca66156111504abf42d9c8f423cf1b1dc83a2816b","go-module","github.com/prometheus/common","v0.65.0","1","caddy","Apache-2.0","not-required","not-required","not-required","required","bounded-decision",""
"d7e9c825178d030e64bd98e2d81b9c4121b5d1fee6c143885e9d2629c032b597","go-module","github.com/prometheus/procfs","v0.16.1","1","caddy","Apache-2.0","not-required","not-required","not-required","required","bounded-decision",""
"66a277752eb30f3c805fee65e54962088285c272f3a8bc1f4f2770b136a05867","go-module","github.com/quic-go/qpack","v0.5.1","1","caddy","MIT","not-required","not-required","not-required","required","bounded-decision",""
"ee82ade0cfc20bb425f173c07164fedbbe82078ff3646acc947719eb03ccbbe5","go-module","github.com/quic-go/quic-go","v0.54.0","1","caddy","MIT","not-required","not-required","not-required","required","bounded-decision",""
"0334c4a577c7b99713036b767dad076040d991641bf53cb3ecd7966bcc76d984","go-module","github.com/rs/xid","v1.6.0","1","caddy","MIT","not-required","not-required","not-required","required","bounded-decision",""
"f491a50fcec90c5fbfe98810e72c3454c80005dc45bbc09dfae46fd503535112","go-module","github.com/russross/blackfriday/v2","v2.1.0","1","caddy","BSD-2-Clause","not-required","not-required","not-required","required","bounded-decision",""
"fd93bad71a378de66a21f08179bd0d547c828cb0b12c2eda95e58f512184c73d","go-module","github.com/shopspring/decimal","v1.4.0","1","caddy","MIT","not-required","not-required","not-required","required","bounded-decision",""
"81b4419f8d2b936f71863e757d295bac93b075f99de9ddbb6f9cdba5b125e95b","go-module","github.com/shurcooL/sanitized_anchor_name","v1.0.0","1","caddy","MIT","not-required","not-required","not-required","required","bounded-decision",""
"482649a43f82b18d5f188ff0be3e0b8d8ef86be362319c9be57483a7db8237c3","go-module","github.com/sirupsen/logrus","v1.9.3","1","caddy","MIT","not-required","not-required","not-required","required","bounded-decision",""
"9b16e354a6899d3874039578657c8b5351205f9b74792599682a601bf3e8255e","go-module","github.com/slackhq/nebula","v1.9.5","1","caddy","MIT","not-required","not-required","not-required","required","bounded-decision",""
"94e3147cdb6809a33cf1d58f56aa852266cdc697c99848d8857cc7c6bf7e4445","go-module","github.com/smallstep/certificates","v0.28.4","1","caddy","Apache-2.0","not-required","not-required","not-required","required","bounded-decision",""
"092df1ad50748bf4c98f260b818e6bf24f959938d7c5359b7a36b48e400caf5b","go-module","github.com/smallstep/cli-utils","v0.12.1","1","caddy","Apache-2.0 | BSD-2-Clause","not-required","not-required","not-required","required","bounded-decision",""
"e4e706e0a9d3547d76cf3bbf27e4a002f923d5bffff90584c37b31542a2dac1e","go-module","github.com/smallstep/go-attestation","v0.4.4-0.20241119153605-2306d5b464ca","1","caddy","Apache-2.0","not-required","not-required","not-required","required","bounded-decision",""
"888607da683bce604c6d9e2f88be147e288775b95d0bed4bb2b76492542a4332","go-module","github.com/smallstep/linkedca","v0.23.0","1","caddy","Apache-2.0","not-required","not-required","not-required","required","bounded-decision",""
"34e168ad8211566e06447caf87a3dda08afb47fb13277a6fe5863c18b8fd91bf","go-module","github.com/smallstep/nosql","v0.7.0","1","caddy","Apache-2.0","not-required","not-required","not-required","required","bounded-decision",""
"f3b60738d4458df1a244d8a583fad23266337e8aaf4facef120e0cef3cb29e32","go-module","github.com/smallstep/pkcs7","v0.2.1","1","caddy","MIT","not-required","not-required","not-required","required","bounded-decision",""
"808e5bad81e77c5109be9567852f807c42aaeefdf6711dc226e62557707b2eac","go-module","github.com/smallstep/scep","v0.0.0-20240926084937-8cf1ca453101","1","caddy","MIT","not-required","not-required","not-required","required","bounded-decision",""
"72cf5644574cdea8a97325a4cd2efc10ef9879b7d0d51281662ab2a001b57db3","go-module","github.com/smallstep/truststore","v0.13.0","1","caddy","Apache-2.0","not-required","not-required","not-required","required","bounded-decision",""
"7e5275a348415a6c3c7823cf1333acdbb71b170ff1540fe345f7d28a2413957b","go-module","github.com/spf13/cast","v1.7.0","1","caddy","MIT","not-required","not-required","not-required","required","bounded-decision",""
"f1378302838b2eeb21a04820304fa38c7b5b01a7a1fd98daad46fba5183c1f64","go-module","github.com/spf13/cobra","v1.9.1","1","caddy","Apache-2.0","not-required","not-required","not-required","required","bounded-decision",""
"b27049515f823c060e649515c5cc671abc4d324077e71055cdb79672c4e85760","go-module","github.com/spf13/pflag","v1.0.7","1","caddy","BSD-3-Clause","not-required","not-required","not-required","required","bounded-decision",""
"8039ddb9aa339f2ce8218e8196b23e2401150a5b83841fc75cb12c7c81b3d499","go-module","github.com/stoewer/go-strcase","v1.2.0","1","caddy","MIT","not-required","not-required","not-required","required","bounded-decision",""
"160dbed990d6f7d327c8c44404ce66bcdf92211716f44f19e7b903d7e9974f64","go-module","github.com/tailscale/tscert","v0.0.0-20240608151842-d3f834017e53","1","caddy","BSD-3-Clause","not-required","not-required","not-required","required","bounded-decision",""
"dbf0531135b25aa796f93e86019ad22021e71207b73f47afec01ccdb36153272","go-module","github.com/tianon/gosu","UNKNOWN","1","postgresql","Apache-2.0","not-required","not-required","not-required","required","bounded-decision",""
"8ea632c9dd512e755b3f44deeccef0357fddfa43fa97196e80e22066a120ae40","go-module","github.com/urfave/cli","v1.22.17","1","caddy","MIT","not-required","not-required","not-required","required","bounded-decision",""
"cea78e7276d55d1f22d8a134a76d6f52663589a0f7623de098cd6c938cd71b95","go-module","github.com/x448/float16","v0.8.4","1","caddy","MIT","not-required","not-required","not-required","required","bounded-decision",""
"c7df888ed01de1bc93a37654584f9be6512fcd69c9b179a9838f7eadd6c3e94e","go-module","github.com/yuin/goldmark","v1.7.13","1","caddy","MIT","not-required","not-required","not-required","required","bounded-decision",""
"b189c6c951edd06876b927e9e6ed1f28c8d45de49fe017f24c2a78b712415b97","go-module","github.com/yuin/goldmark-highlighting/v2","v2.0.0-20230729083705-37449abec8cc","1","caddy","MIT","not-required","not-required","not-required","required","bounded-decision",""
"76aa1868f4096c8485cbfe7126ab4481743e787fc736086a6a9375d47b984933","go-module","github.com/zeebo/blake3","v0.2.4","1","caddy","CC0-1.0","blocked","blocked","blocked","required","open-review","additional-notice-terms-scope-review"
"13e13274acbe12aedb01047491dd8ec0757293ad5c61278a86b9b368acde77c5","go-module","go.etcd.io/bbolt","v1.3.10","1","caddy","MIT","not-required","not-required","not-required","required","bounded-decision",""
"dadbe7e14022052a95be87bc08c7550f70b34ce7bc8463824eb159597698590a","go-module","go.opentelemetry.io/auto/sdk","v1.1.0","1","caddy","Apache-2.0","not-required","not-required","not-required","required","bounded-decision",""
"1f44552caf79c452610f92f02001ab159ff963f44e2f23faa5dae672b5d4acd4","go-module","go.opentelemetry.io/contrib/instrumentation/net/http/otelhttp","v0.61.0","1","caddy","Apache-2.0","not-required","not-required","not-required","required","bounded-decision",""
"ea3e13d2e48e1dc1d0ad3022b17ffd185f9a7da6ddb1bdfc853d6dfd97e392e6","go-module","go.opentelemetry.io/contrib/propagators/autoprop","v0.62.0","1","caddy","Apache-2.0","not-required","not-required","not-required","required","bounded-decision",""
"b8cbe8c5595c7e88d499353b06eabac8306f3b57947c44fe945c4b02b561117a","go-module","go.opentelemetry.io/contrib/propagators/aws","v1.37.0","1","caddy","Apache-2.0","not-required","not-required","not-required","required","bounded-decision",""
"2ac6c313ddf2b0149620adc0776cb0d00b061e4c55a9ffc07bf21ce8b352c765","go-module","go.opentelemetry.io/contrib/propagators/b3","v1.37.0","1","caddy","Apache-2.0","not-required","not-required","not-required","required","bounded-decision",""
"d8d23bc629f0be108286b3b0fb7d6422ccfc1305e6705be9ba79f6f974bd289d","go-module","go.opentelemetry.io/contrib/propagators/jaeger","v1.37.0","1","caddy","Apache-2.0","not-required","not-required","not-required","required","bounded-decision",""
"928211b5b7880e2fef6bd2cce7db6ba7e0326c74fc9bcb5434c1c7b58df3608d","go-module","go.opentelemetry.io/contrib/propagators/ot","v1.37.0","1","caddy","Apache-2.0","not-required","not-required","not-required","required","bounded-decision",""
"1ece9b2a06ea9a02f15101af07df29fb23bfdd75d08e6194686ac90c7ada6a01","go-module","go.opentelemetry.io/otel","v1.37.0","1","caddy","Apache-2.0","not-required","not-required","not-required","required","bounded-decision",""
"12ab9b74f0c42a6ccf04329f1f83665a79a419f23a231f454e2280a845fbfd14","go-module","go.opentelemetry.io/otel/exporters/otlp/otlptrace","v1.37.0","1","caddy","Apache-2.0","not-required","not-required","not-required","required","bounded-decision",""
"0a99a0ede6c9049d974d9b521c233ba6db9252296d1d22d71e085ba97fa7a460","go-module","go.opentelemetry.io/otel/exporters/otlp/otlptrace/otlptracegrpc","v1.37.0","1","caddy","Apache-2.0","not-required","not-required","not-required","required","bounded-decision",""
"c92b0aa7d84567e927dbb89a9716e6ec503369cc5cb32d86285fcda738790aff","go-module","go.opentelemetry.io/otel/metric","v1.37.0","1","caddy","Apache-2.0","not-required","not-required","not-required","required","bounded-decision",""
"90847555d137e21e7b014738f3f606c7d41d31632b81a9fcdd5464dd9366ed13","go-module","go.opentelemetry.io/otel/sdk","v1.37.0","1","caddy","Apache-2.0","not-required","not-required","not-required","required","bounded-decision",""
"3fab00fbeb7c8e7d7cd6dcabf946101ffed4142544e05a9aafbf365f65bddca6","go-module","go.opentelemetry.io/otel/trace","v1.37.0","1","caddy","Apache-2.0","not-required","not-required","not-required","required","bounded-decision",""
"ee4ad3d41d0ab67d1541eb3d12dbcec018df1a2765c084669b4c3c02473127df","go-module","go.opentelemetry.io/proto/otlp","v1.7.0","1","caddy","Apache-2.0","not-required","not-required","not-required","required","bounded-decision",""
"33ed70b6ea69d3419978a6f99ca9aba09130518a0295052e4ec00300240b77ec","go-module","go.step.sm/crypto","v0.67.0","1","caddy","Apache-2.0 | BSD-2-Clause","not-required","not-required","not-required","required","bounded-decision",""
"0b9aa5307f281ce192d4cc13d1a2b8a6dfdccb18eaa220d2b9cc843d5662e94e","go-module","go.uber.org/automaxprocs","v1.6.0","1","caddy","MIT","not-required","not-required","not-required","required","bounded-decision",""
"0612af3c501d22e8712fef61280f1b6c957831f25c3a62c02c91812e32ff2bf4","go-module","go.uber.org/multierr","v1.11.0","1","caddy","MIT","not-required","not-required","not-required","required","bounded-decision",""
"30062ec2012ff939afff0cefcc4464ffb2a88d3c08b78452e1535b3a34d65171","go-module","go.uber.org/zap","v1.27.0","1","caddy","MIT","not-required","not-required","not-required","required","bounded-decision",""
"4af474bf5883284961da4c8da4aec810ee859b304f8c67142d300f7eb65e18cb","go-module","go.uber.org/zap/exp","v0.3.0","1","caddy","MIT","not-required","not-required","not-required","required","bounded-decision",""
"1c6087aec570015ffee9b065d409cdd1db5f300a2d1aedea8c1e7bade7fd2131","go-module","golang.org/x/crypto","v0.40.0","1","caddy","BSD-3-Clause","not-required","not-required","not-required","required","bounded-decision",""
"52db2fb7b6e5011a2d983b61f60409d099e3141aac3c9ec94e814a7e3145e94e","go-module","golang.org/x/crypto/x509roots/fallback","v0.0.0-20250305170421-49bf5b80c810","1","caddy","BSD-3-Clause","not-required","not-required","not-required","required","bounded-decision",""
"9e11deff98a9196e3d5ad47ca22fa56670d10141720f33c8502dc4a72d186acd","go-module","golang.org/x/exp","v0.0.0-20250408133849-7e4ce0ab07d0","1","caddy","BSD-3-Clause","not-required","not-required","not-required","required","bounded-decision",""
"72908f35998ffc3cbd5f512d439a05f26117e1f89573436edb9a0bfb7811db6a","go-module","golang.org/x/net","v0.42.0","1","caddy","BSD-3-Clause","not-required","not-required","not-required","required","bounded-decision",""
"500c19573af3cc0daf3ec89022c660e353c9c320fbd8179de520223832ea60fe","go-module","golang.org/x/oauth2","v0.30.0","1","caddy","BSD-3-Clause","not-required","not-required","not-required","required","bounded-decision",""
"09e5d953c7775478c36354971b6b43418fc18004d65cfd5c839890d432d83198","go-module","golang.org/x/sync","v0.16.0","1","caddy","BSD-3-Clause","not-required","not-required","not-required","required","bounded-decision",""
"48cdbf0f061a7cc65ace71867a78a1b1e3068ae53ac579134f79d37e49baaa40","go-module","golang.org/x/sys","v0.13.0","1","postgresql","BSD-3-Clause","not-required","not-required","not-required","required","bounded-decision",""
"dc5cefaa672e26d2a7b789c2c7b0dd779b3c003f1e7f7bcbaee4d28e919737e1","go-module","golang.org/x/sys","v0.34.0","1","caddy","BSD-3-Clause","not-required","not-required","not-required","required","bounded-decision",""
"24e039e80ca1f23a21c309e21ac6e37e253a2fd89eb8055aebd7998ca7415da4","go-module","golang.org/x/term","v0.33.0","1","caddy","BSD-3-Clause","not-required","not-required","not-required","required","bounded-decision",""
"a6f55db8331a4944831d1892a6c0ef43181e93894eab2ab7828a341287dfa709","go-module","golang.org/x/text","v0.27.0","1","caddy","BSD-3-Clause","not-required","not-required","not-required","required","bounded-decision",""
"d37d98e8a776b5af43377427189a74710723cbd719dcd3273496140f63d6cce7","go-module","golang.org/x/time","v0.12.0","1","caddy","BSD-3-Clause","not-required","not-required","not-required","required","bounded-decision",""
"aa707ded8a89c5b04fe95ccef8e1ec7e297c13d6287f438ad116e3811a67d142","go-module","google.golang.org/api","v0.240.0","1","caddy","BSD-3-Clause","not-required","not-required","not-required","required","bounded-decision",""
"00cb8f77c587ca3dcca91eb8e7e55ee46824288cda429762cbcc7d55ae964c0d","go-module","google.golang.org/genproto/googleapis/api","v0.0.0-20250603155806-513f23925822","1","caddy","Apache-2.0","not-required","not-required","not-required","required","bounded-decision",""
"cf8b9637766b5343795327af4505e9fbc0af3a836e5f0bfcea0109c02fef3944","go-module","google.golang.org/genproto/googleapis/rpc","v0.0.0-20250603155806-513f23925822","1","caddy","Apache-2.0","not-required","not-required","not-required","required","bounded-decision",""
"e93346ffe1b99b1e72c802d2f041c6f2f1f3312acfd380548988e89ef2bce8d6","go-module","google.golang.org/grpc","v1.73.0","1","caddy","Apache-2.0","not-required","not-required","not-required","required","bounded-decision",""
"6886489c09eb0e533ad5a417d179bed0137d704eb19e18cdb737eb5302e6445d","go-module","google.golang.org/protobuf","v1.36.6","1","caddy","BSD-3-Clause","not-required","not-required","not-required","required","bounded-decision",""
"8601b477b8224a9bfe4776667f3fc4d0da381c8ffd1084857fd696b2f402d21d","go-module","gopkg.in/natefinch/lumberjack.v2","v2.2.1","1","caddy","MIT","not-required","not-required","not-required","required","bounded-decision",""
"6f413de358089b52853dfadffef2f5cf8543228eb0cd2f042137b61f4bfe33c3","go-module","gopkg.in/yaml.v3","v3.0.1","1","caddy","Apache-2.0 | MIT","not-required","not-required","not-required","required","bounded-decision",""
"9605e6c0dd9efc56c1268a02a9edebc43a051954775cfd0622ae0a9666f011f9","go-module","stdlib","go1.18.2","1","postgresql","BSD-3-Clause","not-required","not-required","not-required","required","bounded-decision",""
"84783c810217209d61dcbae4b994cc62e902f0bfdc22d3bb1db210e2ff2de3ef","go-module","stdlib","go1.24.4","1","hermes","BSD-3-Clause","not-required","not-required","not-required","required","bounded-decision",""
"24161df5fdc092298c87e3f065842aec45bf4f8337dc9400fb9eace02802af99","go-module","stdlib","go1.25.0","1","caddy","BSD-3-Clause","not-required","not-required","not-required","required","bounded-decision",""
"bd96dc7510ce3cefa24fee131b9ff73cb895ef0e8884de3f68fbfbac276b69c7","java-archive","HdrHistogram","2.2.2","1","keycloak","","blocked","blocked","blocked","required","open-review","unresolved-licence-scope,additional-notice-terms-scope-review"
"7b7ff364b28fd9ec2eea4688bb859dac00759713b8f26f5c5706b15a9bf1a5a0","java-archive","LatencyUtils","2.0.3","1","keycloak","","blocked","blocked","blocked","required","open-review","unresolved-licence-scope"
"ead28e8d54cbfc530b20ae5a41d2d84efa2dc1927f64e3a817a6805938b3d917","java-archive","aesh","2.8.2","1","keycloak","Apache-2.0","not-required","not-required","not-required","required","bounded-decision",""
"9096176e094c3e5e703139d7a12d219df34b402abdc529d60898670833fc77c7","java-archive","agroal-api","2.5","1","keycloak","Apache-2.0","not-required","not-required","not-required","required","bounded-decision",""
"ab35bd587a046088d8c5893fb5370c0a53e7a70a68f4e0b12b2aab2e52d3b15e","java-archive","agroal-narayana","2.5","1","keycloak","Apache-2.0","not-required","not-required","not-required","required","bounded-decision",""
"031e15d35a8217f92810739b3715141e0405d52c591d68558efb62c715ef9982","java-archive","agroal-pool","2.5","1","keycloak","Apache-2.0","not-required","not-required","not-required","required","bounded-decision",""
"07ad6fe1c1e27da9232796da9b7468771262a486b7d120b19628a16782d4284b","java-archive","angus-activation","2.0.2","1","keycloak","BSD-3-Clause | EDL-1.0","not-required","not-required","not-required","required","bounded-decision",""
"a2c2cf2ba51c231a60541c40880c53198f222d905779a550b1fb0d52a267e370","java-archive","angus-core","2.0.3","1","keycloak","EDL-1.0","blocked","blocked","blocked","required","open-review","unresolved-licence-scope,additional-notice-terms-scope-review"
"d6c612eb64dffd1e58ed80546f26a972996f57b55b1008645949115097a4f092","java-archive","angus-mail","2.0.3","1","keycloak","","blocked","blocked","blocked","required","open-review","unresolved-licence-scope,additional-notice-terms-scope-review"
"ee0db2a1fb397270b743b4a051f387c96fe71c5961618c5cdb5cf95ba209befc","java-archive","antlr4-runtime","4.13.0","1","keycloak","","blocked","blocked","blocked","required","open-review","unresolved-licence-scope"
"2a550061aceac11d85641c4ef6fc0e6ec812509d6495ed7ab553879d3accb766","java-archive","arc","3.15.1","1","keycloak","Apache-2.0","not-required","not-required","not-required","required","bounded-decision",""
"9905367a0cb839600ff2154cd0072901aeaae9b7d3bc75ee6ec28680818fdf0a","java-archive","arc-processor","3.15.1","1","keycloak","Apache-2.0","not-required","not-required","not-required","required","bounded-decision",""
"044186c575f2acf93eb8223a7764f38225f2bf1ade379c5426e8342586d02b14","java-archive","arjuna","7.0.2.Final","1","keycloak","Apache-2.0","not-required","not-required","not-required","required","bounded-decision",""
"e039dd506503125b105019fa6a8f6a64ec2ea1907af1e2cbc8c0e698c1886b54","java-archive","asm","9.7","1","keycloak","BSD-3-Clause","not-required","not-required","not-required","required","bounded-decision",""
"b5be12f2e73830468f8108cdeed3f0a8b4f266b18f91b92b9fa7bcdce96ab54c","java-archive","asm-analysis","9.7","1","keycloak","BSD-3-Clause","not-required","not-required","not-required","required","bounded-decision",""
"9f246517d10136058736832b023981d212604f9ae074a57fc974f70513b7d88d","java-archive","asm-commons","9.7","1","keycloak","BSD-3-Clause","not-required","not-required","not-required","required","bounded-decision",""
"cba714c7003b33dbfee70e23b4d3a6e9724ef5e0f19fa3540f0cc2c4d52f3edf","java-archive","asm-tree","9.7","1","keycloak","BSD-3-Clause","not-required","not-required","not-required","required","bounded-decision",""
"1511d969779662cd60a784e6833fba27404607c1cdf4beb34a494ed629ba62bd","java-archive","asm-util","9.7","1","keycloak","BSD-3-Clause","not-required","not-required","not-required","required","bounded-decision",""
"85c12931eb48425df18b991351c1260dddd378c819ed637440174dfbf3fa61b3","java-archive","bcpkix-jdk18on","1.78.1","1","keycloak","","blocked","blocked","blocked","required","open-review","unresolved-licence-scope"
"0b52b20ddc584d1607f85b4c0130da7a3fed095dd45aec2c5c805c933d62232c","java-archive","bcprov-jdk18on","1.78.1","1","keycloak","","blocked","blocked","blocked","required","open-review","unresolved-licence-scope"
"dce48850d3eea89cc2cea9cae4b4ce9f02a7a4e5156ee9a5edb7c3d6909c662f","java-archive","bcprov-jdk18on","1.78.1","1","keycloak","","blocked","blocked","blocked","required","open-review","unresolved-licence-scope"
"fad991665c9e67c79c5f28cb994ae5616ed4c8d653fbf9e632612b6243b9d4ba","java-archive","bcutil-jdk18on","1.78.1","1","keycloak","","blocked","blocked","blocked","required","open-review","unresolved-licence-scope"
"e342fb7cf69ea9c8cf1555c5de811208b3c34b554ef812500f89dc3f81eb71a1","java-archive","byte-buddy","1.14.18","1","keycloak","Apache-2.0 | BSD-3-Clause","not-required","not-required","not-required","required","bounded-decision",""
"317ad72d5926e1cf6bb99bdbb6e24bafa9e43514c86a2e0ded0637e61965bf89","java-archive","caffeine","3.1.5","1","keycloak","Apache-2.0","not-required","not-required","not-required","required","bounded-decision",""
"f9d2981816a9bbb45ae29cca20078c26d6fa8e7c914a9b89e0dded45e36a2372","java-archive","cdi","7.0.2.Final","1","keycloak","Apache-2.0","not-required","not-required","not-required","required","bounded-decision",""
"b3d6ce2acc0f64be4cad412ca703984d508c94b8b71bc688fc6b800186dbb14b","java-archive","classmate","1.7.0","1","keycloak","Apache-2.0","not-required","not-required","not-required","required","bounded-decision",""
"e9d367ee221b2dc5ecf17ddaa3f9d6905444a4bc75c2ad8aaddde4019e59fb02","java-archive","common","7.0.2.Final","1","keycloak","Apache-2.0","not-required","not-required","not-required","required","bounded-decision",""
"2903dc68f193b46717dd1c97ef948135e18a6b961fe79df387d7d0ac0fb3f26f","java-archive","commons-codec","1.17.1","1","keycloak","Apache-2.0 | BSD-3-Clause","not-required","not-required","not-required","required","bounded-decision",""
"3a0166123b193865ed9e01dfafb5391036df5d8f192ff7f104f7d611980e2fda","java-archive","commons-codec","1.17.1","1","keycloak","Apache-2.0","not-required","not-required","not-required","required","bounded-decision",""
"5b40b9ae0a0671021fd2eebc741683f78782c738362ec9c8b24fb879433f6152","java-archive","commons-collections4","4.4","1","keycloak","Apache-2.0","not-required","not-required","not-required","required","bounded-decision",""
"24a2ddfe9d6d2443f40380e6efdfcd08a4b72a2f9df0bb219a7ed4a5c7b4c8a6","java-archive","commons-io","2.16.1","1","keycloak","Apache-2.0","not-required","not-required","not-required","required","bounded-decision",""
"89ba2aa9b462ae39dacea0f865fd4997415ef1e97c6d3d195f2c2d3309f8be9b","java-archive","commons-lang3","3.14.0","1","keycloak","Apache-2.0","not-required","not-required","not-required","required","bounded-decision",""
"88de3f1a7513eed335afeca02e27bda9af5af26a469ed179fadc7de8ccd52a5e","java-archive","commons-logging-jboss-logging","1.0.0.Final","1","keycloak","Apache-2.0 | BSD-3-Clause","not-required","not-required","not-required","required","bounded-decision",""
"ff6995e420792958e7d0a90e8a4f10b171bf08c1829efd4e32d389802e1d5b5d","java-archive","commons-logging-jboss-logging","1.0.0.Final","1","keycloak","Apache-2.0","not-required","not-required","not-required","required","bounded-decision",""
"7a2ff77057e6b84dc8b32c60ad6d979c4524a59d1021c10f5fe10a87cad7a7f3","java-archive","core","3.4.0","1","keycloak","Apache-2.0","not-required","not-required","not-required","required","bounded-decision",""
"1312c2cc14bd6c215ac18efcd2f42bdd1d56b9ba440c8c9468d016d40989fea9","java-archive","error_prone_annotations","2.30.0","1","keycloak","Apache-2.0","not-required","not-required","not-required","required","bounded-decision",""
"4d2c042bc803ee4e098189b02711bc8064e6deb52572521c4b30c37fc4e45edf","java-archive","freemarker","2.3.32","1","keycloak","","blocked","blocked","blocked","required","open-review","unresolved-licence-scope,additional-notice-terms-scope-review"
"edf05808657b0b7d283f22c4c3bba20936a5a8598e44ea6e1d71d9cf9d1db40c","java-archive","gizmo","1.8.0","1","keycloak","Apache-2.0","not-required","not-required","not-required","required","bounded-decision",""
"344f505301ec7c40710853ac06bed8c6c3789d0ae8c9131e6c5df030718e8828","java-archive","grpc-api","1.65.1","1","keycloak","Apache-2.0","not-required","not-required","not-required","required","bounded-decision",""
"25cce5aa6e25da8866c23cb3baee5aa9b5866610fa0ba20541341c5716b58738","java-archive","grpc-context","1.65.1","1","keycloak","","blocked","blocked","blocked","required","open-review","unresolved-licence-scope"
"8cd7a774b4bfc53cb21ddd9f89cb82a30294922d6d221fe7775c6c442a7723db","java-archive","grpc-core","1.65.1","1","keycloak","","blocked","blocked","blocked","required","open-review","unresolved-licence-scope"
"bbfdcc28024ccaf639e6cd186c93fa695ef6aef16e744fcedfbf7289f7f897da","java-archive","grpc-netty","1.65.1","1","keycloak","","blocked","blocked","blocked","required","open-review","unresolved-licence-scope"
"d13ac0651af6e0330f22c9bfb191d0c51f20bb7a736814485fccdd6e07d5d794","java-archive","grpc-protobuf","1.65.1","1","keycloak","","blocked","blocked","blocked","required","open-review","unresolved-licence-scope"
"d58871f7b412c3805d29e77ea5be665caeeda762c832c9e08072ad2b67ebef41","java-archive","grpc-protobuf-lite","1.65.1","1","keycloak","","blocked","blocked","blocked","required","open-review","unresolved-licence-scope"
"beb678ba5060a7d2906aca110878799509ba7ec703e347069aa381e453fe9fde","java-archive","grpc-stub","1.65.1","1","keycloak","","blocked","blocked","blocked","required","open-review","unresolved-licence-scope"
"a9c0aa02fe482c6a1bd648afa855d883a69f864bf63fe6774422068606ff25f9","java-archive","grpc-util","1.65.1","1","keycloak","","blocked","blocked","blocked","required","open-review","unresolved-licence-scope"
"3e7469db77886dcb371c6eab85b663f28092e6ab3633b1010cf7173d6f666f39","java-archive","gson","2.11.0","1","keycloak","Apache-2.0","not-required","not-required","not-required","required","bounded-decision",""
"e7a740720ca3ace21216ef769e9618f7d5d4f0f55e2689218bd98ec0a32c2ad3","java-archive","guava","33.2.1-jre","1","keycloak","Apache-2.0","not-required","not-required","not-required","required","bounded-decision",""
"de7f0c4442045153fcccb503644d7ef8b6af657d7a69b2f95a3eba6809f5dc9a","java-archive","h2","2.3.230","1","keycloak","","blocked","blocked","blocked","required","open-review","unresolved-licence-scope"
"89575f7ec91165a773646b352a8c64d285f0c591dd0efda35ac927e3ccf2ce84","java-archive","hibernate-commons-annotations","7.0.1.Final","1","keycloak","","blocked","blocked","blocked","required","open-review","unresolved-licence-scope"
"506a2378619f41defc7a5f16a915d05314e8d52cbfe203f29c80c438cba32c69","java-archive","hibernate-core","6.6.0.Final","1","keycloak","","blocked","blocked","blocked","required","open-review","unresolved-licence-scope"
"39871c3769ed8b5aaba4edffe89b8d7e576ef50be43ff47e5305c68a7e734261","java-archive","hibernate-graalvm","6.6.0.Final","1","keycloak","","blocked","blocked","blocked","required","open-review","unresolved-licence-scope"
"286a02f7daf3e0197e7737fe0b9051b3782ce736ae7c45e11fd97c21cce0014a","java-archive","httpclient","4.5.14","1","keycloak","Apache-2.0 | BSD-3-Clause","not-required","not-required","not-required","required","bounded-decision",""
"7d8bd4b99be8a9b338f14bec93d6ec6787968b327ff524c5818b1faee2761277","java-archive","httpclient","4.5.14","1","keycloak","Apache-2.0","not-required","not-required","not-required","required","bounded-decision",""
"b840628e25af86b980d3679efb3ba864149fc7e9ad69fd3759bccab9da620c62","java-archive","httpcore","4.4.16","1","keycloak","Apache-2.0","not-required","not-required","not-required","required","bounded-decision",""
"bfd1a933e5859ca66886bbcac63c5ca9a41cd49a605fafdcfc160b50bac11661","java-archive","httpcore","4.4.16","1","keycloak","Apache-2.0 | BSD-3-Clause","not-required","not-required","not-required","required","bounded-decision",""
"e728871d1882b9e7a97c7ac0c086b4065469c56778816034d9222ca37639343f","java-archive","imap","2.0.3","1","keycloak","EDL-1.0","blocked","blocked","blocked","required","open-review","unresolved-licence-scope,additional-notice-terms-scope-review"
"149ce2fa92389b51959f7faa41b2435d41f84e51c29c1d13f4a0c17d7d2b5bf4","java-archive","infinispan-api","15.0.11.Final","1","keycloak","","blocked","blocked","blocked","required","open-review","unresolved-licence-scope"
"6881a2b899ac38694c3d63775aeeee3ed3e5b443a5d723577f0396f754c33089","java-archive","infinispan-cachestore-remote","15.0.11.Final","1","keycloak","","blocked","blocked","blocked","required","open-review","unresolved-licence-scope"
"d3179a4ba39b1f8e4f3c436000d12d096c33ab1bbad29fdc1eb922d7f76f8fbf","java-archive","infinispan-client-hotrod","15.0.11.Final","1","keycloak","","blocked","blocked","blocked","required","open-review","unresolved-licence-scope"
"58791224e2e8380f50e5a6954faa0bd1eb264e24a9cad632477ead70bc5ff08f","java-archive","infinispan-commons","15.0.11.Final","1","keycloak","","blocked","blocked","blocked","required","open-review","unresolved-licence-scope"
"dd29b60246ef525fa745a83e0a8b7abfd6bfb3d46a87c174f17b07183d6079ee","java-archive","infinispan-core","15.0.11.Final","1","keycloak","","blocked","blocked","blocked","required","open-review","unresolved-licence-scope"
"000831cdbf10eacde887bc7497b760ef8845de84b736e28e02ba7881595f762e","java-archive","infinispan-multimap","15.0.11.Final","1","keycloak","","blocked","blocked","blocked","required","open-review","unresolved-licence-scope"
"53292f9a40bb00c3f20886c3f2c4b975219f821b4f5f3712032ce7437710192e","java-archive","infinispan-query-dsl","15.0.11.Final","1","keycloak","","blocked","blocked","blocked","required","open-review","unresolved-licence-scope"
"d9faef9c5121a543c55922ece4afcbfca1b6a9720b9d9a537b46aa0cc5808281","java-archive","infinispan-remote-query-client","15.0.11.Final","1","keycloak","","blocked","blocked","blocked","required","open-review","unresolved-licence-scope"
"cac155f7fb9a5c6fc7cbb5016f1136f22bd7c9bcd1b83deafe967bcb5ab7cb11","java-archive","istack-commons-runtime","3.0.10","1","keycloak","BSD-3-Clause | EDL-1.0","not-required","not-required","not-required","required","bounded-decision",""
"6410e9ee3e9917e1f546ee5386c020958cbb24cb845de628504c105095642466","java-archive","jackson-annotations","2.17.2","1","keycloak","Apache-2.0","not-required","not-required","not-required","required","bounded-decision",""
"841d45f1fed9fa7ddffc5b55bfeb6b489f1149e7aea6ea7d740159bf969f6dbf","java-archive","jackson-core","2.17.2","1","keycloak","Apache-2.0 | BSD-3-Clause","not-required","not-required","not-required","required","bounded-decision",""
"d135c7e2326d3de60093ee63ab1a3d23541c0cedd6056df5478984832b4f5cc3","java-archive","jackson-core","2.17.2","1","keycloak","Apache-2.0","not-required","not-required","not-required","required","bounded-decision",""
"04fe3f1484c842ab16aac752253624f75536a612f4137ebc49bceb39f89353af","java-archive","jackson-databind","2.17.2","1","keycloak","Apache-2.0","not-required","not-required","not-required","required","bounded-decision",""
"ca51fb305c8b858cfdcaf55559db1119763c7083418c171d6e162f0e5bda4e08","java-archive","jackson-databind","2.17.2","1","keycloak","Apache-2.0 | BSD-3-Clause","not-required","not-required","not-required","required","bounded-decision",""
"34c503b3bd853f97195a53f6dca1afced0954f8a2666692b0f62bb0a9fa65544","java-archive","jackson-dataformat-cbor","2.17.2","1","keycloak","Apache-2.0","not-required","not-required","not-required","required","bounded-decision",""
"b1f9cac254221c1fca37334816ef64974cddc5b80693f2868d2541d5adb15f2e","java-archive","jackson-dataformat-yaml","2.17.2","1","keycloak","Apache-2.0","not-required","not-required","not-required","required","bounded-decision",""
"5c87b5daf7d3620736ed47372091ce5f19c1c25e4c26b23d50962f3b67718e23","java-archive","jackson-datatype-jdk8","2.17.2","1","keycloak","Apache-2.0","not-required","not-required","not-required","required","bounded-decision",""
"aa1a10b3f474e68d97355ec796294a6a3adbf4ea85b45c42d804dc6381a7b67e","java-archive","jackson-datatype-jdk8","2.17.2","1","keycloak","Apache-2.0 | BSD-3-Clause","not-required","not-required","not-required","required","bounded-decision",""
"011a5de18e99a4f975abfaac1eda1b7dc07e0792ba61e8c411f9492d4fda89ba","java-archive","jackson-datatype-jsr310","2.17.2","1","keycloak","Apache-2.0","not-required","not-required","not-required","required","bounded-decision",""
"31bcd6d912b8acf26f8a32a951b94e819afdde67943002240cab8508e6b89b24","java-archive","jackson-datatype-jsr310","2.17.2","1","keycloak","Apache-2.0 | BSD-3-Clause","not-required","not-required","not-required","required","bounded-decision",""
"35da6e3b2221f6b8f334c753abb51908be8a9e08f84132c53c49f01884fb3a55","java-archive","jackson-module-parameter-names","2.17.2","1","keycloak","Apache-2.0","not-required","not-required","not-required","required","bounded-decision",""
"403ad439ee3926b74ac271b3b5483921ffb047483d11b72066f38aa437c6cf82","java-archive","jakarta.activation-api","2.1.3","1","keycloak","BSD-3-Clause | EDL-1.0","not-required","not-required","not-required","required","bounded-decision",""
"f53745c4ca1e89564b858432caf53db5e33431d81d48d99f8f084e878f4d9b3c","java-archive","jakarta.activation-api","2.1.3","1","keycloak","Apache-2.0 | BSD-3-Clause | EDL-1.0","not-required","not-required","not-required","required","bounded-decision",""
"ed0133de8b7d4329f2cead214ad8e5eb4c5fdc0cb4e61566fcc244534bf441bd","java-archive","jakarta.annotation-api","3.0.0","1","keycloak","","blocked","blocked","blocked","required","open-review","unresolved-licence-scope,additional-notice-terms-scope-review"
"95053f1cb985f4915483e2d25816d37f975656f699dd66e8ebabbaa54ddd1103","java-archive","jakarta.el-api","5.0.1","1","keycloak","","blocked","blocked","blocked","required","open-review","unresolved-licence-scope,additional-notice-terms-scope-review"
"10afcbd8bb69e782362c797261d5e6cc9b19609dbc9e6d69033d064274762cc3","java-archive","jakarta.enterprise.cdi-api","4.1.0","1","keycloak","Apache-2.0","not-required","not-required","not-required","required","bounded-decision",""
"90548d4cc0cb35c5f2e94f19127efe01e225795435994a1440bdf043a631d813","java-archive","jakarta.enterprise.lang-model","4.1.0","1","keycloak","Apache-2.0","not-required","not-required","not-required","required","bounded-decision",""
"3f69dd2521bd6c612123fdd4bd6164e100bd2db5626bec44c54851a76613d075","java-archive","jakarta.inject-api","2.0.1","1","keycloak","Apache-2.0","not-required","not-required","not-required","required","bounded-decision",""
"4ee8af46ec5362fd839fa8dc8750a22107f80c4d12a99bf71902172b101d915d","java-archive","jakarta.interceptor-api","2.2.0","1","keycloak","","blocked","blocked","blocked","required","open-review","unresolved-licence-scope,additional-notice-terms-scope-review"
"1a8937676b6d53d6eb48074552b4fa1e3551133cdfd236b7ea6e51b2898f0336","java-archive","jakarta.json-api","2.1.3","1","keycloak","","blocked","blocked","blocked","required","open-review","unresolved-licence-scope,additional-notice-terms-scope-review"
"b26e6b416013ee546edf09078f0f824f8ad351d56ab66a1182a437b3012bb82b","java-archive","jakarta.mail-api","2.1.1","1","keycloak","","blocked","blocked","blocked","required","open-review","unresolved-licence-scope,additional-notice-terms-scope-review"
"bd3430b04c82d68c7e6b2fd4b4634291e83cadba70a531a9d4e573495be42fbc","java-archive","jakarta.persistence-api","3.1.0","1","keycloak","","blocked","blocked","blocked","required","open-review","unresolved-licence-scope,additional-notice-terms-scope-review"
"d9949c9dce6b5a69d2cabd08943658522ceca73b90ffc8c628d7545b02434ea7","java-archive","jakarta.resource-api","2.1.0","1","keycloak","","blocked","blocked","blocked","required","open-review","unresolved-licence-scope,additional-notice-terms-scope-review"
"99c8a7145bd4e061440de13f6914b12ed58301cb63b4f5b2a0c5d333ef0f24c2","java-archive","jakarta.servlet-api","6.0.0","1","keycloak","","blocked","blocked","blocked","required","open-review","unresolved-licence-scope"
"d27c8ba1f77b0615c229cd16401a5e77e8f117eeea0eba2dfc5ba21e3b3983c7","java-archive","jakarta.transaction-api","2.0.1","1","keycloak","","blocked","blocked","blocked","required","open-review","unresolved-licence-scope,additional-notice-terms-scope-review"
"618a99000e1cc808dd5ab2819ed04cf389402398c7cc245bd695fcdcde224d68","java-archive","jakarta.validation-api","3.0.2","1","keycloak","Apache-2.0","not-required","not-required","not-required","required","bounded-decision",""
"8e50832bb449fe07e730ee428bfeccf3ac90a8d65099395134395111281d2ded","java-archive","jakarta.ws.rs-api","3.1.0","1","keycloak","","blocked","blocked","blocked","required","open-review","unresolved-licence-scope,additional-notice-terms-scope-review"
"c1ff6e43bf586298bd728e4e5d7df5337a1d33c69b4466f6407faf4cb50e88e6","java-archive","jakarta.xml.bind-api","4.0.2","1","keycloak","BSD-3-Clause | EDL-1.0","not-required","not-required","not-required","required","bounded-decision",""
"d04b0f81c5dd29ce3c24318e654aeeb7c98fe7aeba535e8c85a086c531b49696","java-archive","jakarta.xml.soap-api","3.0.0","1","keycloak","BSD-3-Clause | EDL-1.0","not-required","not-required","not-required","required","bounded-decision",""
"623c85853d50cb18f9228fadc4af00db42b89a61bc564746eaf1f02e03eeff09","java-archive","jandex","3.2.2","1","keycloak","Apache-2.0","not-required","not-required","not-required","required","bounded-decision",""
"0a86fb1446a057ed0621fa7b70a2fbb7dcfc95ef436beb0c69838b03bbfd1e41","java-archive","jansi","2.4.0","1","keycloak","Apache-2.0","not-required","not-required","not-required","required","bounded-decision",""
"2c2d0a6280de3010de92510e3db6962af89f05105746e35a93c77feb97012aed","java-archive","java10-shim","20240325.1","1","keycloak","Apache-2.0","not-required","not-required","not-required","required","bounded-decision",""
"16655d47204501e65f53d7a2d0f643c29e3c2e15665ab0c1db44c101dbb1f3d7","java-archive","java8-shim","20240325.1","1","keycloak","Apache-2.0","not-required","not-required","not-required","required","bounded-decision",""
"610604606e6274a8ab8bf6eb0985a1debb94db455761dde9f75799e227cb042d","java-archive","javase","3.4.0","1","keycloak","Apache-2.0","not-required","not-required","not-required","required","bounded-decision",""
"03065d65e700c71e76611fe31b87774f82645c2b3bc3a2d563672c79fd608d42","java-archive","jaxb-api","2.3.1","1","keycloak","","blocked","blocked","blocked","required","open-review","unresolved-licence-scope,additional-notice-terms-scope-review"
"6248ba0da468cd6fbc7728f2b02e2d61cdd1533bcd8ed5509856b685443a9c19","java-archive","jaxb-core","4.0.5","1","keycloak","BSD-3-Clause | EDL-1.0","not-required","not-required","not-required","required","bounded-decision",""
"99aeccf2b3689d25c809c5379a1288f4b876fabec407f915230df18a134834d9","java-archive","jaxb-runtime","4.0.5","1","keycloak","BSD-3-Clause | EDL-1.0","not-required","not-required","not-required","required","bounded-decision",""
"c4bf4890930a38ca6823d50eb2afcb513245918430019360a03764baa2f8d609","java-archive","jboss-invocation","2.0.0.Final","1","keycloak","Apache-2.0","not-required","not-required","not-required","required","bounded-decision",""
"5fba2f2a7736c49c2950d19f7c6588df29432a70c22857e2f88d33e02ce64bf1","java-archive","jboss-logging","3.6.0.Final","1","keycloak","Apache-2.0 | BSD-3-Clause","not-required","not-required","not-required","required","bounded-decision",""
"bb5e679642c8169182c5fb315e18b11edcff6f9d547d38ba29a0a9e2b07f2906","java-archive","jboss-logging","3.6.0.Final","1","keycloak","Apache-2.0","not-required","not-required","not-required","required","bounded-decision",""
"4fbf5b2c6fabcc0c1300faa6895e7b88e343c7c6a7205847303b0789df65f3dd","java-archive","jboss-logging-annotations","3.0.1.Final","1","keycloak","Apache-2.0","not-required","not-required","not-required","required","bounded-decision",""
"858ff8134975c4354a325af9d658c621af8e9a68bdfd1f5896bc3addb170b650","java-archive","jboss-logmanager","3.0.6.Final","1","keycloak","Apache-2.0","not-required","not-required","not-required","required","bounded-decision",""
"b39a997b6808e50380f4f722491df53660a5abc3265b642a3c243fbc2f896dbe","java-archive","jboss-threads","3.6.1.Final","1","keycloak","Apache-2.0","not-required","not-required","not-required","required","bounded-decision",""
"1ec3538293a2d3df809ba36620cabb0d3647c209c31fc9c2748986d1295954dc","java-archive","jboss-transaction-spi","8.0.0.Final","1","keycloak","","blocked","blocked","blocked","required","open-review","unresolved-licence-scope"
"36be8b28c00d23598a9d892656dfcbee52597fd75454f790db57ecd97c6c117c","java-archive","jctools-core","4.0.5","1","keycloak","Apache-2.0","not-required","not-required","not-required","required","bounded-decision",""
"829c105a97206a63d2d4b8b29fb04efbc1219cdad77f2c7750f2a9ae0c10bebe","java-archive","jctools-core","4.0.5","1","keycloak","Apache-2.0","not-required","not-required","not-required","required","bounded-decision",""
"fb427ff0cb453c6b08a0e3c27229528537f9bab9ca8a0d4d7482915d76492ea7","java-archive","jctools-core","4.0.5","1","keycloak","Apache-2.0","not-required","not-required","not-required","required","bounded-decision",""
"ec49677e445f214491d9499915a528ed04ec56061f803bfa5efad668fbf592d5","java-archive","jdbc","7.0.2.Final","1","keycloak","Apache-2.0","not-required","not-required","not-required","required","bounded-decision",""
"2029e9e078eba57e0b05ffb7e3dfe201299db9919ccdbcff8c4928ec5fbf2b83","java-archive","jgroups","5.3.10.Final","1","keycloak","Apache-2.0","not-required","not-required","not-required","required","bounded-decision",""
"085484dfa00548ea59849809051cbb47b819bd819071d76620214fc3c7a38aa1","java-archive","jms","7.0.2.Final","1","keycloak","Apache-2.0","not-required","not-required","not-required","required","bounded-decision",""
"23497147b5aebd4950c720011dd2a707ce4e0a31635d7f63d70ef1e525b9c820","java-archive","jna","5.8.0","1","keycloak","Apache-2.0 | LGPL-2.1-only","required","required","required","required","bounded-decision",""
"5440ae1ab6c55fa19add44b2e39af6889982064bf5120d57aa440efdc0076c63","java-archive","jna-platform","5.8.0","1","keycloak","Apache-2.0 | LGPL-2.1-only","required","required","required","required","bounded-decision",""
"da0e87801096b91374d38a29839c56289532b18a5f6a14bb37773b78dbfc0dcb","java-archive","jrt-fs","21.0.6","1","keycloak","LicenseRef-OpenJDK-21.0.6-JRTFS-Terms","blocked","blocked","blocked","required","open-review","unresolved-licence-scope,additional-notice-terms-scope-review"
"7ee542ef599bc5070f974004ca667073252e9d689c0da25efa155816f7a6e6a2","java-archive","jsr305","3.0.2","1","keycloak","Apache-2.0","not-required","not-required","not-required","required","bounded-decision",""
"21e8edbdeb0c4d3dbd019ecc695d9ff02da435eb67b15d9c8a3feeb265e9f2c8","java-archive","jta","7.0.2.Final","1","keycloak","Apache-2.0","not-required","not-required","not-required","required","bounded-decision",""
"dadeb4b3e3f56c800758cad9754a8bd42a8c94f5906258f9786fb3b76447491c","java-archive","jts-core","1.19.0","1","keycloak","","blocked","blocked","blocked","required","open-review","unresolved-licence-scope"
"0129174aaa2c02b2dfdbff6b22005e76d0e8db6d4ae0a0132b6cc566308f2163","java-archive","kerby-asn1","2.0.3","1","keycloak","Apache-2.0","not-required","not-required","not-required","required","bounded-decision",""
"81b5b5e2f12969114aa7366a5470330d63b94eea6ada8384d51c5090db40ccdc","java-archive","keycloak-account-ui","26.0.8","1","keycloak","Apache-2.0","not-required","not-required","not-required","required","bounded-decision",""
"b90b4ca208d6d9473f8fe43fb935480a43fbe5e36429998d675d915acbd798cb","java-archive","keycloak-admin-cli","26.0.8","1","keycloak","Apache-2.0 | BSD-3-Clause","not-required","not-required","not-required","required","bounded-decision",""
"f62a5def38ca128c6492cbbe77ae3ed5aaadc130fbe52c08e19105881173cf1f","java-archive","keycloak-admin-ui","26.0.8","1","keycloak","Apache-2.0","not-required","not-required","not-required","required","bounded-decision",""
"5532657f55df0d4b4ecdd774b8343a0e1648844b040898ccef3e7555a098e333","java-archive","keycloak-authz-policy-common","26.0.8","1","keycloak","Apache-2.0","not-required","not-required","not-required","required","bounded-decision",""
"f0b1f1101de65c5fa4e20e2556dc4bd330e1661d3ad99d4a9e2bea1aa296db5c","java-archive","keycloak-common","26.0.8","1","keycloak","Apache-2.0","not-required","not-required","not-required","required","bounded-decision",""
"8cacbab9d0df5ebff5ee4150e56b2b7e93e19b2eacd305bf8143131665d3612e","java-archive","keycloak-config-api","26.0.8","1","keycloak","Apache-2.0","not-required","not-required","not-required","required","bounded-decision",""
"5bf91d0b7cbebfb8e62cdc6f23be6cc2f241169c7e6dd631ec4b07181a71d69d","java-archive","keycloak-core","26.0.8","1","keycloak","Apache-2.0","not-required","not-required","not-required","required","bounded-decision",""
"251ca3d0a75d51824226a15ac75f89e7c3081b99184d57de490daf9f2ec4ccac","java-archive","keycloak-crypto-default","26.0.8","1","keycloak","Apache-2.0","not-required","not-required","not-required","required","bounded-decision",""
"e230985d759f3ac129f6597c57190ca4e17f27057a1b36c3582e4252808b6c2e","java-archive","keycloak-crypto-default","26.0.8","1","keycloak","Apache-2.0","not-required","not-required","not-required","required","bounded-decision",""
"44d7241a949cd19dc408ef8795c812bb0b1a3cb6e1439215b55a525cf60b0fb5","java-archive","keycloak-crypto-fips1402","26.0.8","1","keycloak","Apache-2.0","not-required","not-required","not-required","required","bounded-decision",""
"a260691fda98f63530b4c45eb8924cbe8c53d0b0e2913c3eea0125f902d34782","java-archive","keycloak-crypto-fips1402","26.0.8","1","keycloak","Apache-2.0","not-required","not-required","not-required","required","bounded-decision",""
"fed958e7a273ea713cf7b502bba7b4be5ac8b12dd924d96aa40ebae6bc119eb2","java-archive","keycloak-kerberos-federation","26.0.8","1","keycloak","Apache-2.0","not-required","not-required","not-required","required","bounded-decision",""
"7bba454654af4c29005eb9f49b93b3460ec9d394af61f5ac487f6f8370e0f91c","java-archive","keycloak-ldap-federation","26.0.8","1","keycloak","Apache-2.0","not-required","not-required","not-required","required","bounded-decision",""
"4f750d26b95a8d3d6baf876921e8c0aafd34c191ed068ba3fb739c8a40dc203b","java-archive","keycloak-model-infinispan","26.0.8","1","keycloak","Apache-2.0","not-required","not-required","not-required","required","bounded-decision",""
"bbc98036445a6c764f50d5c07f5add6d9fdf9e3e6daf48d1430b070b26983298","java-archive","keycloak-model-jpa","26.0.8","1","keycloak","Apache-2.0","not-required","not-required","not-required","required","bounded-decision",""
"98b33a27a163511f855e3e3aaff40d867b81f906576a1b2266dad952e864ccdb","java-archive","keycloak-model-storage","26.0.8","1","keycloak","Apache-2.0","not-required","not-required","not-required","required","bounded-decision",""
"49038f2fd96919302cb82111d35a5cb41326514a948bb0c89a27aaa580c1ad32","java-archive","keycloak-model-storage-private","26.0.8","1","keycloak","Apache-2.0","not-required","not-required","not-required","required","bounded-decision",""
"82e7a37044059f9dd2229b919f4fec8b3924b8572cf32065a92d88d420dab7b2","java-archive","keycloak-model-storage-services","26.0.8","1","keycloak","Apache-2.0","not-required","not-required","not-required","required","bounded-decision",""
"fe2bd4a705dd77bfe15c596926f73e7e6ed4375d794850f91a73c377f4980050","java-archive","keycloak-quarkus-server","26.0.8","1","keycloak","Apache-2.0","not-required","not-required","not-required","required","bounded-decision",""
"2dc363727339c7bd2a9e228b8002018f04dac4be1a76e9588568b94ca48726a2","java-archive","keycloak-quarkus-server-app","26.0.8","1","keycloak","Apache-2.0","not-required","not-required","not-required","required","bounded-decision",""
"2944fd93212c799ebb84108d74516a7027b25fcb724eca9020faf0729688872d","java-archive","keycloak-quarkus-server-deployment","26.0.8","1","keycloak","Apache-2.0","not-required","not-required","not-required","required","bounded-decision",""
"2a4940c189d4c402f1fab4a2561aeb29dc871c06e3c2ba58125efe4fa521baf3","java-archive","keycloak-rest-admin-ui-ext","26.0.8","1","keycloak","Apache-2.0","not-required","not-required","not-required","required","bounded-decision",""
"d48cdf402c7d867a62102fef312f381f5f2904ec2905a03eea5159d1ce021416","java-archive","keycloak-saml-core","26.0.8","1","keycloak","Apache-2.0","not-required","not-required","not-required","required","bounded-decision",""
"494179e048646fc91acc791bf83d5cb136be96c6903f88b0d6e7afa78d8b9bf7","java-archive","keycloak-saml-core-public","26.0.8","1","keycloak","Apache-2.0","not-required","not-required","not-required","required","bounded-decision",""
"7e4519077569970d760837205cce937c7fce4150518b294642010bf4aca2ccff","java-archive","keycloak-server-spi","26.0.8","1","keycloak","Apache-2.0","not-required","not-required","not-required","required","bounded-decision",""
"11cbc7c082d4d0862fdb78d2109100ec8d3c731d4f77ef9dcbe4317e8192cc8f","java-archive","keycloak-server-spi-private","26.0.8","1","keycloak","Apache-2.0","not-required","not-required","not-required","required","bounded-decision",""
"2ede3911c3f5b8ab8dc13b252b9bfa5436f03778d5ea0cfe06e19d1cb1c62616","java-archive","keycloak-services","26.0.8","1","keycloak","Apache-2.0","not-required","not-required","not-required","required","bounded-decision",""
"587bcbe4900ef65b2e68521d5f029e3d83b9e095d6957fe4fa6e37de0397fd6b","java-archive","keycloak-sssd-federation","26.0.8","1","keycloak","Apache-2.0","not-required","not-required","not-required","required","bounded-decision",""
"e1259de7a03baa069a1a33424f421bf8d544c91d9617bf73be30a72b710dee00","java-archive","keycloak-themes","26.0.8","1","keycloak","Apache-2.0","not-required","not-required","not-required","required","bounded-decision",""
"062898f04ae03327c5e8acb0ee49ac61d244d6e6459a4de54a270bb8aea7b8e8","java-archive","liquibase-core","4.29.1","1","keycloak","Apache-2.0","not-required","not-required","not-required","required","bounded-decision",""
"33c9572b3a10672a8c87bdd3495708366d5573d30df551ca915b62aba79a737d","java-archive","logging-mailhandler","2.0.3","1","keycloak","EDL-1.0","blocked","blocked","blocked","required","open-review","unresolved-licence-scope,additional-notice-terms-scope-review"
"15e4aa1b30709ce03f5f0201d8d26514a7ec43fa2a46f33dc0f8a1bd2966aa3b","java-archive","mariadb-java-client","3.4.1","1","keycloak","LGPL-2.1-only","required","required","required","required","bounded-decision",""
"d643164d96c6eb9862a0b66fa193f86ccc2d1eec6a9fd3814b3b4e33e92c2dc6","java-archive","micrometer-commons","1.13.5","1","keycloak","Apache-2.0","not-required","not-required","not-required","required","bounded-decision",""
"318df6ba1845699ee5d0be0196b20c6d8dca022808a9701849c4709837163bf3","java-archive","micrometer-core","1.13.5","1","keycloak","Apache-2.0","not-required","not-required","not-required","required","bounded-decision",""
"5db9dc3295f3dca4a220efe341aa2d91a765093bff0649c7a2fd7f1b62b039e4","java-archive","micrometer-observation","1.13.5","1","keycloak","Apache-2.0","not-required","not-required","not-required","required","bounded-decision",""
"7820ad62663a57889ff0ed3d67787559a7f876b8652f764246cbdddad63083da","java-archive","micrometer-registry-prometheus-simpleclient","1.13.5","1","keycloak","Apache-2.0","not-required","not-required","not-required","required","bounded-decision",""
"ea5f87e3bdb34cf054f9b071a643a39d580ee1e909bd973e54eb176203349335","java-archive","microprofile-config-api","3.1","1","keycloak","Apache-2.0","not-required","not-required","not-required","required","bounded-decision",""
"d1313b5e21c8629958268ef2f94f2a77750c60027983cd85a43dde31f0234a3f","java-archive","microprofile-context-propagation-api","1.3","1","keycloak","Apache-2.0","not-required","not-required","not-required","required","bounded-decision",""
"0ce4332fe2e21531ffe583ebd95d64054f383c3d4f3f671a9f009e2eaf4f3b7c","java-archive","microprofile-health-api","4.0.1","1","keycloak","Apache-2.0","not-required","not-required","not-required","required","bounded-decision",""
"45928689692c8f9f527db1f7889ab41c59dff5a540ee5b5bddad1ab4299a3d42","java-archive","microprofile-openapi-api","3.1.1","1","keycloak","Apache-2.0","not-required","not-required","not-required","required","bounded-decision",""
"61f39d13aac612d1e28e7c7937aea17c99b6ed5c2686e350eef0bd5323a7a323","java-archive","microprofile-openapi-api","3.1.1","1","keycloak","Apache-2.0 | BSD-3-Clause","not-required","not-required","not-required","required","bounded-decision",""
"b15b340d20cdabc8f643412f4f519c3a8115777adcf7a4cb6a6b56f75aadaf45","java-archive","microprofile-reactive-streams-operators-api","3.0","1","keycloak","Apache-2.0","not-required","not-required","not-required","required","bounded-decision",""
"4c70caa3f1cabc17972d404c1eb14ab2335841f668e772e6d26e05301c78bdc5","java-archive","mssql-jdbc","12.8.1","1","keycloak","MIT","not-required","not-required","not-required","required","bounded-decision",""
"0bb6b1412eac0f6fedc167f06768c9be6486e0b4d3a092cb7ea4e773d9495ca8","java-archive","mutiny","2.6.2","1","keycloak","Apache-2.0","not-required","not-required","not-required","required","bounded-decision",""
"cd615b11fc0fa187bf094e09d3b603d3fa3165537f21273bd5c564c759d7b5a0","java-archive","mutiny-smallrye-context-propagation","2.6.2","1","keycloak","Apache-2.0","not-required","not-required","not-required","required","bounded-decision",""
"9cfba2c1bba599e13cb7ef988fa61c9f71376b551450bc3be9a1a88276d8914e","java-archive","mutiny-zero-flow-adapters","1.1.0","1","keycloak","Apache-2.0","not-required","not-required","not-required","required","bounded-decision",""
"cf4e449970d9732bd7ebdc3e9736dbf9a15b57aa4beabb874f8f370c170e146a","java-archive","mysql-connector-j","8.3.0","1","keycloak","BSD-3-Clause | EPL-1.0 | GPL-2.0-only | LGPL-2.1-only","required","required","required","required","open-review","additional-notice-terms-scope-review"
"f9a95ccd7b2d91014462f629b016e52aef8cc991cc62227372014992888b9871","java-archive","narayana-jta","7.0.2.Final","1","keycloak","Apache-2.0","not-required","not-required","not-required","required","bounded-decision",""
"284797acc334b797760a3f04c8d73df4830c1b11b0c93c66c9e45269b2b2efb6","java-archive","narayana-jts-integration","7.0.2.Final","1","keycloak","Apache-2.0","not-required","not-required","not-required","required","bounded-decision",""
"3669105312ed144c215e8a3a8b6b6c0a01f37a0ab336ddd31d99397c03fb9539","java-archive","nashorn-core","15.4","1","keycloak","","blocked","blocked","blocked","required","open-review","unresolved-licence-scope"
"f677e357121f1bde8d318dedc8ef91fac55a58ca590398873387cbc5d088dce3","java-archive","netty-buffer","4.1.111.Final","1","keycloak","Apache-2.0","not-required","not-required","not-required","required","bounded-decision",""
"e767abc19bb281ae85d960d330854741f792f3be904ad714cf3395e6137a4c7c","java-archive","netty-codec","4.1.111.Final","1","keycloak","Apache-2.0","not-required","not-required","not-required","required","bounded-decision",""
"38ce1d9a29910a83aedac72f01cf30e79d7e56a918cd22c16398267d27caeee4","java-archive","netty-codec-dns","4.1.111.Final","1","keycloak","Apache-2.0","not-required","not-required","not-required","required","bounded-decision",""
"17ea46cbc936f64ca43062a78c2e7682eede77827d4a529d2830ebaee771aeb8","java-archive","netty-codec-haproxy","4.1.111.Final","1","keycloak","Apache-2.0","not-required","not-required","not-required","required","bounded-decision",""
"d93cd87f5619cde74ac27ffab92cd5367704feeffa8b899405a896ebcb967f8a","java-archive","netty-codec-http","4.1.111.Final","1","keycloak","Apache-2.0","not-required","not-required","not-required","required","bounded-decision",""
"46234a09b6556eded362772fb71555afd1c93c9913132a8644c24dfd40e920ca","java-archive","netty-codec-http2","4.1.111.Final","1","keycloak","Apache-2.0","not-required","not-required","not-required","required","bounded-decision",""
"c9ff148771fee691f9044b903debe83ae91436d716dbedd4743de436fee0c742","java-archive","netty-codec-socks","4.1.111.Final","1","keycloak","Apache-2.0","not-required","not-required","not-required","required","bounded-decision",""
"08a6a0414b2c90d9893ec06631821a37871409a5114ae41a53705a4eed19e8ce","java-archive","netty-common","4.1.111.Final","1","keycloak","Apache-2.0","not-required","not-required","not-required","required","bounded-decision",""
"ce08a1805bd58e7f1353788304d3e3ef44cf47d9c179afd35006e68cd1cb79ab","java-archive","netty-handler","4.1.111.Final","1","keycloak","Apache-2.0","not-required","not-required","not-required","required","bounded-decision",""
"3a64d0d88e87144540a5fefd7ad9f807e9f4f6d56f70703ee8f3776955720699","java-archive","netty-handler-proxy","4.1.111.Final","1","keycloak","Apache-2.0","not-required","not-required","not-required","required","bounded-decision",""
"015a278c452156713a96c85e472e28a5e00bc24904b918de5d56baa82ee7777d","java-archive","netty-resolver","4.1.111.Final","1","keycloak","Apache-2.0","not-required","not-required","not-required","required","bounded-decision",""
"18b4c386d4dff617123c36037b179ef5b65c0212ab87b5acc34eb59e05b8f97b","java-archive","netty-resolver-dns","4.1.111.Final","1","keycloak","Apache-2.0","not-required","not-required","not-required","required","bounded-decision",""
"5bfd5c18fe4ede0601bc66e72ce579b19eaeb2e574f1d45a086c2c9d751df0bf","java-archive","netty-transport","4.1.111.Final","1","keycloak","Apache-2.0","not-required","not-required","not-required","required","bounded-decision",""
"fdf581053f82dcc0655693863e49b5059953fcf4ffe4af87cf0b86d67bac3dc3","java-archive","netty-transport-classes-epoll","4.1.111.Final","1","keycloak","Apache-2.0","not-required","not-required","not-required","required","bounded-decision",""
"6d056bc8f4bb5dc49fb7b7fb07120022f5b730513d51e44fff2e1cb5c17f62f0","java-archive","netty-transport-native-epoll","4.1.111.Final","1","keycloak","Apache-2.0","not-required","not-required","not-required","required","bounded-decision",""
"b82906501d300150d5cf4e51ac5ff2f3eb8bc3464d305c4eba60060bb1ecd1b7","java-archive","netty-transport-native-epoll","4.1.111.Final","1","keycloak","Apache-2.0","not-required","not-required","not-required","required","bounded-decision",""
"4a6f1833948c03a6ecfd7d5d97e64ad0cd5222f036e9b1bcd42b97de5321d3d4","java-archive","netty-transport-native-unix-common","4.1.111.Final","1","keycloak","Apache-2.0","not-required","not-required","not-required","required","bounded-decision",""
"6259a1c8cf3dd2aa90ac8de9db26bda68dae89cce6f75d321ce24ebba58b6de0","java-archive","opencsv","5.9","1","keycloak","Apache-2.0","not-required","not-required","not-required","required","bounded-decision",""
"81ca5bc8f3cf15ea221ca47f81ed2a69f8b775b59e2ef8d0b47010e70d787aae","java-archive","opentelemetry-api","1.39.0","1","keycloak","","blocked","blocked","blocked","required","open-review","unresolved-licence-scope"
"ef8d000e9b29d73bc2f41c7322cf3335431873036756ccf5f8d49fc8e9167fa3","java-archive","opentelemetry-api-incubator","1.39.0-alpha","1","keycloak","","blocked","blocked","blocked","required","open-review","unresolved-licence-scope"
"29f975dd86ebb4659a4aa76fc47547c2004a0fdd45401bc8de87aea5a23ee4fb","java-archive","opentelemetry-context","1.39.0","1","keycloak","","blocked","blocked","blocked","required","open-review","unresolved-licence-scope"
"ff5b78fe5982306286c3844281feeb721b14bb8124ab787840594385de45d5f0","java-archive","opentelemetry-exporter-common","1.39.0","1","keycloak","","blocked","blocked","blocked","required","open-review","unresolved-licence-scope"
"67339c12c1d5d1b29e462d9ae8297119f26816391710dba72ff0ce4e3ce30728","java-archive","opentelemetry-exporter-otlp","1.39.0","1","keycloak","","blocked","blocked","blocked","required","open-review","unresolved-licence-scope"
"17ea17eb46c8bbf989c645e240e73290218fa7857c93c06f1d85094c28e4ceae","java-archive","opentelemetry-exporter-otlp-common","1.39.0","1","keycloak","","blocked","blocked","blocked","required","open-review","unresolved-licence-scope"
"1a22879a7336c2110220c660b8b7a9fa28bd2d0e987d5340ba2bd84766e83cf2","java-archive","opentelemetry-exporter-sender-okhttp","1.39.0","1","keycloak","","blocked","blocked","blocked","required","open-review","unresolved-licence-scope"
"5699deb80ef603778c55e9b9398b6a9e93210b31d9241454368cf2f26a46aee2","java-archive","opentelemetry-instrumentation-annotations","2.5.0","1","keycloak","","blocked","blocked","blocked","required","open-review","unresolved-licence-scope"
"9ac3084fb3d616698027fd37a8107b0c0cedee0dd544ed584ee1e29b44d5dc92","java-archive","opentelemetry-instrumentation-annotations-support","2.5.0-alpha","1","keycloak","","blocked","blocked","blocked","required","open-review","unresolved-licence-scope"
"950b09a56069038676fd88914fac07c11def9024385c2bf1152b8713df3a31e1","java-archive","opentelemetry-instrumentation-api","2.5.0","1","keycloak","","blocked","blocked","blocked","required","open-review","unresolved-licence-scope"
"cbe2cb33a5650eb18bb546191ff057ee30d3f8a4315e28ca89fd98d9235ad38f","java-archive","opentelemetry-instrumentation-api-incubator","2.5.0-alpha","1","keycloak","","blocked","blocked","blocked","required","open-review","unresolved-licence-scope"
"a509f7136ce1121893524fc82494484b58594bb8fde724353a872df94f3bf75b","java-archive","opentelemetry-jdbc","2.5.0-alpha","1","keycloak","","blocked","blocked","blocked","required","open-review","unresolved-licence-scope"
"51fbdd79f54b750458a3ad86195d064aa6d4619f28380884f4ec0a612673f185","java-archive","opentelemetry-sdk","1.39.0","1","keycloak","","blocked","blocked","blocked","required","open-review","unresolved-licence-scope"
"efb7e3e09f87d30808b73f885946f149c3ee4ae79d49db934e258a60881ad211","java-archive","opentelemetry-sdk-common","1.39.0","1","keycloak","","blocked","blocked","blocked","required","open-review","unresolved-licence-scope"
"cfe6aecb57bef2bab78deac10f8f2ddd16a2565dfeb78341f91ada2f16751d03","java-archive","opentelemetry-sdk-extension-autoconfigure","1.39.0","1","keycloak","","blocked","blocked","blocked","required","open-review","unresolved-licence-scope"
"25bf44d7dd94d9e2ae5ed2ffbec17a8335f8191ddf0aa7b86c06288036b4af40","java-archive","opentelemetry-sdk-extension-autoconfigure-spi","1.39.0","1","keycloak","","blocked","blocked","blocked","required","open-review","unresolved-licence-scope"
"d9e9366f4ad0a0ee539ae9b805569dc2c7bdf1a6b99d1570ac42dca35064c3ba","java-archive","opentelemetry-sdk-logs","1.39.0","1","keycloak","","blocked","blocked","blocked","required","open-review","unresolved-licence-scope"
"c5e8a2d8459a372e3b6afd6c9f10593f46c7ad6255f1a7b690e34c28bd6df0f1","java-archive","opentelemetry-sdk-metrics","1.39.0","1","keycloak","","blocked","blocked","blocked","required","open-review","unresolved-licence-scope"
"d1aefe76d6e37174304210f38059f59b7b9050b2ac352505c793460842439f66","java-archive","opentelemetry-sdk-trace","1.39.0","1","keycloak","","blocked","blocked","blocked","required","open-review","unresolved-licence-scope"
"d2221b5afd316d30faf8d65c0653689742eecf3230d2c93a8d2b8caaccae38bf","java-archive","opentelemetry-semconv","1.26.0-alpha","1","keycloak","Apache-2.0","not-required","not-required","not-required","required","bounded-decision",""
"8c15568794fa82b8c5c663afb59212f24cf5f1392b2a8c490fbef593592a9109","java-archive","opentelemetry-semconv-incubating","1.26.0-alpha","1","keycloak","","blocked","blocked","blocked","required","open-review","unresolved-licence-scope"
"3debc3d9a293ba0b86ed013d368b0fcae3eea34d837bed3413173716f78edf97","java-archive","org-crac","0.1.3","1","keycloak","BSD-2-Clause","not-required","not-required","not-required","required","bounded-decision",""
"9fa4d43246e1105a25cfd7b0719831249bb81b49a455a53d894e17988bb659ba","java-archive","owasp-java-html-sanitizer","20240325.1","1","keycloak","Apache-2.0","not-required","not-required","not-required","required","bounded-decision",""
"a2309e51f8101392c687c16c9217bab998b628ee8579adf655a5169131c0fcdb","java-archive","parsson","1.1.7","1","keycloak","","blocked","blocked","blocked","required","open-review","unresolved-licence-scope,additional-notice-terms-scope-review"
"48e8eb2f5086dcc8b93cbd13b18c923ae8e6f4ce44788d3fb7d09f1ec55c89d2","java-archive","perfmark-api","0.26.0","1","keycloak","Apache-2.0","not-required","not-required","not-required","required","bounded-decision",""
"6564f4cf2833332b7ee2276da65f2107f436212335795e739fa24c0173eef7e4","java-archive","picocli","4.7.6","1","keycloak","","blocked","blocked","blocked","required","open-review","unresolved-licence-scope"
"26d053aec1cb7b140654f0827cf2b45c114e41cb487979033032cdb256da7b16","java-archive","pop3","2.0.3","1","keycloak","EDL-1.0","blocked","blocked","blocked","required","open-review","unresolved-licence-scope,additional-notice-terms-scope-review"
"cb55040e98dcd9bff960c157ea7e657e3f1f2cb0469647b37c2cdc0baebee36e","java-archive","postgresql","42.7.4","1","keycloak","BSD-2-Clause","not-required","not-required","not-required","required","bounded-decision",""
"dea7b498b780f6a4050743a53e1286a75a5cd76988a928f72ba52e42e3780ee9","java-archive","proto-google-common-protos","2.41.0","1","keycloak","Apache-2.0","not-required","not-required","not-required","required","bounded-decision",""
"99f05b8035809f9b364a511aed167ef64da1a908bd5877c345658be68023752f","java-archive","protobuf-java","3.25.5","1","keycloak","BSD-3-Clause","not-required","not-required","not-required","required","bounded-decision",""
"b744a6af1e96334563282e9e0f0674f34e2451210e6eb036f211fd4ae94081d8","java-archive","protostream","5.0.10.Final","1","keycloak","Apache-2.0","not-required","not-required","not-required","required","bounded-decision",""
"53b589ac74a41e77f23c50f9a3b549c04272bd759085ef5e33c0a7fde6a70f48","java-archive","protostream-processor","5.0.10.Final","1","keycloak","Apache-2.0","not-required","not-required","not-required","required","bounded-decision",""
"e3a19c6e51626c3a6b0be35e4a0bb70dc8cb8d59d563f319a388d9f2de775e4f","java-archive","protostream-types","5.0.10.Final","1","keycloak","Apache-2.0","not-required","not-required","not-required","required","bounded-decision",""
"3b89fefa0e65d20b345a2f7aa26981b178f70189525d1e0600466469f85de8e2","java-archive","quarkus-agroal","3.15.1","1","keycloak","Apache-2.0","not-required","not-required","not-required","required","bounded-decision",""
"ed0e712f7db8d3d00f0f18ac9808a92a8c94d3b6db3f33c724bd244079c4eb01","java-archive","quarkus-agroal-deployment","3.15.1","1","keycloak","Apache-2.0","not-required","not-required","not-required","required","bounded-decision",""
"a38e4bca9dc530be9d83bc0fea5f6cbbef51be1634912e04eea16252082f2eeb","java-archive","quarkus-agroal-spi","3.15.1","1","keycloak","Apache-2.0","not-required","not-required","not-required","required","bounded-decision",""
"4ac0bbc01c4d9c4bee90fac9e4e6f447cfc5fbbd0ebb15a3777c74c6ef163900","java-archive","quarkus-arc","3.15.1","1","keycloak","Apache-2.0","not-required","not-required","not-required","required","bounded-decision",""
"4176cb22d53a8d6680cc8cd68b9c28b956cc59545fbdbd9d174b063e93fb2250","java-archive","quarkus-arc-deployment","3.15.1","1","keycloak","Apache-2.0","not-required","not-required","not-required","required","bounded-decision",""
"403a3948e4bb574c934f07d71557d43d70bf01a119a8243c7e2ad5ad45f3aa54","java-archive","quarkus-arc-test-supplement","3.15.1","1","keycloak","Apache-2.0","not-required","not-required","not-required","required","bounded-decision",""
"f5bec6cd7e98d086fcde9680b3bd3ecbbc789568f9b5cbab6f60e301fda103cf","java-archive","quarkus-bootstrap-app-model","3.15.1","1","keycloak","Apache-2.0","not-required","not-required","not-required","required","bounded-decision",""
"3c0da47f9983be6cb459d10ae975a0a4cddf84b6ff1a07f1ae282f5770b91891","java-archive","quarkus-bootstrap-core","3.15.1","1","keycloak","Apache-2.0","not-required","not-required","not-required","required","bounded-decision",""
"a6ddda177e8327f4eb2ca043c5dad730c81589c96430633603cc3762487ecc17","java-archive","quarkus-bootstrap-runner","3.15.1","1","keycloak","Apache-2.0","not-required","not-required","not-required","required","bounded-decision",""
"79bc1661cfd44d849dd32c3c7cdf74cd718a9cbf80cba4c0b5db6091a991a2ba","java-archive","quarkus-builder","3.15.1","1","keycloak","Apache-2.0","not-required","not-required","not-required","required","bounded-decision",""
"fb9e4bec876114d53d4b8e4fe0865f31e41516eb02c2c9c6aee06bbb9f66f1eb","java-archive","quarkus-caffeine","3.15.1","1","keycloak","Apache-2.0","not-required","not-required","not-required","required","bounded-decision",""
"968fea81a97db0a089f440bf341a2b1d86f647161af2fc9e723c93fda517b41a","java-archive","quarkus-caffeine-deployment","3.15.1","1","keycloak","Apache-2.0","not-required","not-required","not-required","required","bounded-decision",""
"4dbcf61ff19abb1addf139a8384946e02c4ae485cc0b893f919e629e83c95085","java-archive","quarkus-class-change-agent","3.15.1","1","keycloak","Apache-2.0","not-required","not-required","not-required","required","bounded-decision",""
"134d2efb0f06ae7df7191e55dc49008103194d0168e6baea89a91a90ac099542","java-archive","quarkus-classloader-commons","3.15.1","1","keycloak","Apache-2.0","not-required","not-required","not-required","required","bounded-decision",""
"1a1d69bd9d1d70400c8b436ffc5a603fe695e1a306d06d55b3dc96a569dbb96c","java-archive","quarkus-core","3.15.1","1","keycloak","Apache-2.0","not-required","not-required","not-required","required","bounded-decision",""
"3644bdcc14f72fc28117bd34aa52485347ac52f692375c54d44b024525da0e7b","java-archive","quarkus-core-deployment","3.15.1","1","keycloak","Apache-2.0","not-required","not-required","not-required","required","bounded-decision",""
"698ef3d292c730d6299f1da10fd6eb68c3dbc7f64e6792301da37e17b734bd66","java-archive","quarkus-credentials","3.15.1","1","keycloak","Apache-2.0","not-required","not-required","not-required","required","bounded-decision",""
"32bdfedae934df185f35643822d52b60b07d7d9d4523dc0f5ad8474a1ad4a2eb","java-archive","quarkus-credentials-deployment","3.15.1","1","keycloak","Apache-2.0","not-required","not-required","not-required","required","bounded-decision",""
"564b60a801ca79334a1b8d994d48d37dbba23c43c14c7b3f69ef9edbcfe8e201","java-archive","quarkus-datasource","3.15.1","1","keycloak","Apache-2.0","not-required","not-required","not-required","required","bounded-decision",""
"b82c3b0e8e4a5a174da9ebd341673796e25a11b542d584c079e2348b55dcd6ca","java-archive","quarkus-datasource-common","3.15.1","1","keycloak","Apache-2.0","not-required","not-required","not-required","required","bounded-decision",""
"3872f37f186de4c939a10e5e8f7395a1ff119f57b9c72ec59d3a533607ee72a6","java-archive","quarkus-datasource-deployment","3.15.1","1","keycloak","Apache-2.0","not-required","not-required","not-required","required","bounded-decision",""
"ac8446987f2df9e0d1ebdbeb6b49920e946cd180bfe21079d6d9143331e4fbd9","java-archive","quarkus-datasource-deployment-spi","3.15.1","1","keycloak","Apache-2.0","not-required","not-required","not-required","required","bounded-decision",""
"bd70b0862dcf6bb60eb707b69375879ebdb76f9fb9c06652548d6d71244a8661","java-archive","quarkus-development-mode-spi","3.15.1","1","keycloak","Apache-2.0","not-required","not-required","not-required","required","bounded-decision",""
"4eae7f19ede141386c4ef331ca98ce8fd6a3e3301548fc7a3827bcd7721ac722","java-archive","quarkus-devtools-utilities","3.15.1","1","keycloak","Apache-2.0","not-required","not-required","not-required","required","bounded-decision",""
"f86b51cf6364d58136a32e2558d25246f09aec25de0551a57f794af342d35ffe","java-archive","quarkus-fs-util","0.0.10","1","keycloak","Apache-2.0","not-required","not-required","not-required","required","bounded-decision",""
"ba6d38c885dc2761cc1c8edb3b05f0597527c7b66b8b35d15aa7c351309c453a","java-archive","quarkus-grpc-common","3.15.1","1","keycloak","Apache-2.0","not-required","not-required","not-required","required","bounded-decision",""
"33fe251424006529a4024ed706d507591f0fa4f21d79f0ccc8babdebf33d4942","java-archive","quarkus-grpc-common-deployment","3.15.1","1","keycloak","Apache-2.0","not-required","not-required","not-required","required","bounded-decision",""
"d6e9f8495b70762ca241c3d3acbd9dbdca51a3d3aa81cf620d84753ebeedcc9e","java-archive","quarkus-hibernate-orm","3.15.1","1","keycloak","Apache-2.0","not-required","not-required","not-required","required","bounded-decision",""
"05b184c9e351feb5235a2ea5a22af1354850f3fbe329752f1ff5aaad9a8e2669","java-archive","quarkus-hibernate-orm-deployment","3.15.1","1","keycloak","Apache-2.0","not-required","not-required","not-required","required","bounded-decision",""
"047719649fcb062dd774cc516bb52a97b5380bcb88573fbc622ea97e4143d98c","java-archive","quarkus-hibernate-orm-deployment-spi","3.15.1","1","keycloak","Apache-2.0","not-required","not-required","not-required","required","bounded-decision",""
"5cf8381b71b7e88b0cf16597ce4cfc24ab880a010305a82815921b2cd96bad8f","java-archive","quarkus-hibernate-validator-spi","3.15.1","1","keycloak","Apache-2.0","not-required","not-required","not-required","required","bounded-decision",""
"9af2e4ff46db1d9ae71d2637123af8e632a780ebf2b4988abcaaab4dc5aec479","java-archive","quarkus-http-core","5.3.2","1","keycloak","Apache-2.0","not-required","not-required","not-required","required","bounded-decision",""
"1e5e2967af93ce8cf32d84e254615f925383f2239260f48753400c041891eab8","java-archive","quarkus-http-http-core","5.3.2","1","keycloak","Apache-2.0","not-required","not-required","not-required","required","bounded-decision",""
"8ad1716f39bd7db0ca11cb0c303268b39b5bf6c1839dd69b7b3871541a4cbe37","java-archive","quarkus-http-servlet","5.3.2","1","keycloak","Apache-2.0","not-required","not-required","not-required","required","bounded-decision",""
"53758c1a039851fbc09a0ea3e916fe2626a0493d9617b4383aa04069f4967d00","java-archive","quarkus-jackson","3.15.1","1","keycloak","Apache-2.0","not-required","not-required","not-required","required","bounded-decision",""
"7b217e6f6c727a6e410c45b809bbe7970c3a0c9598592b97deec925a6d3681cb","java-archive","quarkus-jackson-deployment","3.15.1","1","keycloak","Apache-2.0","not-required","not-required","not-required","required","bounded-decision",""
"3e519072d9a24a931ece9047b7f22fbab0f7de43d8122c0d00e14f489b9dae9b","java-archive","quarkus-jackson-spi","3.15.1","1","keycloak","Apache-2.0","not-required","not-required","not-required","required","bounded-decision",""
"a167986a940945adcd655d8e73a9c428846a3a591fd124fe63bd6b09f58ecfe9","java-archive","quarkus-jaxrs-spi-deployment","3.15.1","1","keycloak","Apache-2.0","not-required","not-required","not-required","required","bounded-decision",""
"48563ebba6986440bfadebc7eb782a85415fb62f9eeeb6f0cb06a163153c688e","java-archive","quarkus-jdbc-h2","3.15.1","1","keycloak","Apache-2.0","not-required","not-required","not-required","required","bounded-decision",""
"c2db643b80443f3f79edde634dc32095ad39295420bcc90ffcb92f76495d0286","java-archive","quarkus-jdbc-h2-deployment","3.15.1","1","keycloak","Apache-2.0","not-required","not-required","not-required","required","bounded-decision",""
"086099b414c76346cbcb10b087c022e6df69215afb3210077bbc5b0930c7e049","java-archive","quarkus-jdbc-mariadb","3.15.1","1","keycloak","Apache-2.0","not-required","not-required","not-required","required","bounded-decision",""
"feb88df68d5f1ac103efee32af90f6da40bb1edbc57281d66ec4f9b3cac568f2","java-archive","quarkus-jdbc-mariadb-deployment","3.15.1","1","keycloak","Apache-2.0","not-required","not-required","not-required","required","bounded-decision",""
"965a0ae90da3e97752652841152d2754da7a45a8082979f75979f278c146b350","java-archive","quarkus-jdbc-mssql","3.15.1","1","keycloak","Apache-2.0","not-required","not-required","not-required","required","bounded-decision",""
"5f39eec4445db8826faacf282aa84693a9d74410f64755f4837a4e8d853d061d","java-archive","quarkus-jdbc-mssql-deployment","3.15.1","1","keycloak","Apache-2.0","not-required","not-required","not-required","required","bounded-decision",""
"b5fd8cea38d5d305d0c76e1f54d5f76daeabb2a93e7e855a607869c49d5e671d","java-archive","quarkus-jdbc-mysql","3.15.1","1","keycloak","Apache-2.0","not-required","not-required","not-required","required","bounded-decision",""
"6c63f189a06ca5c5b8e9883e18cad8611cb3954cf565355e16e8daebb711fe72","java-archive","quarkus-jdbc-mysql-deployment","3.15.1","1","keycloak","Apache-2.0","not-required","not-required","not-required","required","bounded-decision",""
"63d666facbc72d3f6a607d014117df1773137c81d6331eb7251cd1de059e6ed9","java-archive","quarkus-jdbc-oracle","3.15.1","1","keycloak","Apache-2.0","not-required","not-required","not-required","required","bounded-decision",""
"620af1bb53e41e28c56955360f79cd135ab2681a1a9ace73be9b0ee7c667b499","java-archive","quarkus-jdbc-oracle-deployment","3.15.1","1","keycloak","Apache-2.0","not-required","not-required","not-required","required","bounded-decision",""
"7e1751b8b4b70226acdac92ceae50b26155bc452a18c546ee727c9fabddf9cf9","java-archive","quarkus-jdbc-postgresql","3.15.1","1","keycloak","Apache-2.0","not-required","not-required","not-required","required","bounded-decision",""
"b88d20bcd74f18026471def820c8a020fa77798c9af95d01241951d18486c7bc","java-archive","quarkus-jdbc-postgresql-deployment","3.15.1","1","keycloak","Apache-2.0","not-required","not-required","not-required","required","bounded-decision",""
"2dcfd79b4c3a68cb29350397f40734d287eee1dc9836bbd3f1daa3358172fda4","java-archive","quarkus-jsonp","3.15.1","1","keycloak","Apache-2.0","not-required","not-required","not-required","required","bounded-decision",""
"9b430f43194dd68128eaa4dbbaa778ce91d477a7d0d08d18c706791ea3073200","java-archive","quarkus-jsonp-deployment","3.15.1","1","keycloak","Apache-2.0","not-required","not-required","not-required","required","bounded-decision",""
"576a72acd0f2d86b3bbd7bd4142930545c517b2c78eb13185d6a7e7d7da60f9e","java-archive","quarkus-kubernetes-service-binding-spi","3.15.1","1","keycloak","Apache-2.0","not-required","not-required","not-required","required","bounded-decision",""
"6ec9e70e7366f487c11b8932c11a3b04cafb9f1fb3c4f302464d0ba321d924a0","java-archive","quarkus-kubernetes-spi","3.15.1","1","keycloak","Apache-2.0","not-required","not-required","not-required","required","bounded-decision",""
"1621e0ed5ed85839590d23d5a4884321ac2862172e304623e17be2c0a505b613","java-archive","quarkus-local-cache","0.3.0","1","keycloak","Apache-2.0","not-required","not-required","not-required","required","bounded-decision",""
"ecfa7a835c33dba63cf6f62c0d499897d1ac0b067dbe8ad3497b977661ae8499","java-archive","quarkus-logging-json","3.15.1","1","keycloak","Apache-2.0","not-required","not-required","not-required","required","bounded-decision",""
"52495d2527b968406ad6bfce1c7d06173629f0ac1a9a19d9cfb6c7e06f478a12","java-archive","quarkus-logging-json-deployment","3.15.1","1","keycloak","Apache-2.0","not-required","not-required","not-required","required","bounded-decision",""
"9a6eba3bb6655aa1cda65ba64e4d79c85cf119217a2a0a23dcf524d82cdeef7e","java-archive","quarkus-micrometer","3.15.1","1","keycloak","Apache-2.0","not-required","not-required","not-required","required","bounded-decision",""
"a1a03c038f9867a987e620319f2d8a54339c152e307376d8d0232b53d5f81cc8","java-archive","quarkus-micrometer-deployment","3.15.1","1","keycloak","Apache-2.0","not-required","not-required","not-required","required","bounded-decision",""
"54560762fc0b0c80b9dc4360cb3fcc5f23083d4ad6118c97c772613fa5ae49a8","java-archive","quarkus-micrometer-registry-prometheus","3.15.1","1","keycloak","Apache-2.0","not-required","not-required","not-required","required","bounded-decision",""
"66da8d2dad9546cd068b0bdbdae91827d7fa520dfbd2c6dfce04b4afeced5023","java-archive","quarkus-micrometer-registry-prometheus-deployment","3.15.1","1","keycloak","Apache-2.0","not-required","not-required","not-required","required","bounded-decision",""
"5683d4d250140494722639938c760f101234859c0652796430cffa3c7093077f","java-archive","quarkus-mutiny","3.15.1","1","keycloak","Apache-2.0","not-required","not-required","not-required","required","bounded-decision",""
"caaecf48fa61c4dadd7ff7be4921a437ebee35dc2f6a600d6e0665e73f33aa68","java-archive","quarkus-mutiny-deployment","3.15.1","1","keycloak","Apache-2.0","not-required","not-required","not-required","required","bounded-decision",""
"35d77a5cdaece02a38bc95a332aa8f07df9e11abc8a2bbd061058c60b8aa169e","java-archive","quarkus-narayana-jta","3.15.1","1","keycloak","Apache-2.0","not-required","not-required","not-required","required","bounded-decision",""
"13d704331cacae490ce4b636eb3447f359044675643a46c381cebc142c1a79e3","java-archive","quarkus-narayana-jta-deployment","3.15.1","1","keycloak","Apache-2.0","not-required","not-required","not-required","required","bounded-decision",""
"06974a48ef6b09710e8348af2ca1160f243c3f7f7d329470be646b4c9cb91769","java-archive","quarkus-netty","3.15.1","1","keycloak","Apache-2.0","not-required","not-required","not-required","required","bounded-decision",""
"4179fda9820c9ff31f98768e869d96132f6ede2347396314e6c623504e4e42fc","java-archive","quarkus-netty-deployment","3.15.1","1","keycloak","Apache-2.0","not-required","not-required","not-required","required","bounded-decision",""
"87f07a8f68b6f6bf436f8aefe1984a9cd1b8d987d1a05e27efff36a7bc5f0394","java-archive","quarkus-opentelemetry","3.15.1","1","keycloak","Apache-2.0","not-required","not-required","not-required","required","bounded-decision",""
"eb25192a79ddb2979e9bd4ef429906cc3c549d317ad32b620c6256320ee81d14","java-archive","quarkus-opentelemetry-deployment","3.15.1","1","keycloak","Apache-2.0","not-required","not-required","not-required","required","bounded-decision",""
"6b18ad5c1699b072ababfadd107a2faa79ecc2d362b8d12e5636af88013c6eca","java-archive","quarkus-panache-common","3.15.1","1","keycloak","Apache-2.0","not-required","not-required","not-required","required","bounded-decision",""
"942bd0d660005c540efa7226563ca2bd60e067332d458859cae532d23f234f9c","java-archive","quarkus-panache-common-deployment","3.15.1","1","keycloak","Apache-2.0","not-required","not-required","not-required","required","bounded-decision",""
"5302b21e38316b21472c3cd1c7aff03bc004f5eaf8189d4d0481856e9b832eab","java-archive","quarkus-panache-hibernate-common","3.15.1","1","keycloak","Apache-2.0","not-required","not-required","not-required","required","bounded-decision",""
"e646b0c0d3062ea751d74d6f4e40ba62b3444a713ecf7363744202ed91590662","java-archive","quarkus-panache-hibernate-common-deployment","3.15.1","1","keycloak","Apache-2.0","not-required","not-required","not-required","required","bounded-decision",""
"c9e5882047b26792e7b4375d95c28b21504a47a33e1e5813eabe2e03ef433cde","java-archive","quarkus-reactive-routes","3.15.1","1","keycloak","Apache-2.0","not-required","not-required","not-required","required","bounded-decision",""
"34252b0628c70db0391b4ec013c498863f0440686f6afef4567c6c85dce410c3","java-archive","quarkus-reactive-routes-deployment","3.15.1","1","keycloak","Apache-2.0","not-required","not-required","not-required","required","bounded-decision",""
"b448bf1dd5e03322768693d509851c1d7772a7316a3bfbdc952a518a324dea83","java-archive","quarkus-rest","3.15.1","1","keycloak","Apache-2.0","not-required","not-required","not-required","required","bounded-decision",""
"3ae9dbfe50c5a6463ae3a1e0c758cca23b5072bc3af324f76be69c92993f07c5","java-archive","quarkus-rest-common","3.15.1","1","keycloak","Apache-2.0","not-required","not-required","not-required","required","bounded-decision",""
"425d51e834343ef194556b1ecac93f32ef3d2263253d4de6bb313812359a8f40","java-archive","quarkus-rest-common-deployment","3.15.1","1","keycloak","Apache-2.0","not-required","not-required","not-required","required","bounded-decision",""
"0a932c2daea80f9a596acc3df9459de666899b610fc2c8f796c68735f8878195","java-archive","quarkus-rest-deployment","3.15.1","1","keycloak","Apache-2.0","not-required","not-required","not-required","required","bounded-decision",""
"c573797715dbe6ae0e44427ad1c64beb9714897d58b2483e8a17209d326e40f1","java-archive","quarkus-rest-jackson","3.15.1","1","keycloak","Apache-2.0","not-required","not-required","not-required","required","bounded-decision",""
"b3b64e609ad9d2f835362173bd90fe2446ac4cf462cd885efaaac8f726598fbe","java-archive","quarkus-rest-jackson-common","3.15.1","1","keycloak","Apache-2.0","not-required","not-required","not-required","required","bounded-decision",""
"2a13576372975faa258809c2415818eb87ce512849953c2bc8b76828a82da99d","java-archive","quarkus-rest-jackson-common-deployment","3.15.1","1","keycloak","Apache-2.0","not-required","not-required","not-required","required","bounded-decision",""
"24343385f56e5d5570970746be060be08484b314b95a6862db150f41565df529","java-archive","quarkus-rest-jackson-deployment","3.15.1","1","keycloak","Apache-2.0","not-required","not-required","not-required","required","bounded-decision",""
"29f51abdd25fdefe914fd1a230a10d1083bde76136a57479ebbf1b9a1e7b79da","java-archive","quarkus-rest-server-spi-deployment","3.15.1","1","keycloak","Apache-2.0","not-required","not-required","not-required","required","bounded-decision",""
"2a2fde1b27bb39fea9c64663f839cefd0c9642269bb9560c0da2eef251a7c196","java-archive","quarkus-rest-spi-deployment","3.15.1","1","keycloak","Apache-2.0","not-required","not-required","not-required","required","bounded-decision",""
"0c7a4155c538c85664223d7879cc399e48fa35046a18dcea2e7c7d7781206ec9","java-archive","quarkus-resteasy-common-spi","3.15.1","1","keycloak","Apache-2.0","not-required","not-required","not-required","required","bounded-decision",""
"75953bdcd7736a2ee7300cc434d96bfe046592173c420e86e27039dd06af2832","java-archive","quarkus-run","26.0.8","1","keycloak","Apache-2.0","not-required","not-required","not-required","required","bounded-decision",""
"027a3faf68bd15475272e2d99a463987eeca6642e6d712fb7dbf6cf6299f2b29","java-archive","quarkus-security","2.1.0","1","keycloak","Apache-2.0","not-required","not-required","not-required","required","bounded-decision",""
"26b6c02d1c4d6cec4391347b14c84357d557a5325c4a3d1b76656fb393c48e00","java-archive","quarkus-security-runtime-spi","3.15.1","1","keycloak","Apache-2.0","not-required","not-required","not-required","required","bounded-decision",""
"6face7c79f4e2c6b21f1b8b8665d05810967250fd073d0c38e11da64a135713e","java-archive","quarkus-security-spi","3.15.1","1","keycloak","Apache-2.0","not-required","not-required","not-required","required","bounded-decision",""
"6512e4ab8d1aca3232be17d3515fd1357a05fc70ae5a149f350042003615806b","java-archive","quarkus-smallrye-context-propagation","3.15.1","1","keycloak","Apache-2.0","not-required","not-required","not-required","required","bounded-decision",""
"6f4c3370d2ee81d5f02b74c7ef0f7813511d5bbcf4dba434386da01c5202ef77","java-archive","quarkus-smallrye-context-propagation-deployment","3.15.1","1","keycloak","Apache-2.0","not-required","not-required","not-required","required","bounded-decision",""
"a33a9f46a4ba26de9ead042d161b247d6c594b01b6d5b67fc86ab4f3238b66ae","java-archive","quarkus-smallrye-context-propagation-spi","3.15.1","1","keycloak","Apache-2.0","not-required","not-required","not-required","required","bounded-decision",""
"af8e539cf67e575dddc03cd92bf000cd73555f288d797ca75b1e446228381457","java-archive","quarkus-smallrye-health","3.15.1","1","keycloak","Apache-2.0","not-required","not-required","not-required","required","bounded-decision",""
"ef7e6187e91e17c007acfec508fbc6e635509554207063e27b2137aa7b196615","java-archive","quarkus-smallrye-health-deployment","3.15.1","1","keycloak","Apache-2.0","not-required","not-required","not-required","required","bounded-decision",""
"9ad61a52d725ae116db524bfc482f58e55f3e5ca5c4a62bca78aad568d7b8814","java-archive","quarkus-smallrye-health-spi","3.15.1","1","keycloak","Apache-2.0","not-required","not-required","not-required","required","bounded-decision",""
"87f7497cace6836806902c147c3de1c2f9e35a73e14a8db157ebf986f7930371","java-archive","quarkus-smallrye-openapi-spi","3.15.1","1","keycloak","Apache-2.0","not-required","not-required","not-required","required","bounded-decision",""
"3cb162ab50e39707262bde120c29d46bbee5e4abf2c64a45d3ed21632e54db1d","java-archive","quarkus-tls-registry","3.15.1","1","keycloak","Apache-2.0","not-required","not-required","not-required","required","bounded-decision",""
"0c009e16f1d52c790d3688916abbf1d39563222735a1e0f04548a85c5e7a666e","java-archive","quarkus-tls-registry-deployment","3.15.1","1","keycloak","Apache-2.0","not-required","not-required","not-required","required","bounded-decision",""
"eea2c2c9a9d4efca53064ea3faf355f06fdb25cf353aa175b87f8355d63179a6","java-archive","quarkus-transaction-annotations","3.15.1","1","keycloak","Apache-2.0","not-required","not-required","not-required","required","bounded-decision",""
"74ddcd075dc93e345658cb17c76d1b5a46716b55ec9a93cc2c40bf9df84c18e2","java-archive","quarkus-undertow-spi","3.15.1","1","keycloak","Apache-2.0","not-required","not-required","not-required","required","bounded-decision",""
"916dd514ddab44f3cb1e8bab13197bc360e1ebd6d16f66e6330adff8afe95c77","java-archive","quarkus-vertx","3.15.1","1","keycloak","Apache-2.0","not-required","not-required","not-required","required","bounded-decision",""
"e83bb3ddc6823ed4156d88c179bf88cdd32dd60685621fa704f730d45b97d669","java-archive","quarkus-vertx-deployment","3.15.1","1","keycloak","Apache-2.0","not-required","not-required","not-required","required","bounded-decision",""
"b917e7c80566c34dde74701b2dbfb8c9c6b59a416cb2cdebd1f761519210a9dc","java-archive","quarkus-vertx-deployment-spi","3.15.1","1","keycloak","Apache-2.0","not-required","not-required","not-required","required","bounded-decision",""
"ba5508603fe8345438f6c456f4297bb30544f5f11329f9f39445420fa5e618c4","java-archive","quarkus-vertx-http","3.15.1","1","keycloak","Apache-2.0","not-required","not-required","not-required","required","bounded-decision",""
"bbdedeb883723dfd2a0ca94fef6b35c97dc134836e2873c4ca8dd7fd7ca5f7a6","java-archive","quarkus-vertx-http-deployment","3.15.1","1","keycloak","Apache-2.0","not-required","not-required","not-required","required","bounded-decision",""
"9cc06e1997d2db472bb7e1b451b3f07d90daab11f3db54c898b3df58923b4444","java-archive","quarkus-vertx-http-deployment-spi","3.15.1","1","keycloak","Apache-2.0","not-required","not-required","not-required","required","bounded-decision",""
"b1854a51a0f28e03d320c0bfe926535cc1b45938b5971b6f29671616589d8c78","java-archive","quarkus-vertx-http-dev-ui-spi","3.15.1","1","keycloak","Apache-2.0","not-required","not-required","not-required","required","bounded-decision",""
"89863add4068a58f061a3ef9e696e29c7fb1f705bf74f419ea6145101e10abcc","java-archive","quarkus-vertx-latebound-mdc-provider","3.15.1","1","keycloak","Apache-2.0","not-required","not-required","not-required","required","bounded-decision",""
"f21f6066354b29639f0f0762fdc9b71ad091f17d2c2998e1dcfc015a282594c0","java-archive","quarkus-vertx-utils","3.15.1","1","keycloak","Apache-2.0","not-required","not-required","not-required","required","bounded-decision",""
"aebd723bd27060a5f12b1c1bb5a805de1c10d7d06d76ffe36ba0e4d681c2811c","java-archive","quarkus-virtual-threads","3.15.1","1","keycloak","Apache-2.0","not-required","not-required","not-required","required","bounded-decision",""
"cc0f92d69f75baab2ead08ab2b20c0ad75823f163544f158ecf2a724e57f1c41","java-archive","quarkus-virtual-threads-deployment","3.15.1","1","keycloak","Apache-2.0","not-required","not-required","not-required","required","bounded-decision",""
"f87b440f4f8112deb53ff8a67a9c2d865d3b8f8cf47b1e6d02c4da01688721ab","java-archive","qute-core","3.15.1","1","keycloak","Apache-2.0","not-required","not-required","not-required","required","bounded-decision",""
"f275a4b213e583f0593389e6308b7c40585625f3d0b2194be8b98d22965d4d26","java-archive","rdf-urdna","1.1","1","keycloak","","blocked","blocked","blocked","required","open-review","unresolved-licence-scope"
"5e716c9a9c57266dc409aea91965be53fe44bf88637a79a33b20460046df5373","java-archive","reactive-streams","1.0.4","1","keycloak","MIT-0","not-required","not-required","not-required","required","bounded-decision",""
"bc76d9d14fdfbc4a2e615fffe7dcf9ac2945ec726336d2003aa39eec2acbbb6f","java-archive","readline","2.6","1","keycloak","Apache-2.0","not-required","not-required","not-required","required","bounded-decision",""
"953e4eb3e9413e696dd743af3cf2871b1123e20ea9aad645c11642c5e03d37d3","java-archive","resteasy-reactive","3.15.1","1","keycloak","Apache-2.0","not-required","not-required","not-required","required","bounded-decision",""
"7d872d9b8afbbbcbba9d8008db19d4c6adddac3436aa5c5079e51859fc7036d6","java-archive","resteasy-reactive-common","3.15.1","1","keycloak","Apache-2.0","not-required","not-required","not-required","required","bounded-decision",""
"3b72c143da322eb66f146f92c1df177c2115a37d61967cd7761330c3af4fd3c9","java-archive","resteasy-reactive-common-processor","3.15.1","1","keycloak","Apache-2.0","not-required","not-required","not-required","required","bounded-decision",""
"3302378f3be6324e146401f6c5984a26e162e30103ecf5252fd965b93b4d1a7b","java-archive","resteasy-reactive-common-types","3.15.1","1","keycloak","Apache-2.0","not-required","not-required","not-required","required","bounded-decision",""
"eaaf88593ad7f26a2da0afdf22a1484fd890ecff2e0be1b837f2cc69174f3c17","java-archive","resteasy-reactive-jackson","3.15.1","1","keycloak","Apache-2.0","not-required","not-required","not-required","required","bounded-decision",""
"2cf9294196011f1ec2628c0c84c4dc51270339f0e73e82a46f237fd2ab2c9104","java-archive","resteasy-reactive-processor","3.15.1","1","keycloak","Apache-2.0","not-required","not-required","not-required","required","bounded-decision",""
"e57276d638dac03ba2461f37dfbacaa2e5256d4f2cf87cf1088718624ad8ff9d","java-archive","resteasy-reactive-vertx","3.15.1","1","keycloak","Apache-2.0","not-required","not-required","not-required","required","bounded-decision",""
"c3b18b690e0ef2df6146520dfe16e7c5c1d62a145e07605645e148100ac9b0b5","java-archive","rxjava","3.1.8","1","keycloak","Apache-2.0","not-required","not-required","not-required","required","bounded-decision",""
"0297f6acfea95dad85d2be666cd1a0bc6ff14ca599abe47bf5c44a100dcf972f","java-archive","saaj-impl","2.0.1","1","keycloak","BSD-3-Clause | EDL-1.0","not-required","not-required","not-required","required","bounded-decision",""
"feac1d42cdbc4c004f2c92f3d9a446c4b10bdfb8d27adc157fa3b849b0da6da3","java-archive","simpleclient","0.16.0","1","keycloak","Apache-2.0","not-required","not-required","not-required","required","bounded-decision",""
"b4b3199cbbdf5e1f6570aeb49dba245bd089a561e47905d0cdfe92163328cefb","java-archive","simpleclient_common","0.16.0","1","keycloak","Apache-2.0","not-required","not-required","not-required","required","bounded-decision",""
"0eeaea4631c537b4f727d1c477904741242c6014aaa7d4b0f916a0ddc2cad821","java-archive","simpleclient_tracer_common","0.16.0","1","keycloak","Apache-2.0","not-required","not-required","not-required","required","bounded-decision",""
"62fb687ce8d943c275f5fa8a98ca1b1f7177400df7514e7ebafc620bdffc689d","java-archive","simpleclient_tracer_otel","0.16.0","1","keycloak","Apache-2.0","not-required","not-required","not-required","required","bounded-decision",""
"6b82a96c2906124b470f1639b4bcdf212434336d799ed6e252ed2a9be2cd734f","java-archive","simpleclient_tracer_otel_agent","0.16.0","1","keycloak","Apache-2.0","not-required","not-required","not-required","required","bounded-decision",""
"c4af80d97464d75929b459ab9bdb817aebbadc2ff01ed2c20d5e9ded5a05e883","java-archive","slf4j-api","2.0.6","1","keycloak","MIT","not-required","not-required","not-required","required","bounded-decision",""
"f6e8a7963c2b4e09502284d6dec46b227a3b4199a890d8351e9e69d060ed989f","java-archive","slf4j-jboss-logmanager","2.0.0.Final","1","keycloak","Apache-2.0","not-required","not-required","not-required","required","bounded-decision",""
"270c6e6c01b8a76a60d89e197856d6ac2f1cdf477c770ac6519ea8c84f1c9403","java-archive","smallrye-common-annotation","2.6.0","1","keycloak","Apache-2.0","not-required","not-required","not-required","required","bounded-decision",""
"b1ad16b2c11873d473593d09bab6b6365a51efd6737ff48c755cd2146e7dbb29","java-archive","smallrye-common-classloader","2.6.0","1","keycloak","Apache-2.0","not-required","not-required","not-required","required","bounded-decision",""
"2477fd9d3dd98797f90cca0523333c83a61f680bf21984712f1b2c9cf61401c2","java-archive","smallrye-common-constraint","2.6.0","1","keycloak","Apache-2.0","not-required","not-required","not-required","required","bounded-decision",""
"2e485d8bf911584459bc98c7afb3187c078f7e7bd51d75eaed8ad1a11d82a4dc","java-archive","smallrye-common-cpu","2.6.0","1","keycloak","Apache-2.0","not-required","not-required","not-required","required","bounded-decision",""
"9b38f349cb2a2b3060ddc24647a1e7617ba2514b6c1dabdce060c3237cb30a9b","java-archive","smallrye-common-expression","2.6.0","1","keycloak","Apache-2.0","not-required","not-required","not-required","required","bounded-decision",""
"ea98f42020921ff41f59a86e9b270c99532c918bf5bd3e6dabf293e2e35306a9","java-archive","smallrye-common-function","2.6.0","1","keycloak","Apache-2.0","not-required","not-required","not-required","required","bounded-decision",""
"7a4fac39f851eab8acac285140b7d56fc6d804a3c0b2ed46013a588967e022b8","java-archive","smallrye-common-io","2.6.0","1","keycloak","Apache-2.0","not-required","not-required","not-required","required","bounded-decision",""
"e8fa51f4781b169f5e55e91995ca0086eed86df9155976703756d91b3ff8828b","java-archive","smallrye-common-net","2.6.0","1","keycloak","Apache-2.0","not-required","not-required","not-required","required","bounded-decision",""
"9e26d55db793302b1e07e65c70e2d6ac16a4d3ca0353e5230e3ef5346ecdc0a9","java-archive","smallrye-common-os","2.6.0","1","keycloak","Apache-2.0","not-required","not-required","not-required","required","bounded-decision",""
"2470a754def4a79ca269562b0b46af77e2403f5c4e39a1349e5dcb2f56d9b0d2","java-archive","smallrye-common-ref","2.6.0","1","keycloak","Apache-2.0","not-required","not-required","not-required","required","bounded-decision",""
"f0f6eab757c68408243d154efdd5c15a39ade922e992128bd78d952d5abc26db","java-archive","smallrye-common-vertx-context","2.6.0","1","keycloak","Apache-2.0","not-required","not-required","not-required","required","bounded-decision",""
"82ef0f7f8236acc3862737bdc47e5f5cad893c7a7b00ac7c1b407206d9f00d28","java-archive","smallrye-config","3.9.1","1","keycloak","Apache-2.0","not-required","not-required","not-required","required","bounded-decision",""
"d12dadac4ae4d2ded6921eaad1899f9617857353bd4ec427ec04b93cf6a2b771","java-archive","smallrye-config-common","3.9.1","1","keycloak","Apache-2.0","not-required","not-required","not-required","required","bounded-decision",""
"6c284cb0383c8fa24368df374a3823d95269d7fb2a52c04de825abef3e96eab0","java-archive","smallrye-config-core","3.9.1","1","keycloak","Apache-2.0","not-required","not-required","not-required","required","bounded-decision",""
"fca7908bb18fb0b3d786261e00dde57dddb1e677fffc77f97dd749b28ca54457","java-archive","smallrye-config-source-keystore","3.9.1","1","keycloak","Apache-2.0","not-required","not-required","not-required","required","bounded-decision",""
"7d65026f1add210a34990220231e811226690dfedce22005aa4d11843e3271aa","java-archive","smallrye-context-propagation","2.1.2","1","keycloak","Apache-2.0","not-required","not-required","not-required","required","bounded-decision",""
"7a2988c33394179ac41d5ebbe9af6d1ed9d4abd3682c8f5a1f1972f4eab05e1c","java-archive","smallrye-context-propagation-api","2.1.2","1","keycloak","Apache-2.0","not-required","not-required","not-required","required","bounded-decision",""
"f4565cf7e8be03bae5c9db0192b1c61ebb37dd6955e54d89f02a04b6c0931092","java-archive","smallrye-context-propagation-jta","2.1.2","1","keycloak","Apache-2.0","not-required","not-required","not-required","required","bounded-decision",""
"deaaeb4d38029875e1445c3681a6cc70a90ab4e9b03e760936bae83d7cd3807e","java-archive","smallrye-context-propagation-storage","2.1.2","1","keycloak","Apache-2.0","not-required","not-required","not-required","required","bounded-decision",""
"b5008bf6577419e4fa4d39c04290e063d4da1e813f15942569969a0fab85b285","java-archive","smallrye-fault-tolerance-vertx","6.4.0","1","keycloak","Apache-2.0","not-required","not-required","not-required","required","bounded-decision",""
"e4a6d37a75a458a114599bcdb41d9b2385b2ae0ce478ee9e1ee859cf24bb6614","java-archive","smallrye-health","4.1.0","1","keycloak","Apache-2.0","not-required","not-required","not-required","required","bounded-decision",""
"12d0564fdc102563638cf0638824a202481c776dcc5ce751fe474dee91e25039","java-archive","smallrye-health-api","4.1.0","1","keycloak","Apache-2.0","not-required","not-required","not-required","required","bounded-decision",""
"713f3b7506a57fe657a077a90a013deb58092b2284dd20182f40ddab38e26990","java-archive","smallrye-health-provided-checks","4.1.0","1","keycloak","Apache-2.0","not-required","not-required","not-required","required","bounded-decision",""
"52bd8372f09997ce13692b9ea4cca9cbaafa5925293c2d05099973c1161bfa57","java-archive","smallrye-health-ui","4.1.0","1","keycloak","Apache-2.0","not-required","not-required","not-required","required","bounded-decision",""
"1888db4c8cf790e438913f61ac9f992cb8cf5e7a74e19ee962b57c0448922dab","java-archive","smallrye-mutiny-vertx-auth-common","3.15.0","1","keycloak","Apache-2.0","not-required","not-required","not-required","required","bounded-decision",""
"f637c687e4763bedaba42eeae4927a400fc77b7849f66228e4a47410426d96af","java-archive","smallrye-mutiny-vertx-bridge-common","3.15.0","1","keycloak","Apache-2.0","not-required","not-required","not-required","required","bounded-decision",""
"278b30b4df0fd3373d026baa59147e2df66a44729afc1981755d40927b3a34f7","java-archive","smallrye-mutiny-vertx-core","3.15.0","1","keycloak","Apache-2.0","not-required","not-required","not-required","required","bounded-decision",""
"1b69a29875409006d75183ff5f1bd75c43385ef0033005013e397c7ad06b6053","java-archive","smallrye-mutiny-vertx-runtime","3.15.0","1","keycloak","Apache-2.0","not-required","not-required","not-required","required","bounded-decision",""
"0c0c1d8c760da5da7152ac07230f34362894658a2bd13a9b0ee88330384aa7f3","java-archive","smallrye-mutiny-vertx-uri-template","3.15.0","1","keycloak","Apache-2.0","not-required","not-required","not-required","required","bounded-decision",""
"0370b92a1045b5d5ef7f52bd1fdcc23750cd195cf1d31bd61cef9cfed82653ac","java-archive","smallrye-mutiny-vertx-web","3.15.0","1","keycloak","Apache-2.0","not-required","not-required","not-required","required","bounded-decision",""
"1d9202c9509cd4d4dcf4ee0e39939b8fc5af6aee0a7a3bc597ed1c3697b04d3a","java-archive","smallrye-mutiny-vertx-web-common","3.15.0","1","keycloak","Apache-2.0","not-required","not-required","not-required","required","bounded-decision",""
"af6f65660c318fdae443788bab06c474c691807eb1159bc670cc3dbe6fa5a5ee","java-archive","smallrye-open-api-core","3.10.0","1","keycloak","Apache-2.0","not-required","not-required","not-required","required","bounded-decision",""
"14709ed5b0c1d429c7e57ad02f203dd37b80e172f0a76d29ba2d386db875d1e3","java-archive","smallrye-reactive-converter-api","3.0.1","1","keycloak","Apache-2.0","not-required","not-required","not-required","required","bounded-decision",""
"6c122864236f65c2f4f4c918a21ed34b77d1bce70f9cdfe6a8623222dfe27c93","java-archive","smallrye-reactive-converter-mutiny","3.0.1","1","keycloak","Apache-2.0","not-required","not-required","not-required","required","bounded-decision",""
"5c09269c4c56dc46c69c4be0ec8e48083715898cc99a314c3f145a64bd447f00","java-archive","smtp","2.0.3","1","keycloak","EDL-1.0","blocked","blocked","blocked","required","open-review","unresolved-licence-scope,additional-notice-terms-scope-review"
"c4d25499f639cbb12bef664aa2ef45baaf9482da7c88e90d2110d48fda5601f5","java-archive","snakeyaml","2.0","1","keycloak","Apache-2.0","not-required","not-required","not-required","required","bounded-decision",""
"dea3c061492c56bd52e0a477dee14e279239eaf24fe0b8cfe1d685099dba4d8d","java-archive","snakeyaml-engine","2.6","1","keycloak","Apache-2.0","not-required","not-required","not-required","required","bounded-decision",""
"cf5f6c67dd6a669ff55bda3632f79ca868433dd76b7503b6389d6751dfa7946a","java-archive","stax-ex","2.0.1","1","keycloak","BSD-3-Clause | EDL-1.0","not-required","not-required","not-required","required","bounded-decision",""
"ba31e66c6a34b9d839f7440a560f448b1f9eba6aeea318325be9e0825bac5805","java-archive","terminal-api","2.6","1","keycloak","Apache-2.0","not-required","not-required","not-required","required","bounded-decision",""
"210ba2c204aafbdbef3693ea1ba9b69d4a2f0226998b2b959ffa05569d5e75f1","java-archive","titanium-json-ld","1.3.3","1","keycloak","Apache-2.0","not-required","not-required","not-required","required","bounded-decision",""
"7ea973c95293fec4409b6986e83403a68aa097d99bbe5274eba10d1f8636ce22","java-archive","twitter4j-core","4.1.2","1","keycloak","Apache-2.0","not-required","not-required","not-required","required","bounded-decision",""
"4aff16df006ed3a876e05340a18b6923496e09e3c86c9e63d2fe35659f74f88f","java-archive","txoj","7.0.2.Final","1","keycloak","Apache-2.0","not-required","not-required","not-required","required","bounded-decision",""
"17e633e2e9df81fb1e0ef937b202023b9bb2d1e2ecde415cc1f6c2e716db5f36","java-archive","txw2","4.0.5","1","keycloak","BSD-3-Clause","not-required","not-required","not-required","required","bounded-decision",""
"178bcb590fd4715bdc550d4f897b971eb1d3ed55c585491e7d7131e6d4c0a5ec","java-archive","uap-java","1.5.4","1","keycloak","Apache-2.0","not-required","not-required","not-required","required","bounded-decision",""
"99cd204401bfbf2eaa35e01fcba3f786e59b5e599375b831b4c3e8216db31c6f","java-archive","vertx-auth-common","4.5.10","1","keycloak","Apache-2.0","blocked","blocked","blocked","required","open-review","unresolved-licence-scope"
"2ba913ce8dab2ef355984816471d9b59577474526f6918af69ede9bb9deb1648","java-archive","vertx-bridge-common","4.5.10","1","keycloak","Apache-2.0","blocked","blocked","blocked","required","open-review","unresolved-licence-scope"
"ed2a8d4a94cc06f41e96f0727e99024a3f8ee1826f78846927033c3951ffbe31","java-archive","vertx-codegen","4.5.10","1","keycloak","Apache-2.0","blocked","blocked","blocked","required","open-review","unresolved-licence-scope"
"743de0e5ca484002f92cdb86e8a0ac2217afedcf9cd523b4f9365f4467f8b71e","java-archive","vertx-core","4.5.10","1","keycloak","Apache-2.0 | EPL-2.0","required","not-required","not-required","required","bounded-decision",""
"4316eadd1a430b3a99cddb71c681db46491464c6c48f3be3e469191eb663fca9","java-archive","vertx-grpc","4.5.10","1","keycloak","Apache-2.0","blocked","blocked","blocked","required","open-review","unresolved-licence-scope"
"7e196b627820a6d42ef8fd39080a35e52a653f9213d9c6b493c9c1de4670fe15","java-archive","vertx-grpc-client","4.5.10","1","keycloak","Apache-2.0","blocked","blocked","blocked","required","open-review","unresolved-licence-scope"
"6234c20f44f59af90042afa3596586b7709685ac039305855f22db2f13f49a98","java-archive","vertx-grpc-common","4.5.10","1","keycloak","Apache-2.0","blocked","blocked","blocked","required","open-review","unresolved-licence-scope"
"08374b3e5c21912077ee04e7f010b989db5680f2cef01056dee4be33a99323a6","java-archive","vertx-grpc-server","4.5.10","1","keycloak","Apache-2.0","blocked","blocked","blocked","required","open-review","unresolved-licence-scope"
"5b6e463fa113bde7263d64d10aa7a7ec3f3e6275470fe355e8ab8f2a1def4b58","java-archive","vertx-mutiny-generator","3.15.0","1","keycloak","Apache-2.0","not-required","not-required","not-required","required","bounded-decision",""
"aa1fe919364a9f3d844dd79f6818fa06b9c86293d2a5620afc5006c668228b42","java-archive","vertx-web","4.5.10","1","keycloak","Apache-2.0 | EPL-2.0","required","not-required","not-required","required","bounded-decision",""
"69222faf9208f2d9852dd099080c6c4a64d3a38bb4bf00c2d694d70211751675","java-archive","vertx-web-common","4.5.10","1","keycloak","Apache-2.0","blocked","blocked","blocked","required","open-review","unresolved-licence-scope"
"4aac1ff434e3bb314fcc9632f51edf366231e80d4bc617a94c4ea36663f485bb","java-archive","waffle-jna","3.3.0","1","keycloak","MIT","not-required","not-required","not-required","required","bounded-decision",""
"478efe92ebf5d8111ecbe6d99a4d75f5bb8d0d93459d3bf21fb497b0000ac715","java-archive","webauthn4j-core","0.21.5.RELEASE","1","keycloak","","blocked","blocked","blocked","required","open-review","unresolved-licence-scope"
"a9d50d2ef55063d970e29a34d8feef408f3d5725778081af9f586fcde451a185","java-archive","webauthn4j-util","0.21.5.RELEASE","1","keycloak","","blocked","blocked","blocked","required","open-review","unresolved-licence-scope"
"403d64c694db9452114f54fed136aca1c5954a314c3eebee379a9ba9974ebbbc","java-archive","wildfly-common","1.5.4.Final-format-001","1","keycloak","Apache-2.0","not-required","not-required","not-required","required","bounded-decision",""
"acf87de52e1445061b1f98e1cb03279da3a4c195330f1591401fd6a868b676dc","java-archive","wildfly-elytron-asn1","2.5.2.Final","1","keycloak","Apache-2.0","not-required","not-required","not-required","required","bounded-decision",""
"ce9cff5d3ad12372a07295e17cc98524138b74c49ab549769a088833b4c8e2eb","java-archive","wildfly-elytron-auth","2.5.2.Final","1","keycloak","Apache-2.0","not-required","not-required","not-required","required","bounded-decision",""
"2b1f331b6ec182e1735075b14f43304daed80c1e1f62ff4d327c2995331c4fe3","java-archive","wildfly-elytron-auth-server","2.5.2.Final","1","keycloak","Apache-2.0","not-required","not-required","not-required","required","bounded-decision",""
"1a7082f2238712e7e2fdcb3af1f2b6fe8cd94ff12a5bb5bbaa51ca16511579ce","java-archive","wildfly-elytron-base","2.5.2.Final","1","keycloak","Apache-2.0","not-required","not-required","not-required","required","bounded-decision",""
"b0985ba360ffa82e8569f19dae81b29d6d40ff5d8091605e980d3b0dd7c6e5db","java-archive","wildfly-elytron-credential","2.5.2.Final","1","keycloak","Apache-2.0","not-required","not-required","not-required","required","bounded-decision",""
"dd80b84acc6a13c8b76f8f6e5554bae34616f22ec1b8fc94f599e168fbb416f9","java-archive","wildfly-elytron-http","2.5.2.Final","1","keycloak","Apache-2.0","not-required","not-required","not-required","required","bounded-decision",""
"461b2f6d69e2f4fc4a503afa3cd7433dc8c1ac502a71e35e6171f2e8cf0f5b2e","java-archive","wildfly-elytron-keystore","2.5.2.Final","1","keycloak","Apache-2.0","not-required","not-required","not-required","required","bounded-decision",""
"d1a5b6b590cf92c77decccbcfb1cc9ce595ceed5b054fe60d84b54bd49918b9c","java-archive","wildfly-elytron-mechanism","2.5.2.Final","1","keycloak","Apache-2.0","not-required","not-required","not-required","required","bounded-decision",""
"acde6545181881b42d22d9d63ee8ae7606f95a532b81ab8dfb86eda80176356b","java-archive","wildfly-elytron-mechanism-digest","2.5.2.Final","1","keycloak","Apache-2.0","not-required","not-required","not-required","required","bounded-decision",""
"ae1793a30544bb7dab46d9c3022bbc4f6fe47c9070b1ee40e31ea788a330c894","java-archive","wildfly-elytron-mechanism-gssapi","2.5.2.Final","1","keycloak","Apache-2.0","not-required","not-required","not-required","required","bounded-decision",""
"06f02f1c3c057e557cdb86794a33246a456da37e719ea8be1a2f6569c3f2ef8a","java-archive","wildfly-elytron-mechanism-oauth2","2.5.2.Final","1","keycloak","Apache-2.0","not-required","not-required","not-required","required","bounded-decision",""
"3fea66bf5bac510f829ce0e11b4e1057ff1f08c72fef7773c5831eaa3f5c8c4b","java-archive","wildfly-elytron-mechanism-scram","2.5.2.Final","1","keycloak","Apache-2.0","not-required","not-required","not-required","required","bounded-decision",""
"37e7732b10838abf737293fa7e35e4598580241141da2c1067b88a0e165381f1","java-archive","wildfly-elytron-password-impl","2.5.2.Final","1","keycloak","Apache-2.0","not-required","not-required","not-required","required","bounded-decision",""
"53c6e6340763cf4b7b6518e0d0283e4c675595cd8563822d65dc7aa0d8e374d7","java-archive","wildfly-elytron-permission","2.5.2.Final","1","keycloak","Apache-2.0","not-required","not-required","not-required","required","bounded-decision",""
"58efee8543b10067015d413118dabe09a490b53e774255a22365e766230e059e","java-archive","wildfly-elytron-provider-util","2.5.2.Final","1","keycloak","Apache-2.0","not-required","not-required","not-required","required","bounded-decision",""
"9e669f901eeef3cab1b8c33ea815462b1107e85d0466adf8810c9033cd7fc0ec","java-archive","wildfly-elytron-sasl","2.5.2.Final","1","keycloak","Apache-2.0","not-required","not-required","not-required","required","bounded-decision",""
"10ae0c63e04443ca4d21679e662dadaa76505e6e1dd87950412e3a2bd8d8596b","java-archive","wildfly-elytron-sasl-digest","2.5.2.Final","1","keycloak","Apache-2.0","not-required","not-required","not-required","required","bounded-decision",""
"2062bf6c5a27f76235e3dfab69af9a75ae87ca2e653132ec05117d2e89441991","java-archive","wildfly-elytron-sasl-external","2.5.2.Final","1","keycloak","Apache-2.0","not-required","not-required","not-required","required","bounded-decision",""
"a0b4f0d78cca2ed9e3707a91f6ce3998bf0e1cc567df82dca54c1b5ea56429f9","java-archive","wildfly-elytron-sasl-gs2","2.5.2.Final","1","keycloak","Apache-2.0","not-required","not-required","not-required","required","bounded-decision",""
"3817dcfafdc4f49b2db620af7f18088dab46ff14d53ffaa72f8a4424ca4afcc7","java-archive","wildfly-elytron-sasl-gssapi","2.5.2.Final","1","keycloak","Apache-2.0","not-required","not-required","not-required","required","bounded-decision",""
"24a5cca7ee9cda37f67c5f3760a7210b825ccabbce4dba6d628f5ac7503fa2b8","java-archive","wildfly-elytron-sasl-oauth2","2.5.2.Final","1","keycloak","Apache-2.0","not-required","not-required","not-required","required","bounded-decision",""
"c9319ce01e490bbee6c55baa2bca2fe53a7f5c0cf90b5f7e4ef317b1d3d1bf28","java-archive","wildfly-elytron-sasl-plain","2.5.2.Final","1","keycloak","Apache-2.0","not-required","not-required","not-required","required","bounded-decision",""
"96b6fd58065413bbba9f4ab51d128d635a17b667cac8cb10e0aaebf215e95229","java-archive","wildfly-elytron-sasl-scram","2.5.2.Final","1","keycloak","Apache-2.0","not-required","not-required","not-required","required","bounded-decision",""
"a41dde1d650b41e98b6039bbfd53b77825fe2598a916c85e4a2d7c3629809b37","java-archive","wildfly-elytron-security-manager-action","2.5.2.Final","1","keycloak","Apache-2.0","not-required","not-required","not-required","required","bounded-decision",""
"273ef96aa48b58a62d75cf53c0eb6afe5ddca39bde43dfe83fe409be8e4b9b6f","java-archive","wildfly-elytron-ssl","2.5.2.Final","1","keycloak","Apache-2.0","not-required","not-required","not-required","required","bounded-decision",""
"c38b4b243a191110606aa5e892761d1193cfb3329fed176a15d94311818df9ee","java-archive","wildfly-elytron-util","2.5.2.Final","1","keycloak","Apache-2.0","not-required","not-required","not-required","required","bounded-decision",""
"c799c7a89e380deec2dfd96c137d36ff196b24329c412000beb8eb7f409e016c","java-archive","wildfly-elytron-x500","2.5.2.Final","1","keycloak","Apache-2.0","not-required","not-required","not-required","required","bounded-decision",""
"21fb71de85dffca0ff0e2122f6eb3552227d45be252f89c14e53345fadeb6021","java-archive","wildfly-elytron-x500-cert","2.5.2.Final","1","keycloak","Apache-2.0","not-required","not-required","not-required","required","bounded-decision",""
"92a1af38b46928241502452fedd51c9d251921c0a8eaa4378e85e9f246932ee9","java-archive","wildfly-elytron-x500-cert-util","2.5.2.Final","1","keycloak","Apache-2.0","not-required","not-required","not-required","required","bounded-decision",""
"a714d96531fc5f475cbdf7fa17c944a03bc67d64ebf784e5076d612e33af6bba","java-archive","xmlsec","2.2.6","1","keycloak","Apache-2.0","not-required","not-required","not-required","required","bounded-decision",""
"ccb8a618975390a0a8a73451b9db27bce2f3b40e28e502cba873cef84cff50ee","npm","'@alcalzone/ansi-tokenize","0.1.3","1","hermes","MIT","not-required","not-required","not-required","required","bounded-decision",""
"7777758d7efab6233422fa4a20ce541e628da7af0906a513e1fbb8a1018c5a3d","npm","'@alcalzone/ansi-tokenize","0.3.0","1","hermes","MIT","not-required","not-required","not-required","required","bounded-decision",""
"3c1aaf1ccba40c6d761c3e5432637ba63db7797ce7e04f814fe003224e52baba","npm","'@aquiero/contracts","0.1.0","2","hermes,unify-core","LicenseRef-UNIFY-FirstParty-Proprietary","not-required","not-required","not-required","see group detail","bounded-decision",""
"92abbb103bfd9f46e37e2c3acc530a66f8611e9ed9db1d33a40145b2810cc68d","npm","'@aquiero/gateway","0.1.0","1","unify-core","LicenseRef-UNIFY-FirstParty-Proprietary","not-required","not-required","not-required","see group detail","bounded-decision",""
"c568489f32909007d782a8434e9d646e6d198372d8f7c71422fbcab772ba24df","npm","'@aquiero/hermes-control-adapter","0.1.0","1","hermes","LicenseRef-UNIFY-FirstParty-Proprietary","not-required","not-required","not-required","see group detail","bounded-decision",""
"41e32d565640dbca019fe11c2737f5f503e6d34704a69031f562b9165ab61d50","npm","'@babel/code-frame","7.29.7","1","hermes","MIT","not-required","not-required","not-required","required","bounded-decision",""
"af5d8f2566948b2d9598f911c49ac53ab88d962de692ce1e9aade73b2e660371","npm","'@babel/compat-data","7.29.7","1","hermes","MIT","not-required","not-required","not-required","required","bounded-decision",""
"99da4ace1575b65a0d8adf7049cd3c2bee146bf7ca933f09f9424c59d2ccbf1a","npm","'@babel/core","7.29.7","1","hermes","MIT","not-required","not-required","not-required","required","bounded-decision",""
"241b3f15c046c5d2685004842a329388701a4c3fb4b252f9cd48ff69d3e4d94e","npm","'@babel/generator","7.29.7","1","hermes","MIT","not-required","not-required","not-required","required","bounded-decision",""
"e1424cb3ce56c04909838356eb41928a149ab1875a1a66206f83a74961d63fae","npm","'@babel/helper-compilation-targets","7.29.7","1","hermes","MIT","not-required","not-required","not-required","required","bounded-decision",""
"07729d5a5c5ec426cd99c0e5b40fbaebcd2940b89ee4ba3e5962ed266487507a","npm","'@babel/helper-globals","7.29.7","1","hermes","MIT","not-required","not-required","not-required","required","bounded-decision",""
"23a88a32b35a624bfd39db00363f5d12941c7e6767d4e3ce6a5c134c448a5109","npm","'@babel/helper-module-imports","7.29.7","1","hermes","MIT","not-required","not-required","not-required","required","bounded-decision",""
"256d32d9be4f7a9c0767be3f396e2e40ca1f5c9c67f6659a6b46b54dcfb9e03f","npm","'@babel/helper-module-transforms","7.29.7","1","hermes","MIT","not-required","not-required","not-required","required","bounded-decision",""
"218c44dada74f7e340a6d5a486617544fd0f5e36e640f3237e524d565341785c","npm","'@babel/helper-string-parser","7.29.7","1","hermes","MIT","not-required","not-required","not-required","required","bounded-decision",""
"263ca432193c98dcefb10f7e9cdc0882f04e12fe3c83287b7e945703f4113894","npm","'@babel/helper-validator-identifier","7.29.7","1","hermes","MIT","not-required","not-required","not-required","required","bounded-decision",""
"74508398f01d979baaeb39698144cca4b11e1f5fa38eb7b4ef954a15d0c4ecfa","npm","'@babel/helper-validator-option","7.29.7","1","hermes","MIT","not-required","not-required","not-required","required","bounded-decision",""
"34c9ccd675401616a7e17850dbeba7d513e3905fc7de69d48de6c40e344b73fc","npm","'@babel/helpers","7.29.7","1","hermes","MIT","not-required","not-required","not-required","required","bounded-decision",""
"18a0720012c99cc349c37291d10370cf8567ae6e67804847ae8b1d72d7f7b42a","npm","'@babel/parser","7.29.7","1","hermes","MIT","not-required","not-required","not-required","required","bounded-decision",""
"ad0b599feafc78cd59459313b187dd73be0f2e6f4279e20ebb7965db69c25465","npm","'@babel/runtime","7.29.7","1","hermes","MIT","not-required","not-required","not-required","required","bounded-decision",""
"4fda1c249c88f89cbc415d16c4c0321a5ec6c7fac6fb36a8fc6cff04177356f1","npm","'@babel/template","7.29.7","1","hermes","MIT","not-required","not-required","not-required","required","bounded-decision",""
"f70d1af90bbd891a5254d4386f96a44d57d5f9d539dd80515612b7c7a5f5e414","npm","'@babel/traverse","7.29.7","1","hermes","MIT","not-required","not-required","not-required","required","bounded-decision",""
"4e17213bb52c0a0ee1fd652af493fd1eff4f8cf5d87adf525018e56af52f7fd7","npm","'@babel/types","7.29.7","1","hermes","MIT","not-required","not-required","not-required","required","bounded-decision",""
"2fe622c37ee6410ee24e173870bb74b80a53412e7cf319af03a2a1d8775d5e80","npm","'@emnapi/core","2.0.0-alpha.3","1","hermes","MIT","not-required","not-required","not-required","required","bounded-decision",""
"ad965fb2e9b27dc15e31092b963789957e1a2c51d33ff7b44c972eb7b002ec71","npm","'@emnapi/runtime","2.0.0-alpha.3","1","hermes","MIT","not-required","not-required","not-required","required","bounded-decision",""
"d0ffe33c254cde1a5b38c788f734213846d8015ce72c48798b79ae7d8a32110c","npm","'@emnapi/wasi-threads","2.0.1","1","hermes","MIT","not-required","not-required","not-required","required","bounded-decision",""
"5ccf3ad487735b9b728b516fbd157ded082ca7ffea0e9ca9e1bc2daeae13c898","npm","'@esbuild/linux-x64","0.28.1","1","hermes","MIT","not-required","not-required","not-required","required","bounded-decision",""
"fcd8ae29be6875fa9b6fd87b3f4ae40c606414c6ab96c531995b841cbfa9ffac","npm","'@eslint-community/eslint-utils","4.9.1","1","hermes","MIT","not-required","not-required","not-required","required","bounded-decision",""
"f530847364411d2113fa9df8ae211d08851828d217d4ef378306749211acfd9a","npm","'@eslint-community/regexpp","4.12.2","1","hermes","MIT","not-required","not-required","not-required","required","bounded-decision",""
"b0da063b6eb7efe252aa6931b3356cbef54328928b87935f32f7f4e433b980a4","npm","'@eslint/config-array","0.23.5","1","hermes","Apache-2.0","not-required","not-required","not-required","required","bounded-decision",""
"d0bc7d54f324e82b9ad4959833c6be59bfdbac536177fffc1027afe5332fbc92","npm","'@eslint/config-helpers","0.7.0","1","hermes","Apache-2.0","not-required","not-required","not-required","required","bounded-decision",""
"92c7256d7433371326c769ba72a1b4d084cf8e6c56787f776d9faebcb2587042","npm","'@eslint/core","1.2.1","1","hermes","Apache-2.0","not-required","not-required","not-required","required","bounded-decision",""
"54c6f7045cdfe1fc79ad2ffb6db3027130d02188dbb11b5e22bd14bf565777e5","npm","'@eslint/js","9.39.5","1","hermes","MIT","not-required","not-required","not-required","required","bounded-decision",""
"d8490f24c800310e45b40bc13cb3d892c1b62a57c1b871d0efdf00b56feb87db","npm","'@eslint/object-schema","3.0.5","1","hermes","Apache-2.0","not-required","not-required","not-required","required","bounded-decision",""
"9ee44a23dc489d445c6db28e978e13167f40689b804b229f5da23cb1ddb65ca1","npm","'@eslint/plugin-kit","0.7.2","1","hermes","Apache-2.0","not-required","not-required","not-required","required","bounded-decision",""
"962e79d1e9031754d7bee4d1bbe8aea50a7b59d9019b3efa8c4ccb906704e3ca","npm","'@fastify/ajv-compiler","4.0.5","2","hermes,unify-core","MIT","not-required","not-required","not-required","required","bounded-decision",""
"97aaabf081b2965e65bdf1ce52bb0d0a51251119d796d3122ec3c1094a3ee82a","npm","'@fastify/cookie","11.1.2","1","unify-core","MIT","not-required","not-required","not-required","required","bounded-decision",""
"69bac3c9e90a1c3afe9f73b5103ac2b827ae863f8f621e7259dd55913a8b67d4","npm","'@fastify/error","4.2.0","2","hermes,unify-core","MIT","not-required","not-required","not-required","required","bounded-decision",""
"5206459e1df044756fe9afe96d35447ac47482cb335d386711b9678272c61f8b","npm","'@fastify/fast-json-stringify-compiler","5.1.0","2","hermes,unify-core","MIT","not-required","not-required","not-required","required","bounded-decision",""
"593d14f3042e7b76f73202c6d6865cdfd9ab0bb138c88b263ae1f432b8dc7b48","npm","'@fastify/forwarded","3.0.1","2","hermes,unify-core","MIT","not-required","not-required","not-required","required","bounded-decision",""
"8b76c86b4f680793d8f96fd5cdede5c8d263f1c4e52d82a946da6a06383f9d5d","npm","'@fastify/merge-json-schemas","0.2.1","2","hermes,unify-core","MIT","not-required","not-required","not-required","required","bounded-decision",""
"6863277b8e7cac15328c56adbe6aa4e937077ffe75b30da3b151423b7b209983","npm","'@fastify/proxy-addr","5.1.0","2","hermes,unify-core","MIT","not-required","not-required","not-required","required","bounded-decision",""
"c83bd50b2da1c45073a65b8692b9be2c0b375896af6ea4d6079a51a9ff7beb64","npm","'@floating-ui/core","1.8.0","1","hermes","MIT","not-required","not-required","not-required","required","bounded-decision",""
"d57715c4a180f3f3caa8176baed9bf2d9cadc34ad5fec30359447854c9f0adec","npm","'@floating-ui/dom","1.8.0","1","hermes","MIT","not-required","not-required","not-required","required","bounded-decision",""
"1d8231fbe956e2aa105d51b961f92cb837a022d6f7ca4b27916886e714783a4d","npm","'@floating-ui/react-dom","2.1.9","1","hermes","MIT","not-required","not-required","not-required","required","bounded-decision",""
"9f73beecebd424bfce3aaf48d2a66d54904d3ec9c735236ec0a10afdbe2c7a05","npm","'@floating-ui/utils","0.2.12","1","hermes","MIT","not-required","not-required","not-required","required","bounded-decision",""
"c4592ecd9f8ec963f228ed84fedafb4c10d59e07c431f6678a121ef5ea663b24","npm","'@gar/promise-retry","1.0.3","1","hermes","MIT","not-required","not-required","not-required","required","bounded-decision",""
"24f9f04123905d5e2f68be3040dab7aa186eca1eb81e995ca8b228e4b773ace9","npm","'@hermes/ink","0.0.1","1","hermes","","blocked","blocked","blocked","required","open-review","unresolved-licence-scope"
"a1f5f2e2fe7a02663ffadc0699576f8469a5e74c0af50c713e35560e0ca92c03","npm","'@hermes/root-tests","UNKNOWN","1","hermes","","blocked","blocked","blocked","required","open-review","unresolved-licence-scope"
"8a5f8492c9697c98357009f25caa13115f870fbdae51f462799e0c730be23a07","npm","'@hermes/shared","0.0.0","1","hermes","","blocked","blocked","blocked","required","open-review","unresolved-licence-scope"
"92a1a18dc7b118fc06c6aabcd831e3b6ebe2650f2b67cf20ec7dab56bcddc770","npm","'@humanfs/core","0.19.2","1","hermes","Apache-2.0","not-required","not-required","not-required","required","bounded-decision",""
"4f95d3d9e98e3df5bc1578b82f7c5c0a3efa091b7681f9208efb55164318532b","npm","'@humanfs/node","0.16.8","1","hermes","Apache-2.0","not-required","not-required","not-required","required","bounded-decision",""
"54b28c9b4f8b4d02e1425a1d19ff4d1c5c2bb5f254ad4c3b6b0921504eaca2a3","npm","'@humanfs/types","0.15.0","1","hermes","Apache-2.0","not-required","not-required","not-required","required","bounded-decision",""
"8fd81350587f33844c78b1d1285a2595ac0ea3e44f150660d9d04827d8a06010","npm","'@humanwhocodes/module-importer","1.0.1","1","hermes","Apache-2.0","not-required","not-required","not-required","required","bounded-decision",""
"5b4de3ee6af0498d398a775eea05ef161774a857b2633942d67f61eb3fe1d276","npm","'@humanwhocodes/retry","0.4.3","1","hermes","Apache-2.0","not-required","not-required","not-required","required","bounded-decision",""
"a70a0307dd1e06c2de9e005c36c0afdd520922b4bf2be259391f306187de6a59","npm","'@isaacs/fs-minipass","4.0.1","1","hermes","ISC","not-required","not-required","not-required","required","bounded-decision",""
"6469cbd83175b4788a3163d0aa6c57075b11035dd0b4f23c9df072e63d9193ef","npm","'@isaacs/string-locale-compare","1.1.0","1","hermes","ISC","not-required","not-required","not-required","required","bounded-decision",""
"eae14c374b76783523ba89bc6bbdc66ee1a3508c331b2adb3bb8580cdcf1102d","npm","'@jridgewell/gen-mapping","0.3.13","1","hermes","MIT","not-required","not-required","not-required","required","bounded-decision",""
"c42d0385df9a726a7bd10f4a4d3109c0a30fefac0b305e7575d5b3c817948b6d","npm","'@jridgewell/remapping","2.3.5","1","hermes","MIT","not-required","not-required","not-required","required","bounded-decision",""
"f9826236a330c0dd026ea27d32cb9e748c4b1f9d2ae953c0dbc92149eefca171","npm","'@jridgewell/resolve-uri","3.1.2","1","hermes","MIT","not-required","not-required","not-required","required","bounded-decision",""
"a7e91267acc878ac643a39a003621ad6a1e13e645b925d9920109f1bcae64546","npm","'@jridgewell/sourcemap-codec","1.5.5","1","hermes","MIT","not-required","not-required","not-required","required","bounded-decision",""
"b5ec59001304a5045d6127d5ee346ee4b512acd36542cd19ef47badf8e213cfc","npm","'@jridgewell/trace-mapping","0.3.31","1","hermes","MIT","not-required","not-required","not-required","required","bounded-decision",""
"8cf5be6b129a96ac55360985b6b5cdffcb8f446f83291d6fb36778f9480983aa","npm","'@nanostores/react","1.1.0","1","hermes","MIT","not-required","not-required","not-required","required","bounded-decision",""
"e62f14d61c4af669ac85c38dad44794ace532c79dbb7c93583553b59760692d3","npm","'@nous-research/ui","0.18.2","1","hermes","MIT","not-required","not-required","not-required","required","bounded-decision",""
"4d4f96d2f993a8c7a3200de4eeed597b6c3b0b1673cab7c88e759c75bed124ca","npm","'@npmcli/agent","4.0.2","1","hermes","ISC","not-required","not-required","not-required","required","bounded-decision",""
"396e0b64657bfd20b3d4789c0763081582f7f4ad99c31b9a0f828c9a6fe2db43","npm","'@npmcli/arborist","9.8.0","1","hermes","ISC","not-required","not-required","not-required","required","bounded-decision",""
"0b6af25b1838044d14cfe8049b026c82993012c9c8f213b2d1357dc878c831ec","npm","'@npmcli/config","10.11.0","1","hermes","ISC","not-required","not-required","not-required","required","bounded-decision",""
"87f39e388105872e39af175ba50bbdfef0f0a2e28467e09a6b266436ef0798bd","npm","'@npmcli/fs","5.0.0","1","hermes","ISC","not-required","not-required","not-required","required","bounded-decision",""
"225dedc235bb019233f09ebb790c2e5001c0a10c4da2441bf0754b95e9ce27bc","npm","'@npmcli/git","7.0.2","1","hermes","ISC","not-required","not-required","not-required","required","bounded-decision",""
"951d5709bbb04262db82eab3d5355f775c54fa54745db883fc1402bea4f4e57a","npm","'@npmcli/installed-package-contents","4.0.0","1","hermes","ISC","not-required","not-required","not-required","required","bounded-decision",""
"b767cb158a66fd2d751aca8ae602504a23ed4b26f461b2aec87db2d2432f4d07","npm","'@npmcli/map-workspaces","5.0.3","1","hermes","ISC","not-required","not-required","not-required","required","bounded-decision",""
"088dc4c2e8b8f549ffd31a6945c88b160fe5cfed4a65af0b2f3e1ddf9b4d9487","npm","'@npmcli/metavuln-calculator","9.0.3","1","hermes","ISC","not-required","not-required","not-required","required","bounded-decision",""
"13e79510a3daa22a291c6feb0c59df097412f8b6aa4360e99f2956a5c2a9e1de","npm","'@npmcli/name-from-folder","4.0.0","1","hermes","ISC","not-required","not-required","not-required","required","bounded-decision",""
"755fb248f64a11a9450e438105d1ab4089492676ec684d494eaae56f4635fa60","npm","'@npmcli/node-gyp","5.0.0","1","hermes","ISC","not-required","not-required","not-required","required","bounded-decision",""
"39c70333fb8442150240b32790b4fd36e1a27581ebfd3ffefaae5f6f143ac964","npm","'@npmcli/package-json","7.0.5","1","hermes","ISC","not-required","not-required","not-required","required","bounded-decision",""
"692a43d9e994646a0f693d82043b7d5736d6db7364e7d35531defbcaf61c7f32","npm","'@npmcli/promise-spawn","9.0.1","1","hermes","ISC","not-required","not-required","not-required","required","bounded-decision",""
"d7bd0996dcb0462fe365d365ccef9f0842cc8d75c82fc09bfa726180cdf50f00","npm","'@npmcli/query","5.0.0","1","hermes","ISC","not-required","not-required","not-required","required","bounded-decision",""
"a93b19a5b3404d5b952298f94414206904d0a89324b88caa3e09e5e194ff6b67","npm","'@npmcli/redact","4.0.0","1","hermes","ISC | MIT","not-required","not-required","not-required","required","bounded-decision",""
"0aae0a6507f7d153b9ddc687c7adb04f574a36c81ac7ec65c1d606fc6b52d285","npm","'@npmcli/run-script","10.0.4","1","hermes","ISC","not-required","not-required","not-required","required","bounded-decision",""
"3a453648df81e3054f63080579421f9190bbeaacd7e3fa06bcf6c872e8efe338","npm","'@observablehq/plot","0.6.17","1","hermes","ISC","not-required","not-required","not-required","required","bounded-decision",""
"9ad9b1e089a624c8a96e1205cf08db74df46e3f45e67cde62822ab9ca183531e","npm","'@oxc-project/types","0.142.0","1","hermes","MIT","not-required","not-required","not-required","required","bounded-decision",""
"6a8b167d114dbeacaa91484d78f25e7cc518ebc8bd58ec3bab3686a9a4e9493f","npm","'@pinojs/redact","0.4.0","2","hermes,unify-core","MIT","not-required","not-required","not-required","required","bounded-decision",""
"7f90dd0ff6b2165d871c0206a142270ad0822dbc1dc0f8a363a4093ff024d358","npm","'@radix-ui/number","1.1.3","1","hermes","MIT","not-required","not-required","not-required","required","bounded-decision",""
"45f48270be93b32baa64789b73eef0563c04db3c52a8fcb36c1f4d56965fb89f","npm","'@radix-ui/primitive","1.1.7","1","hermes","MIT","not-required","not-required","not-required","required","bounded-decision",""
"ba2ac22af7d4f040f70e53a62f09fe73ce4a0d5b20f6bf613762cc040ecf8c1f","npm","'@radix-ui/react-accessible-icon","1.1.15","1","hermes","MIT","not-required","not-required","not-required","required","bounded-decision",""
"cd5cddf616b2578df845e32988af3c6e4ef0006a316872a1f00998b074de96cb","npm","'@radix-ui/react-accordion","1.2.20","1","hermes","MIT","not-required","not-required","not-required","required","bounded-decision",""
"2de1b840891f1e76660ffb363063da4470611679b0c2148f11bd5a53c068ac85","npm","'@radix-ui/react-alert-dialog","1.1.23","1","hermes","MIT","not-required","not-required","not-required","required","bounded-decision",""
"b8f5ee906f85229226937c68c83735602bc21423d9f529f7196a89994616587a","npm","'@radix-ui/react-arrow","1.1.15","1","hermes","MIT","not-required","not-required","not-required","required","bounded-decision",""
"b8f97705f49c05ec27dbaeab7c7d9bcdc3c67cf9d0e96d0491541655cd605ac8","npm","'@radix-ui/react-aspect-ratio","1.1.15","1","hermes","MIT","not-required","not-required","not-required","required","bounded-decision",""
"fe350010b8d5ec00e80e2fc68aa6badbd653ad911d6ceff69665fdc30cd537fe","npm","'@radix-ui/react-avatar","1.2.6","1","hermes","MIT","not-required","not-required","not-required","required","bounded-decision",""
"9ddcc44a3d73f6209d50e0d3679fec9965119a7c4a9aefe6962dbafb3e75c8b6","npm","'@radix-ui/react-checkbox","1.3.11","1","hermes","MIT","not-required","not-required","not-required","required","bounded-decision",""
"4e8e0a1340832044bdfb1d5055a9df6422efcb9964f90eb5d6ab087b8a5fb133","npm","'@radix-ui/react-collapsible","1.1.20","1","hermes","MIT","not-required","not-required","not-required","required","bounded-decision",""
"b3377b430617b9842e9c4a1ca48df3c5107c1aaa1bae117ae07082bc195266b3","npm","'@radix-ui/react-collection","1.1.15","1","hermes","MIT","not-required","not-required","not-required","required","bounded-decision",""
"3930a51539808e844b826ae3b1c11e8c8272da2cdb3699c024a0284c50928339","npm","'@radix-ui/react-compose-refs","1.1.5","1","hermes","MIT","not-required","not-required","not-required","required","bounded-decision",""
"d52ed977e45860c87ff439d0a909abd9d6e5c7e751303ff45b55bfaf94216a6a","npm","'@radix-ui/react-context","1.2.2","1","hermes","MIT","not-required","not-required","not-required","required","bounded-decision",""
"d41a53aa7cb30491063ddade0cfc453cbfb7372c2f3b702158a2ad0529c40497","npm","'@radix-ui/react-context-menu","2.3.7","1","hermes","MIT","not-required","not-required","not-required","required","bounded-decision",""
"4398d7f49448bb9cc721be6b371570acca3ea52c81ddda9599f9b01634727efb","npm","'@radix-ui/react-dialog","1.1.23","1","hermes","MIT","not-required","not-required","not-required","required","bounded-decision",""
"d28f4337be5b0e76f14f0aec2a22a3a395583006a47f440c82855ff1f6c8e562","npm","'@radix-ui/react-direction","1.1.4","1","hermes","MIT","not-required","not-required","not-required","required","bounded-decision",""
"7869addebba29e2d6792beb975222ff129e1ff7275f933b0a4fefb8d082d2b74","npm","'@radix-ui/react-dismissable-layer","1.1.19","1","hermes","MIT","not-required","not-required","not-required","required","bounded-decision",""
"08e1c723c93bcb3f4a49ea3f3d450c1d455ba330181a60b19e3db6cee068a91c","npm","'@radix-ui/react-dropdown-menu","2.1.24","1","hermes","MIT","not-required","not-required","not-required","required","bounded-decision",""
"c41008f170968f00cac3eeb7fb4e682b840b941b4ccce354cc12e7e5731a49af","npm","'@radix-ui/react-focus-guards","1.1.6","1","hermes","MIT","not-required","not-required","not-required","required","bounded-decision",""
"cacda8d70c066407801186df715122f883f4854b6e3907370066ba7247be10c5","npm","'@radix-ui/react-focus-scope","1.1.16","1","hermes","MIT","not-required","not-required","not-required","required","bounded-decision",""
"df1e263894c62be9ca9ce07047657fbcc02114b0f9328b30833fa866214a3aba","npm","'@radix-ui/react-form","0.1.16","1","hermes","MIT","not-required","not-required","not-required","required","bounded-decision",""
"523ed4752359328961b0c8daa4ea944b753f8dbad66e03ad7cfbad7d1a5e2880","npm","'@radix-ui/react-hover-card","1.1.23","1","hermes","MIT","not-required","not-required","not-required","required","bounded-decision",""
"a4e80c92a0b2e3c4af9051a39f03930cb4ba935fa9950045ce08a4d4a8ff9d43","npm","'@radix-ui/react-id","1.1.4","1","hermes","MIT","not-required","not-required","not-required","required","bounded-decision",""
"082ee6c99b725f7bdf4c4c4506cfda6eb789fc2e1bb6f1e3ca3d3a167f3e7dce","npm","'@radix-ui/react-label","2.1.15","1","hermes","MIT","not-required","not-required","not-required","required","bounded-decision",""
"6278e0fdce99a96f3a1982a322978e89f2fddbf36530ff10ed12fdc7b7877da4","npm","'@radix-ui/react-menu","2.1.24","1","hermes","MIT","not-required","not-required","not-required","required","bounded-decision",""
"eb9bf4e1c3c61ef5e82261e8a29aa41fb0e2300e44c18ad02c7df93d5783a515","npm","'@radix-ui/react-menubar","1.1.24","1","hermes","MIT","not-required","not-required","not-required","required","bounded-decision",""
"bf5807eac657896e6bc5c5c2bd8ab3fe8a340de493b69ba0efc390037fa656cd","npm","'@radix-ui/react-navigation-menu","1.2.22","1","hermes","MIT","not-required","not-required","not-required","required","bounded-decision",""
"01392a1453030c5ba3d075d30b9feffc7d5f2ec0b0c60099d2a1ec5458a8b857","npm","'@radix-ui/react-one-time-password-field","0.1.16","1","hermes","MIT","not-required","not-required","not-required","required","bounded-decision",""
"67476646375bbf4bb5f61eab5730ae7bf922f48ced392c177081059c0772e8a5","npm","'@radix-ui/react-password-toggle-field","0.1.11","1","hermes","MIT","not-required","not-required","not-required","required","bounded-decision",""
"6bca6a51145d659e066b7f0b75703ac45b301f7a6cef459026e9dedf37b11e57","npm","'@radix-ui/react-popover","1.1.23","1","hermes","MIT","not-required","not-required","not-required","required","bounded-decision",""
"69a5a8ef67346969189c57b6330366ee9f50de465e8ee67c10be92cacdd9ada7","npm","'@radix-ui/react-popper","1.3.7","1","hermes","MIT","not-required","not-required","not-required","required","bounded-decision",""
"412b7d854041d44a722d158876cc52ad8fa1b2f77ce5fe3308fd77ec52074b4c","npm","'@radix-ui/react-portal","1.1.17","1","hermes","MIT","not-required","not-required","not-required","required","bounded-decision",""
"5b22e0d223fdde1d19b7097754efc198b00b283bc2c63229620a4cadc2089511","npm","'@radix-ui/react-presence","1.1.10","1","hermes","MIT","not-required","not-required","not-required","required","bounded-decision",""
"14c7d54a278f82c3679535a78342a3f3023278efa6efaf143c8dcd7462cc1abf","npm","'@radix-ui/react-primitive","2.1.10","1","hermes","MIT","not-required","not-required","not-required","required","bounded-decision",""
"c82c7926b26d189b7a544ef3c35fb32c05469031178c719044159edac2c9c33f","npm","'@radix-ui/react-progress","1.1.16","1","hermes","MIT","not-required","not-required","not-required","required","bounded-decision",""
"ec3f261f1f13df6f91360fbb694033110d4bcdba01413969e8766696980ab1d3","npm","'@radix-ui/react-radio-group","1.4.7","1","hermes","MIT","not-required","not-required","not-required","required","bounded-decision",""
"540f98d06b35243c05e41f4183e4fef503d3fc5cc34bcdd675bf905658deee2f","npm","'@radix-ui/react-roving-focus","1.1.19","1","hermes","MIT","not-required","not-required","not-required","required","bounded-decision",""
"d3deee16cb28c4f7cb44e2f542680460a3825ccd20fc9ce898c577ca44f605c9","npm","'@radix-ui/react-scroll-area","1.2.18","1","hermes","MIT","not-required","not-required","not-required","required","bounded-decision",""
"072c59e7d799f915eaa19b11474988237a36072cf5b6ea6f84fa227a32785a62","npm","'@radix-ui/react-select","2.3.7","1","hermes","MIT","not-required","not-required","not-required","required","bounded-decision",""
"5c495d01c94a8fb2404e01632dfc73e13573cdcaf66359f527292748d1ab5605","npm","'@radix-ui/react-separator","1.1.15","1","hermes","MIT","not-required","not-required","not-required","required","bounded-decision",""
"afb843a383305a858dfc09d9c8eeab464da3bcd594c18ceab2b2323f3714b1f1","npm","'@radix-ui/react-slider","1.4.7","1","hermes","MIT","not-required","not-required","not-required","required","bounded-decision",""
"d6669f108c5a0b023e2b42f602d923b7d1eab054727b62a88ed3e8bd13c25c9b","npm","'@radix-ui/react-slot","1.3.3","1","hermes","MIT","not-required","not-required","not-required","required","bounded-decision",""
"54d46c4566cce7346a3162a6c07fdafcc0c03d7f808c28b0c3486eb6bec375b0","npm","'@radix-ui/react-switch","1.3.7","1","hermes","MIT","not-required","not-required","not-required","required","bounded-decision",""
"83f0f4133b98a6e9d4b2b8520065f1866bc3c2d13425f788786d9854bb6731dd","npm","'@radix-ui/react-tabs","1.1.21","1","hermes","MIT","not-required","not-required","not-required","required","bounded-decision",""
"49fa82c86017115f51cec17fd0c6861bd17694c710bf8a16136377b1c4bf028a","npm","'@radix-ui/react-toast","1.2.23","1","hermes","MIT","not-required","not-required","not-required","required","bounded-decision",""
"92ed60d234cc9e1979e43219acfd42ceb7b50c9ededd219e31c9259d0b48ace1","npm","'@radix-ui/react-toggle","1.1.18","1","hermes","MIT","not-required","not-required","not-required","required","bounded-decision",""
"052a5e11946ec3862117b910a543cd77581bd991fa7d5e3de87aee62fff4c2c6","npm","'@radix-ui/react-toggle-group","1.1.19","1","hermes","MIT","not-required","not-required","not-required","required","bounded-decision",""
"987f3239b45faf067229545e1fc2472eac2c2b202da3746324215c2b1db88fef","npm","'@radix-ui/react-toolbar","1.1.19","1","hermes","MIT","not-required","not-required","not-required","required","bounded-decision",""
"baf27b6feb1655ac0e5accdeedcbe0e543bd34450321cc833bdf759525d93c74","npm","'@radix-ui/react-tooltip","1.2.16","1","hermes","MIT","not-required","not-required","not-required","required","bounded-decision",""
"0a38feacdcf5d96d83c8524f6485e7c72f384960cbd96de29d95001d61c61a07","npm","'@radix-ui/react-use-callback-ref","1.1.4","1","hermes","MIT","not-required","not-required","not-required","required","bounded-decision",""
"9ac0e1f714199b27ebe75d9746dae662d86951a39eff25dcb8a640e742d81b45","npm","'@radix-ui/react-use-controllable-state","1.2.6","1","hermes","MIT","not-required","not-required","not-required","required","bounded-decision",""
"26d81586e345a99ba2685c91e1736a05fa441860c6a3fb4b068be4815aae264d","npm","'@radix-ui/react-use-effect-event","0.0.5","1","hermes","MIT","not-required","not-required","not-required","required","bounded-decision",""
"ce8bfa65149686cf9f30a318430ecfd4dd4d6294cf985f3e1e23d7be73cc9ca2","npm","'@radix-ui/react-use-escape-keydown","1.1.5","1","hermes","MIT","not-required","not-required","not-required","required","bounded-decision",""
"75f152b265fd5e1286b700b37f97968efb91ff0bedcabebfa5fe3d4abbe639e9","npm","'@radix-ui/react-use-is-hydrated","0.1.3","1","hermes","MIT","not-required","not-required","not-required","required","bounded-decision",""
"a6515c896bbfab9124b614ab23464e2d73c9fc995ca025db22e064879bae4918","npm","'@radix-ui/react-use-layout-effect","1.1.4","1","hermes","MIT","not-required","not-required","not-required","required","bounded-decision",""
"5d8432440743e2e3297df937ed1db6e9ec5fdec60b48790a93a3238b74dc30d4","npm","'@radix-ui/react-use-previous","1.1.4","1","hermes","MIT","not-required","not-required","not-required","required","bounded-decision",""
"cd7a736cef168e8dbec6a85eaf63228e21bda6e2ca48d3deba2224eece1904d3","npm","'@radix-ui/react-use-rect","1.1.4","1","hermes","MIT","not-required","not-required","not-required","required","bounded-decision",""
"1c4d5faed973e66c43b22fb88318711dfefd610fbdacbab0f7a988c3835421f6","npm","'@radix-ui/react-use-size","1.1.4","1","hermes","MIT","not-required","not-required","not-required","required","bounded-decision",""
"b722364a3dfcf5fbc025e1f55511a0715e0f2bb263a30f31a88f70b662ada19e","npm","'@radix-ui/react-visually-hidden","1.2.11","1","hermes","MIT","not-required","not-required","not-required","required","bounded-decision",""
"247b8c9cd8c2dad3531fc68dd790c5deb49947a3156278ba81139eb82dac459b","npm","'@radix-ui/rect","1.1.3","1","hermes","MIT","not-required","not-required","not-required","required","bounded-decision",""
"f5217a84d74d937a47a1b53057bb8f356d777d8299a62ced82027eca6b71b65c","npm","'@react-three/fiber","9.6.1","1","hermes","MIT","not-required","not-required","not-required","required","bounded-decision",""
"173d70f9da140025fccbd163274ff32d98a611467a881cc47d54ed9fff4aece4","npm","'@rolldown/binding-linux-x64-gnu","1.2.1","1","hermes","MIT","not-required","not-required","not-required","required","bounded-decision",""
"ca6e113f9081e1911d03f470e11fcccd15aaab7204b994fed19d413529db64cc","npm","'@rolldown/binding-wasm32-wasi","1.2.1","1","hermes","MIT","not-required","not-required","not-required","required","bounded-decision",""
"409e7a6c7cf8407e0360773f6c9a8bb97866d924bb08b335e851ed9bb6e56d0b","npm","'@rolldown/pluginutils","1.0.1","1","hermes","MIT","not-required","not-required","not-required","required","bounded-decision",""
"34d11d9fab0a69e4f085449673ed3964d31c102232b34670f0b608501a7d14c7","npm","'@sigstore/bundle","4.0.0","1","hermes","Apache-2.0","not-required","not-required","not-required","required","bounded-decision",""
"a55c6a7d44548dc5822ae24d747630eef93a020cc259a78b434df4e1b032745e","npm","'@sigstore/core","3.2.1","1","hermes","Apache-2.0","not-required","not-required","not-required","required","bounded-decision",""
"0f07649c2d4996f4583756f93c5722350e01cda8ff1295b2a483abe50c98a81b","npm","'@sigstore/protobuf-specs","0.5.1","1","hermes","Apache-2.0","not-required","not-required","not-required","required","bounded-decision",""
"484eb4fbf7907366e91d47574c214b72d7c5c8b91d43e348d17a13efbc24b94d","npm","'@sigstore/sign","4.1.1","1","hermes","Apache-2.0","not-required","not-required","not-required","required","bounded-decision",""
"8e87fd0cff905c2e149e53bee7b81f55a9fea41cb1890e462ef004c071a41822","npm","'@sigstore/tuf","4.0.2","1","hermes","Apache-2.0","not-required","not-required","not-required","required","bounded-decision",""
"287f98b22654c56824dc955f6ab2f74a424320bcb47f52c841502a98e5470c76","npm","'@sigstore/verify","3.1.1","1","hermes","Apache-2.0","not-required","not-required","not-required","required","bounded-decision",""
"a1e43324c5d05b061d13ad60fd7b982bc38b61b55ea266f369c18fdf10c3668f","npm","'@sinclair/typebox","0.34.52","2","hermes,unify-core","MIT","not-required","not-required","not-required","required","bounded-decision",""
"4555ec2427c3e4212179e184d42651a992a794fb4f0176b55a18588a66ea2582","npm","'@standard-schema/spec","1.1.0","1","hermes","MIT","not-required","not-required","not-required","required","bounded-decision",""
"20d84d45a657830e4f5126020be1368e1a775ececd0b28bd3d29e3258d518482","npm","'@stitches/react","1.2.8","1","hermes","MIT","not-required","not-required","not-required","required","bounded-decision",""
"fed9fbd8b6a1e0b5e20fd66e0350945df962e4c04500fb3ac6983b344069546a","npm","'@streamdown/math","1.0.2","1","hermes","Apache-2.0","not-required","not-required","not-required","required","bounded-decision",""
"bbfbbba00f13af6f1c3e93774a24ec9b011f05640ef1e79d68c182e7567b7297","npm","'@tailwindcss/node","4.3.3","1","hermes","MIT","not-required","not-required","not-required","required","bounded-decision",""
"975ac71fa6ceeb5b05df675313c43a00b4d2f35925feaf560614f7e6bf167705","npm","'@tailwindcss/oxide","4.3.3","1","hermes","MIT","not-required","not-required","not-required","required","bounded-decision",""
"917de42eed5dc3432319b16e6104ace1f1a13206751e7df1e915c96751c153ce","npm","'@tailwindcss/oxide-linux-x64-gnu","4.3.3","1","hermes","MIT","not-required","not-required","not-required","required","bounded-decision",""
"fd67a838a2b97e8289d251050cb3288eea275f53e5ca4ddf922b4bef8024c5d2","npm","'@tailwindcss/vite","4.3.3","1","hermes","MIT","not-required","not-required","not-required","required","bounded-decision",""
"d8843a9ee42d99db7c5c7240f55579b9138d3018db959b7599d1f46e22c2851a","npm","'@tufjs/canonical-json","2.0.0","1","hermes","MIT","not-required","not-required","not-required","required","bounded-decision",""
"b92edb5f63dad2d807fb571903ac10bf5b5c7225243d31cc805d49e7181361ea","npm","'@tufjs/models","4.1.0","1","hermes","MIT","not-required","not-required","not-required","required","bounded-decision",""
"5d47265750b7f7249074385459a448aaef126327b19e34422357f7dcb9fd7a3c","npm","'@types/chai","5.2.3","1","hermes","MIT","not-required","not-required","not-required","required","bounded-decision",""
"04d3a477ae565a541f5a5cf1a894e0474c80d6356841ceb046fadc6326d7c1ee","npm","'@types/debug","4.1.13","1","hermes","MIT","not-required","not-required","not-required","required","bounded-decision",""
"58d83dc2b46e2e979addf184a7aff0017028c78c07bceca5ab941c1ab9449667","npm","'@types/deep-eql","4.0.2","1","hermes","MIT","not-required","not-required","not-required","required","bounded-decision",""
"fe0e181bf97e21cd6c9b3cab804e086db6bc835d1b0cef14f4aba283bb952d0d","npm","'@types/esrecurse","4.3.1","1","hermes","MIT","not-required","not-required","not-required","required","bounded-decision",""
"72111cd1133649b4da5d3a15c155d36a9d10908969ea34a38c65410d4732aaae","npm","'@types/estree","1.0.9","1","hermes","MIT","not-required","not-required","not-required","required","bounded-decision",""
"ec91fe50f6e4e186cd688d3fd68b9851d7dd4ccb5a81db3e61b16c27ec82b696","npm","'@types/hast","3.0.5","1","hermes","MIT","not-required","not-required","not-required","required","bounded-decision",""
"8b11478e29982e34ace89cf16e165a0bedebb41f61517b4eaccbbbc9eb548a59","npm","'@types/json-schema","7.0.15","1","hermes","MIT","not-required","not-required","not-required","required","bounded-decision",""
"21ac18290be28c22b20d2c6bacdf573bcb795762861fb52e464a78e16b069c54","npm","'@types/katex","0.16.8","1","hermes","MIT","not-required","not-required","not-required","required","bounded-decision",""
"195029e21ab3a6e13d7f70eb82b99600301723fbedeb21c947831e294efe77b9","npm","'@types/mdast","4.0.4","1","hermes","MIT","not-required","not-required","not-required","required","bounded-decision",""
"704a8bd4387429ac1ed22dd29648fd88395d33944eded6e5bec166447d48395b","npm","'@types/ms","2.1.0","1","hermes","MIT","not-required","not-required","not-required","required","bounded-decision",""
"8e5b50957f308055900657ac1a1c47f7fad1dc83aa10bfa62023be5e31ec0c9f","npm","'@types/node","22.20.1","1","hermes","MIT","not-required","not-required","not-required","required","bounded-decision",""
"7d4c8d32c22733f4a4be4dc2b3c15b0d0edcf0757bce1bcb3bca0ec5cb7aee7f","npm","'@types/qrcode","1.5.6","1","hermes","MIT","not-required","not-required","not-required","required","bounded-decision",""
"0bf83a2bab356dd363063503c0a45a37bb5f50cf66790d1d3d0ba793f85ad0f2","npm","'@types/react","19.2.17","1","hermes","MIT","not-required","not-required","not-required","required","bounded-decision",""
"0e47e773d2716c9bb1f8619ce8b11b9e4de76746ead896048eb0939756a7a36b","npm","'@types/react-dom","19.2.3","1","hermes","MIT","not-required","not-required","not-required","required","bounded-decision",""
"4cd2e66cd2fdc75ecbd20674b9bce1dc8dfc353552fd8987efe62269875d5694","npm","'@types/react-reconciler","0.28.9","1","hermes","MIT","not-required","not-required","not-required","required","bounded-decision",""
"b6db68243b14773847986e68c7fd184b752c12dda46de37c0c3109b4183e013a","npm","'@types/unist","3.0.3","1","hermes","MIT","not-required","not-required","not-required","required","bounded-decision",""
"92e73249b1f7a4951c424ca4934f498600c426591ab88380202482d82aea520a","npm","'@types/webxr","0.5.24","1","hermes","MIT","not-required","not-required","not-required","required","bounded-decision",""
"489c85afb61418fdb927e609ee633f346fdd421380db66071be969bfc6945def","npm","'@typescript-eslint/eslint-plugin","8.64.0","1","hermes","MIT","not-required","not-required","not-required","required","bounded-decision",""
"24c7dc91bbb4891ccfa5b44bca9ae35b3ab7149897169da9bfdd236ebae4a2ba","npm","'@typescript-eslint/parser","8.64.0","1","hermes","MIT","not-required","not-required","not-required","required","bounded-decision",""
"2cfa176f5885187eb1691a4027a7bd0f25bc87b1b52a6b48941c4fa00fb01452","npm","'@typescript-eslint/project-service","8.64.0","1","hermes","MIT","not-required","not-required","not-required","required","bounded-decision",""
"70abe8e03bd887cdf3b678a44b310eaeb8dedc0c4f02c10a2cdbde4c08bb426b","npm","'@typescript-eslint/scope-manager","8.64.0","1","hermes","MIT","not-required","not-required","not-required","required","bounded-decision",""
"7caac95cf2cf9a35e9c0ee54107347eef3bfc23c99db6836167e81e21daf4877","npm","'@typescript-eslint/tsconfig-utils","8.64.0","1","hermes","MIT","not-required","not-required","not-required","required","bounded-decision",""
"1208f3f91bc233858b5484f4a5646c20c67dc00fa23b5e34f0cbb52dee00d60e","npm","'@typescript-eslint/type-utils","8.64.0","1","hermes","MIT","not-required","not-required","not-required","required","bounded-decision",""
"de40a0e1e6ad0274882f954fce908ea5c82aab3817b0ccb178f31aa5ca339bd4","npm","'@typescript-eslint/types","8.64.0","1","hermes","MIT","not-required","not-required","not-required","required","bounded-decision",""
"107469f6d4758f36d0862971257d5ef572ed0764b039679e756e7f3b7dce2680","npm","'@typescript-eslint/typescript-estree","8.64.0","1","hermes","MIT","not-required","not-required","not-required","required","bounded-decision",""
"1cdc0ee197b79285ff99948ba59ea052a21884adfbacfbdb1dceb7483609f24d","npm","'@typescript-eslint/utils","8.64.0","1","hermes","MIT","not-required","not-required","not-required","required","bounded-decision",""
"f9352ca29404f06f4e4d7f169bd1ff972a49fa442bae0c81408bf316cea1567d","npm","'@typescript-eslint/visitor-keys","8.64.0","1","hermes","MIT","not-required","not-required","not-required","required","bounded-decision",""
"6963067f63acff46f335423a15184ec5bce658a8fbc37178948b0b1ca9372894","npm","'@use-gesture/core","10.3.1","1","hermes","MIT","not-required","not-required","not-required","required","bounded-decision",""
"14fb68ea6b60a9ab771cf0206e378bc67e8fa3b2df6f3e15716976ec51db644c","npm","'@use-gesture/react","10.3.1","1","hermes","MIT","not-required","not-required","not-required","required","bounded-decision",""
"5cde3196e8586b75d2efcd8257cc36f6039dba64142956b1f92ea574c8f889ad","npm","'@vitejs/plugin-react","6.0.3","1","hermes","MIT","not-required","not-required","not-required","required","bounded-decision",""
"c896a2c2f560ce2abdb998f1c2fda3dd4e25982cd0533c574863a13102553330","npm","'@vitest/expect","4.1.10","1","hermes","MIT","not-required","not-required","not-required","required","bounded-decision",""
"6e9ed067f2a21833c5b3501c87a9d845955480b638f09a685ce9665b5694733a","npm","'@vitest/mocker","4.1.10","1","hermes","MIT","not-required","not-required","not-required","required","bounded-decision",""
"e88109ebf9e6866aec93d6e155a2077b1b030cf1b7a43a40a3b7ee5ddea579eb","npm","'@vitest/pretty-format","4.1.10","1","hermes","MIT","not-required","not-required","not-required","required","bounded-decision",""
"f05c5dafd55b7e631fd405d475b8968b76ddaadf692a7ee20fd0278ed9e7e5f2","npm","'@vitest/runner","4.1.10","1","hermes","MIT","not-required","not-required","not-required","required","bounded-decision",""
"d6ecc74f5afb66066df1b454d03843c8d83ad7882be0ee5942cc1a76bbbdc0cd","npm","'@vitest/snapshot","4.1.10","1","hermes","MIT","not-required","not-required","not-required","required","bounded-decision",""
"174f98a495c8ed4a0ac6a6446a0c04607885bd8e00594dc6bdf6628a50cb5f55","npm","'@vitest/spy","4.1.10","1","hermes","MIT","not-required","not-required","not-required","required","bounded-decision",""
"65941f07544fcc33b872e8e2f5c3a4e8659d67a398df84e318bc47e08e892a54","npm","'@vitest/utils","4.1.10","1","hermes","MIT","not-required","not-required","not-required","required","bounded-decision",""
"efab8020e8d3542ec561bfb9bb3bda30c00c34eb31642a67b3b315b4446551b9","npm","'@xterm/addon-fit","0.11.0","1","hermes","MIT","not-required","not-required","not-required","required","bounded-decision",""
"53ae812e2a772209834d008509c0d476cd281cd3f1ae0536043f8a67d6a7a5ea","npm","'@xterm/addon-unicode11","0.9.0","1","hermes","MIT","not-required","not-required","not-required","required","bounded-decision",""
"b99196cdd96f6fe1f79bc60a029d1d155f64e6faaaf37236f37adc9cb6f91909","npm","'@xterm/addon-web-links","0.12.0","1","hermes","MIT","not-required","not-required","not-required","required","bounded-decision",""
"4f7a73d15e4a1b9a7fc8f9967cfb787c0283f9c6589910867518a83218644cb5","npm","'@xterm/addon-webgl","0.19.0","1","hermes","MIT","not-required","not-required","not-required","required","bounded-decision",""
"cd6baf4dc01135c1da281df98d97ccd21f04d1e278ca1695f34c559e9964611c","npm","'@xterm/xterm","6.0.0","1","hermes","MIT","not-required","not-required","not-required","required","bounded-decision",""
"315e816f518b4a3a89a4342c9060a5d0ab4b2b9fed8b745bff90a205d7ab8844","npm","abbrev","4.0.0","1","hermes","ISC | MIT","not-required","not-required","not-required","required","bounded-decision",""
"4713992f1cf01eb72148a11217fb6f6919d90849f453ec05d858a3c80a328a47","npm","abstract-logging","2.0.1","2","hermes,unify-core","MIT","not-required","not-required","not-required","required","bounded-decision",""
"767e33352c4e67196d120499bdf9e132530e3d4908361d9e0337fab56d40f3b2","npm","acorn","8.17.0","1","hermes","MIT","not-required","not-required","not-required","required","bounded-decision",""
"5d3cdfa63ed852677ae62de8132603dd08bf6562b05680c5bf59c4faab198788","npm","acorn-jsx","5.3.2","1","hermes","MIT","not-required","not-required","not-required","required","bounded-decision",""
"691a7f394edfe2fbde230db8c3f2445a1ec19c2527fb4808ec33807325a60a82","npm","agent-base","7.1.4","1","hermes","MIT","not-required","not-required","not-required","required","bounded-decision",""
"e6b7bf04cd3997a17f1730e13ffd4f7f2cab73cbb5d51b0c928c823e4124dcc6","npm","agent-browser","0.26.0","1","hermes","Apache-2.0","not-required","not-required","not-required","required","bounded-decision",""
"dcf9b4e18f1230e02cf75d57ee7d9eaa25d79bdec0c8e00ec7b10ca92fd5399b","npm","ajv","6.15.0","1","hermes","MIT","not-required","not-required","not-required","required","bounded-decision",""
"5df67c2344eb3e10ad8a7f11898fa0435571925899966577039dcf238a68bce1","npm","ajv","8.20.0","2","hermes,unify-core","MIT","not-required","not-required","not-required","required","bounded-decision",""
"8301195985fc41bb7189dff29204257ddcc9d2cbc6f9197a8544ec2880a89fab","npm","ajv-formats","3.0.1","2","hermes,unify-core","MIT","not-required","not-required","not-required","required","bounded-decision",""
"cf2cd975885c396b35e4dad917ad66868b8e5c2184fc838962f2ba7ce5b46f72","npm","ansi-escapes","7.3.0","1","hermes","MIT","not-required","not-required","not-required","required","bounded-decision",""
"f5f2344eaf064a979b86bc16aa3b9d5905acc479647e1f0e44bcc504033f6906","npm","ansi-regex","5.0.1","1","hermes","MIT","not-required","not-required","not-required","required","bounded-decision",""
"d7c60b35a084b76af9377ebef356b27c689963dd18576e329db15e4e6a7f092e","npm","ansi-regex","6.2.2","1","hermes","MIT","not-required","not-required","not-required","required","bounded-decision",""
"9774d5981ae69353e1c3adaac4faf8e7aebda86ce3a004eec9ec68f90ba574d6","npm","ansi-styles","4.3.0","1","hermes","MIT","not-required","not-required","not-required","required","bounded-decision",""
"b55ae0710db03a6767eb41b0f023cd58f84a6a5bb99c7813db51f7ca9711e5f2","npm","ansi-styles","6.2.3","1","hermes","MIT","not-required","not-required","not-required","required","bounded-decision",""
"dca8cf3a012e8571783f814ca76351c38bddc82ce964bc1c0a3d9e48c4f1a0e0","npm","aproba","2.1.0","1","hermes","ISC","not-required","not-required","not-required","required","bounded-decision",""
"f32e1a478b6557e1122fd568569dc8ddb8b1c4e59110110fe05b59c6a52c010e","npm","archy","1.0.0","1","hermes","MIT","not-required","not-required","not-required","required","bounded-decision",""
"bf582dbc923a5cd815cf1385608c98829ea6ae991efc9364953d2542bf04f9e6","npm","aria-hidden","1.2.6","1","hermes","MIT","not-required","not-required","not-required","required","bounded-decision",""
"6244dd146b831125fd04669e5a08a16b3b103ae3ee3f91f38abce91bf7e67c88","npm","assertion-error","2.0.1","1","hermes","MIT","not-required","not-required","not-required","required","bounded-decision",""
"1ecf3cf95365df85b089ffffec501104eeafe9255d384f48e9531a5f2267e86b","npm","assign-symbols","1.0.0","1","hermes","MIT","not-required","not-required","not-required","required","bounded-decision",""
"6ccf493ee3bd9ff9672e8ec3dcedd32ebddaee835d49d7fff671d9eb2ca4dfd1","npm","atomic-sleep","1.0.0","2","hermes,unify-core","MIT","not-required","not-required","not-required","required","bounded-decision",""
"6a7ad12482d2effabcc37348761eb9e6b3a0d764d3a9ae4249665243a0daa7b4","npm","attr-accept","2.2.5","1","hermes","MIT","not-required","not-required","not-required","required","bounded-decision",""
"b273c3275a86ccdebc945fd0d60c4f3ffd008bb5db7ece072a2e724a5da3719d","npm","auto-bind","5.0.1","1","hermes","MIT","not-required","not-required","not-required","required","bounded-decision",""
"8e7bf96579e308a9ceeadb7f96f615490b41a98f36adc6697d3f04d5b17b8483","npm","avvio","9.3.0","2","hermes,unify-core","MIT","not-required","not-required","not-required","required","bounded-decision",""
"fc3978766853eda3b1a80f892af1d5aa54635ccc4ad99d210bb0324500fa3102","npm","bail","2.0.2","1","hermes","MIT","not-required","not-required","not-required","required","bounded-decision",""
"0abed8b4783fd1b3e13265ba6c6d0e4155cbfaeb31f74a6942a19a8e5ab39cab","npm","balanced-match","4.0.4","1","hermes","MIT","not-required","not-required","not-required","required","bounded-decision",""
"8c34ccd7beeb7ba51a795e2de91ace3a868b2dfe3533ef4eb00bb7e04197dd04","npm","balanced-match","4.0.4","1","hermes","MIT","not-required","not-required","not-required","required","bounded-decision",""
"4f16c37b57e9fa5f061c8276ed6c602129d2f67fee69f339e519532cfb6ba95e","npm","base64-js","1.5.1","1","hermes","MIT","not-required","not-required","not-required","required","bounded-decision",""
"aa3cd45a954e3c53afe775c184e0122797720d609e3ea9d8c43e1dd5901a85a6","npm","baseline-browser-mapping","2.10.43","1","hermes","Apache-2.0","not-required","not-required","not-required","required","bounded-decision",""
"b9db24cc8ae2775837c0f92cc0358f82554c78677e3528e4996364f8c3cf64ee","npm","benchmark","1.0.0","2","hermes,unify-core","ISC","not-required","not-required","not-required","required","bounded-decision",""
"e8ed8f894de2ab5f5752643a7ec41482ea5ec0ca93b5d8c0de5b46bb6fecab98","npm","benchmark","1.0.0","2","hermes,unify-core","ISC","not-required","not-required","not-required","required","bounded-decision",""
"b73a50f7828795e421c3a34958f42020733c658b1078031954990bb7fe36161d","npm","benchmarks","1.0.0","2","hermes,unify-core","","blocked","blocked","blocked","required","open-review","unresolved-licence-scope"
"354468d583123a6e52e6e9c5a32c2fb5751e488f0d3784f6db1581cd9b26e551","npm","bidi-js","1.0.3","1","hermes","MIT","not-required","not-required","not-required","required","bounded-decision",""
"5e6bdbf588b94bdbed587e85db4271c4024a8f15a958c232cdfe17ddfb41add5","npm","bin-links","6.0.2","1","hermes","ISC","not-required","not-required","not-required","required","bounded-decision",""
"62a3442064cf7cda7248e734e5e752009db7602b1e128ff19f009e92ac4fd539","npm","binary-extensions","3.1.0","1","hermes","MIT","not-required","not-required","not-required","required","bounded-decision",""
"980afb56dd627af484c65aac56c7960a3bbbfbdea1090e4c9ca9d1615a811bbe","npm","binary-search-bounds","2.0.5","1","hermes","MIT","not-required","not-required","not-required","required","bounded-decision",""
"bd02f38dca7dce35d348fa0686e530d8068ce68624aede638ae585e239389eae","npm","brace-expansion","5.0.6","1","hermes","MIT","not-required","not-required","not-required","required","bounded-decision",""
"c377233f0ff18ccc658088d9ce1f33f9aace5a32152e26fc1b69e8f296eeb96b","npm","brace-expansion","5.0.8","1","hermes","MIT","not-required","not-required","not-required","required","bounded-decision",""
"d3c4767aeffd10a9b80b012c533e68ab786aae7e8e9475ee6f9e0fe750b547b1","npm","browserslist","4.28.6","1","hermes","MIT","not-required","not-required","not-required","required","bounded-decision",""
"dfb0968aa1abe5c7fc911cdaadaf9be548205398f5d81ffe5cc9c6cc743e77b0","npm","buffer","6.0.3","1","hermes","MIT","not-required","not-required","not-required","required","bounded-decision",""
"87237775de6ffb64579941fae9d4d1411cc54e5da9b3e7aa2a76e571fafc0cdc","npm","cacache","20.0.4","1","hermes","ISC","not-required","not-required","not-required","required","bounded-decision",""
"ca761a6b9b7a8bfd92b9e38375e54ebae6ef8ec432226cdafff128cf8aedf640","npm","camelcase","5.3.1","1","hermes","MIT","not-required","not-required","not-required","required","bounded-decision",""
"045ae6c5e217f8bb13317b5f0ff9176374e4a2d20003622792f5be6223688fb6","npm","caniuse-lite","1.0.30001806","1","hermes","CC-BY-4.0","not-required","not-required","not-required","required","open-review","content-licence-scope"
"9aa98381e1f1db05ab7a2fcafb7bfa6850414402f8c53c5c100e8b5e6f198fe6","npm","chai","6.2.2","1","hermes","MIT","not-required","not-required","not-required","required","bounded-decision",""
"3f637628f23ccc6adbdde0dc3672d51d5ae42066da50a91b415e291d8d272aa5","npm","chalk","5.6.2","1","hermes","MIT","not-required","not-required","not-required","required","bounded-decision",""
"c1f235a84fedf7d08c42dcd28b4e8c85d48898c57f4e5de69525b6bd453ddcde","npm","chalk","5.6.2","1","hermes","MIT","not-required","not-required","not-required","required","bounded-decision",""
"ad8f3a57322509c85bb78eb994dd7b3a3481fc4d745c6db66704b5031a4a42ac","npm","character-entities","2.0.2","1","hermes","MIT","not-required","not-required","not-required","required","bounded-decision",""
"5d67ae046679ffa2eb7ea579dea8043a861ed815d15e366d0bd799cb5c47f5f8","npm","chownr","3.0.0","1","hermes","BlueOak-1.0.0","not-required","not-required","not-required","required","bounded-decision",""
"e1e568e4df6c7df4a16d7c3e63d46b8acd680976dfb0c993d37dab958ef1b694","npm","ci-info","4.4.0","1","hermes","MIT","not-required","not-required","not-required","required","bounded-decision",""
"480971fbb506951ec1b71a1230acacf78b105354d3f8214b95546c3addb608c6","npm","cidr-regex","5.0.5","1","hermes","BSD-2-Clause","not-required","not-required","not-required","required","bounded-decision",""
"c352905e533d08d5d41148fdc68e963830d82d09c4c995bff495ff666c9ebfc6","npm","class-variance-authority","0.7.1","1","hermes","Apache-2.0","not-required","not-required","not-required","required","bounded-decision",""
"9f4d4755afe01c9808a0aa0565d472df5428bb8b15528bc89bbc3b27260ea757","npm","cli-boxes","3.0.0","1","hermes","MIT","not-required","not-required","not-required","required","bounded-decision",""
"5cdbe6eca0e3e448d4414486c4e66b30f6df15a2863bd4ba6760229019ef0a7a","npm","cli-boxes","4.0.1","1","hermes","MIT","not-required","not-required","not-required","required","bounded-decision",""
"053410d765d2f06ba95da5acc3cfcfe4daddbcc9f11ecf177cb2b454e07ab03f","npm","cli-cursor","4.0.0","1","hermes","MIT","not-required","not-required","not-required","required","bounded-decision",""
"2a825f554dbda0ec4e30a993e282513a96f10f0e3cda607b7b2b08edbce968b0","npm","cli-truncate","6.1.1","1","hermes","MIT","not-required","not-required","not-required","required","bounded-decision",""
"21dfd15308a582309f6ea7a65deb362e75dc3d80a0565f60bf81a432612fbcfe","npm","cliui","6.0.0","1","hermes","ISC","not-required","not-required","not-required","required","bounded-decision",""
"aecc82ba4c136440e174c4db500cb97b336fbf4ed14bc311fc387b18b32d8bcb","npm","clsx","2.1.1","1","hermes","MIT","not-required","not-required","not-required","required","bounded-decision",""
"0a767e2b21a4855b9d29ffbc5b434da2d6ab5a2fe3e8a0e04ebf0023ba086fa7","npm","cmd-shim","8.0.0","1","hermes","ISC","not-required","not-required","not-required","required","bounded-decision",""
"3ada85c401d4bc53132e3782604efe0dd75c9a4474dc6ffb2aa92b743846404c","npm","code-excerpt","4.0.0","1","hermes","MIT","not-required","not-required","not-required","required","bounded-decision",""
"ec607d8284d21db822d21bdd4af8baf22e9ee9490f590a8ade3d069253ab76e9","npm","color-convert","2.0.1","1","hermes","MIT","not-required","not-required","not-required","required","bounded-decision",""
"aa0da59dcd66352e25361826a3e1457391c2fa8c4162ad1be63c49553c394bf5","npm","color-name","1.1.4","1","hermes","MIT","not-required","not-required","not-required","required","bounded-decision",""
"d007e6139f045a017a3a7d716e7efedab74979b7ca5f9239e970b050f5a8fd95","npm","colord","2.9.3","1","hermes","MIT","not-required","not-required","not-required","required","bounded-decision",""
"77e0abbe25c4814dd00db86b9738f54bd5fc757ef765217de82f5f3bfc8b9d6f","npm","comma-separated-tokens","2.0.3","1","hermes","MIT","not-required","not-required","not-required","required","bounded-decision",""
"8d6e1d2bdfe5f6a13cde27aefdc9d1f2b7fe40424ead778e296b7bfbfb3adf65","npm","commander","7.2.0","1","hermes","MIT","not-required","not-required","not-required","required","bounded-decision",""
"b825c4c57abea68c647c724e6acec23343a3a6ad3e3783f03beb364f17fc54c7","npm","commander","8.3.0","1","hermes","MIT","not-required","not-required","not-required","required","bounded-decision",""
"3b0b1254ff4bbcc33a27496f1595991638251905b46a8de57023d0f4ede895d0","npm","common-ancestor-path","2.0.0","1","hermes","BlueOak-1.0.0","not-required","not-required","not-required","required","bounded-decision",""
"6ee811e6082f978e805817b905100b86b504ba5f036da3a57dfe20fee7e19391","npm","convert-source-map","2.0.0","1","hermes","MIT","not-required","not-required","not-required","required","bounded-decision",""
"0abde198a2e7722a3a162b98689b5e951c4e8cb026e310946ef4fced34f3db95","npm","convert-to-spaces","2.0.1","1","hermes","MIT","not-required","not-required","not-required","required","bounded-decision",""
"aa02a5971551e60f3d5ce4d1734b781098c7a13bb692d9daa69eaf1859740957","npm","cookie","1.1.1","2","hermes,unify-core","MIT","not-required","not-required","not-required","required","bounded-decision",""
"8af77e1c56868339509ebe08675d745a81aa604501540264532a813ae0200b63","npm","cookie","2.0.1","1","unify-core","MIT","not-required","not-required","not-required","required","bounded-decision",""
"29a923cf4d2c5a0a2efdb8ace29974bc1cd51fe08ae02a9e06c31c9a4e1f97ca","npm","cookie-es","3.1.1","1","hermes","MIT","not-required","not-required","not-required","required","bounded-decision",""
"f510cf3d182fa620cbbb53e945889b65f982bdf42e77ee87ec11bfafda28153c","npm","cross-spawn","7.0.6","1","hermes","MIT","not-required","not-required","not-required","required","bounded-decision",""
"6402b7c491e083a1b6bbfe4805bb46b01bbab50436f065e874d8b270fcba6255","npm","cssesc","3.0.0","1","hermes","MIT","not-required","not-required","not-required","required","bounded-decision",""
"7d67fc777e6214b512717f6544be05e8b5509dc02fd727fdcc86aea5d50a8ea9","npm","csstype","3.2.3","1","hermes","MIT","not-required","not-required","not-required","required","bounded-decision",""
"b112dc97b9be481d1146a6c0a4f0e2c00970d9ebb5f0831640ddc8196b1b52f7","npm","d3","7.9.0","1","hermes","ISC","not-required","not-required","not-required","required","bounded-decision",""
"9d4929199ff03467f363eb3f606f4870115944a3b3d37dc212105f260a0c31d7","npm","d3-array","3.2.4","1","hermes","ISC","not-required","not-required","not-required","required","bounded-decision",""
"da7d9a447f48d26f6bffcdf44c0711491f06c56deb18f9ae23d21bc3ef46a56c","npm","d3-axis","3.0.0","1","hermes","ISC","not-required","not-required","not-required","required","bounded-decision",""
"3cfa4dfb84ece296235ca372be3b936b54abf34e4ec7808dff82260acd70dfc5","npm","d3-brush","3.0.0","1","hermes","ISC","not-required","not-required","not-required","required","bounded-decision",""
"2c3f83141cf69a9511d9f31d39af66678d4917c3d324d29174a28128db8ed712","npm","d3-chord","3.0.1","1","hermes","ISC","not-required","not-required","not-required","required","bounded-decision",""
"89f033ab4a45ab6340a4625bfdc34434e46fb16092794d7badeb0af3f3e57223","npm","d3-color","3.1.0","1","hermes","ISC","not-required","not-required","not-required","required","bounded-decision",""
"cd988c490b8e16745ba31a34b195fcf60dcaa2353993e0c11c5821aa90865ea3","npm","d3-contour","4.0.2","1","hermes","ISC","not-required","not-required","not-required","required","bounded-decision",""
"bd797979f4b53fc8a898f94592515eee179b78f99693a0922b72feb599ac922f","npm","d3-delaunay","6.0.4","1","hermes","ISC","not-required","not-required","not-required","required","bounded-decision",""
"240dbe395833d1d84105a2d5b91feebfb5276d4317c7ce19efa43f225500ff35","npm","d3-dispatch","3.0.1","1","hermes","ISC","not-required","not-required","not-required","required","bounded-decision",""
"72b5e162e3383b6333674342e650b7ca04fe9750794e062b7f41fde655620747","npm","d3-drag","3.0.0","1","hermes","ISC","not-required","not-required","not-required","required","bounded-decision",""
"00b032e2979318c22d60e0a170ab653469766a661054b10d28bc49f0ff8b0e2c","npm","d3-dsv","3.0.1","1","hermes","ISC","not-required","not-required","not-required","required","bounded-decision",""
"e741944c2a684af4f318692155c221cc30a71a934619bcd4ae9bb806484edbff","npm","d3-ease","3.0.1","1","hermes","BSD-3-Clause","not-required","not-required","not-required","required","bounded-decision",""
"dba4355802ce0313c1e909597d5eb40f96ec914b30b79115a8d54a6388a46689","npm","d3-fetch","3.0.1","1","hermes","ISC","not-required","not-required","not-required","required","bounded-decision",""
"9f945eff1892e64f833a7b2aa68702629d51b58ae36a20f96f88e134acb9553d","npm","d3-force","3.0.0","1","hermes","ISC","not-required","not-required","not-required","required","bounded-decision",""
"813f7bbd13ad5e9ca7e88a4f971f75394961884f8c96f1f0fb6d8de42d57da90","npm","d3-format","3.1.2","1","hermes","ISC","not-required","not-required","not-required","required","bounded-decision",""
"baac596e8001b5c7581b2c6984da333fa617be19daa8d5933c9a46441ca9f1b7","npm","d3-geo","3.1.1","1","hermes","ISC | MIT","not-required","not-required","not-required","required","bounded-decision",""
"6922531fd1397a5535ebd0bc6ca8456234370f06c621affd48ec033e299e7a2c","npm","d3-hierarchy","3.1.2","1","hermes","ISC","not-required","not-required","not-required","required","bounded-decision",""
"1100db5bbd0622b7f899cce3068620989718e61194f372fc27fb3bdf52f23ec6","npm","d3-interpolate","3.0.1","1","hermes","ISC","not-required","not-required","not-required","required","bounded-decision",""
"2bafcded38da910e4596445a5e9a1eb3d3d1573b9866a2f4be819c68160c0e36","npm","d3-path","3.1.0","1","hermes","ISC","not-required","not-required","not-required","required","bounded-decision",""
"a241aafb01eda930a18c4ea028903653024a5de1e384bc7bebdee57fd9e8d785","npm","d3-polygon","3.0.1","1","hermes","ISC","not-required","not-required","not-required","required","bounded-decision",""
"a93c670d97ed61b20042fbdc5631c1eac5bd3d4d153e5bf9e1d6ba0b94be3b6e","npm","d3-quadtree","3.0.1","1","hermes","ISC","not-required","not-required","not-required","required","bounded-decision",""
"56dd50ce92dc89c4b576086250614c57e47d03e66c2b18d3b1797baac48219e7","npm","d3-random","3.0.1","1","hermes","ISC","not-required","not-required","not-required","required","bounded-decision",""
"325c2bdece1caa7649155b13e5ddb9df8d744c9b3c58dc8c6cd300a05737d5a3","npm","d3-scale","4.0.2","1","hermes","ISC","not-required","not-required","not-required","required","bounded-decision",""
"994f570c10a8089c91fdc5d40488af24fead32801fea3c56f48773e0ec89772c","npm","d3-scale-chromatic","3.1.0","1","hermes","ISC","not-required","not-required","not-required","required","bounded-decision",""
"2e88ee3d6634366875a50e826ef02925da407eec54b8ba68dff7e9aea15110dc","npm","d3-selection","3.0.0","1","hermes","ISC","not-required","not-required","not-required","required","bounded-decision",""
"2e288f9eb3575fdc9dfcbabcf4c541d4abbb2dd22cd1cfded945c8cb5d266bad","npm","d3-shape","3.2.0","1","hermes","ISC","not-required","not-required","not-required","required","bounded-decision",""
"63a9d027e3b982e246d128eaae106d6be131be04602ec66d3456e3a14e3ff308","npm","d3-time","3.1.0","1","hermes","ISC","not-required","not-required","not-required","required","bounded-decision",""
"f3476ec6d934290672d6a73f11ba8c6b57c3b0ce8a8483e04cd07d10a0c2390b","npm","d3-time-format","4.1.0","1","hermes","ISC","not-required","not-required","not-required","required","bounded-decision",""
"0c838524b70d44d2677904211f40ad4d3499cbab19bd9f5adc81ddf6840396a2","npm","d3-timer","3.0.1","1","hermes","ISC","not-required","not-required","not-required","required","bounded-decision",""
"eb08f4d55863d200bd725e1f55a245de980fc2e30b73fb6aa94ebfe32c749376","npm","d3-transition","3.0.1","1","hermes","ISC","not-required","not-required","not-required","required","bounded-decision",""
"c482e13149baf732e0daf1d7ab8e96c4615100a6957d7f029bfbf4b3afd2735f","npm","d3-zoom","3.0.0","1","hermes","ISC","not-required","not-required","not-required","required","bounded-decision",""
"8b1c16869c09df1ddc6fec5c9d7ffb3af1b6d4fb45a01da2832f005b540b2be2","npm","dayjs","1.11.21","1","hermes","MIT","not-required","not-required","not-required","required","bounded-decision",""
"06641c033029cdc1f30049367c3c79753b14338a017deb8198d3db1a647851a5","npm","debug","4.4.3","1","hermes","MIT","not-required","not-required","not-required","required","bounded-decision",""
"6a867645308f6fabdc2bec2ccaaf882baef97a53fa32bf897482ead297758b39","npm","debug","4.4.3","1","hermes","MIT","not-required","not-required","not-required","required","bounded-decision",""
"3006758e1a3ce25d0494bc02fe6a8e6188c0c3d032bbd07aaa87003a7f4d1217","npm","decamelize","1.2.0","1","hermes","MIT","not-required","not-required","not-required","required","bounded-decision",""
"9c71338749f5e063b7c42221d5893b608cf88178d0cc3f17094457d7c08b89b3","npm","decode-named-character-reference","1.3.0","1","hermes","MIT","not-required","not-required","not-required","required","bounded-decision",""
"725f390e32cc6ad6f5544d5e8807b6686f59aea6e06976b48b52f691676ca666","npm","deep-is","0.1.4","1","hermes","MIT","not-required","not-required","not-required","required","bounded-decision",""
"88486424d12b253549fb93fca901c7643ec393c1f4ba247ae7603f6eb2fd2f8b","npm","deepmerge","4.3.1","1","hermes","MIT","not-required","not-required","not-required","required","bounded-decision",""
"dca8bd33a6b3166ffc346db7215d46f75ad7c276b33b7ae14fb2eb22f04346f1","npm","delaunator","5.1.0","1","hermes","ISC","not-required","not-required","not-required","required","bounded-decision",""
"ad0e579b58e4fee8ce5f9bb68af098869e1dd2d3e57197774af0e8dd77101b6b","npm","dequal","2.0.3","3","hermes,unify-core","MIT","not-required","not-required","not-required","required","bounded-decision",""
"ebb469101c100a5f6d7ea474766d3a4444338e44c4022b64e9b481422b2eb805","npm","detect-libc","2.1.2","1","hermes","Apache-2.0","not-required","not-required","not-required","required","bounded-decision",""
"065d8a54b2172903067885b6b5faa731b09a0d7ad495f2a1a9ae5ee039ad6b4d","npm","detect-node-es","1.1.0","1","hermes","MIT","not-required","not-required","not-required","required","bounded-decision",""
"277e45c1d6ddc1c621fb5abc0c9989a890fc48f73fc155cc9483963a018adcef","npm","devlop","1.1.0","1","hermes","MIT","not-required","not-required","not-required","required","bounded-decision",""
"3162f32e41f5806fe32eb00296e82dc1a9ac3569e391ffcfbb54e55caecb64d1","npm","diff","8.0.4","1","hermes","BSD-3-Clause","not-required","not-required","not-required","required","bounded-decision",""
"f8c6994ed0bbf643437011f6775c588a1633b176c1db144f0f5b71fe5c179574","npm","dijkstrajs","1.0.3","1","hermes","MIT","blocked","blocked","blocked","required","open-review","additional-notice-terms-scope-review"
"ea92f499ad122b59d06f1041fec6c051c1655e7d0d1df6e2440a9233e4c23074","npm","dom-serializer","3.1.1","1","hermes","MIT","not-required","not-required","not-required","required","bounded-decision",""
"974c7d5c309bb8d27aabcdb6c643cd1bd8f5c47d9b9dfd0f707f2eea4ab7c374","npm","domelementtype","3.0.0","1","hermes","BSD-2-Clause","not-required","not-required","not-required","required","bounded-decision",""
"34d75430dc64ed2c56240e46eb729fda9e197970fd6eafdbecc0d76baebda21b","npm","domhandler","6.0.1","1","hermes","BSD-2-Clause","not-required","not-required","not-required","required","bounded-decision",""
"010d7cc2cca17fea94d226bedabf71362bb337813cf5d7f97024ba7f46cfc5a2","npm","domutils","4.0.2","1","hermes","BSD-2-Clause","not-required","not-required","not-required","required","bounded-decision",""
"ca5dd41c41870c1936848863697ed325a09be11899dbd8463017c8b714b8e89e","npm","electron-to-chromium","1.5.393","1","hermes","ISC","not-required","not-required","not-required","required","bounded-decision",""
"65696a3f6439b72a6c35ca8865b626359a4bb198c373fe77406a30ab09074c64","npm","emoji-regex","10.6.0","1","hermes","MIT","not-required","not-required","not-required","required","bounded-decision",""
"0ec9ccb3405c22c2cfcbac8642e5da187fa9d66c5f85a765bf380102ebf68332","npm","emoji-regex","8.0.0","1","hermes","MIT","not-required","not-required","not-required","required","bounded-decision",""
"3f7e4d19e3b7131beeb0cd4925d69389e7360b51423a8c7a61ebe30ac6cc69d8","npm","enhanced-resolve","5.24.2","1","hermes","MIT","not-required","not-required","not-required","required","bounded-decision",""
"30dafb317b685ad0d95a9bb6e73213b57cb37a8f0f466c706102654a6bacf188","npm","entities","6.0.1","1","hermes","BSD-2-Clause","not-required","not-required","not-required","required","bounded-decision",""
"57ce8c30436f152179c5da1b0752e68679d8d8112068ce5e29d4b246ac60cb2e","npm","entities","8.0.0","2","hermes","BSD-2-Clause","not-required","not-required","not-required","required","bounded-decision",""
"f629122f4c148f028712d0c4b7a92b4233b6f845818c63b5f45e42fba6b771fa","npm","env-paths","2.2.1","1","hermes","MIT","not-required","not-required","not-required","required","bounded-decision",""
"85c8c8e4276fbed340536d79f48cbbe8dd489e6b0a9c69b58786df7030a012dd","npm","environment","1.1.0","1","hermes","MIT","not-required","not-required","not-required","required","bounded-decision",""
"52e8a427d5602b2231ebc8620e3b992be0befb904b8e2d8b96d4a6109ff2cb70","npm","es-module-lexer","2.3.1","1","hermes","MIT","not-required","not-required","not-required","required","bounded-decision",""
"baba5b29e1b45be98917d5101b52c114b2810e54281fe386bea3401bf34d66e8","npm","es-toolkit","1.49.0","1","hermes","MIT","not-required","not-required","not-required","required","bounded-decision",""
"7706ae3d6885062b3b3d121b679d86d01020b51c4ee57ff80417d5391f792843","npm","esbuild","0.28.1","1","hermes","MIT","not-required","not-required","not-required","required","bounded-decision",""
"fda7a2f0fa9b6d80986dc6c753472e56ff0846d69672756dc5ff3bf11217cb7c","npm","escalade","3.2.0","1","hermes","MIT","not-required","not-required","not-required","required","bounded-decision",""
"180d382fa30a3173fc5f7e717603638ed6c2179df621ffc5474d2c173dd7dc82","npm","escape-string-regexp","2.0.0","1","hermes","MIT","not-required","not-required","not-required","required","bounded-decision",""
"963d1eb7a50baf418810e8d0487766c9d4c389f1dcdf7b9a131f228c15672e57","npm","escape-string-regexp","4.0.0","1","hermes","MIT","not-required","not-required","not-required","required","bounded-decision",""
"d01537a7eca263ab1c82b7e2aeb4e8a11927e3256a8addb23ddbc3ab4fc0e235","npm","eslint","10.8.0","1","hermes","MIT","not-required","not-required","not-required","required","bounded-decision",""
"b3157e2b4a1c9619d6d05b7d70ef921e7d950d52931a4c3e9bcf14ebc7f9a8cd","npm","eslint-plugin-perfectionist","5.10.0","1","hermes","MIT","not-required","not-required","not-required","required","bounded-decision",""
"1d1af82c406c3688407973789201a659a4498ca8d1f3145d586b4512861c339c","npm","eslint-plugin-react-hooks","7.1.1","1","hermes","MIT","not-required","not-required","not-required","required","bounded-decision",""
"71a762003efcc42b60decc8d11feeffc965d036ea3ac4a756c5340bb0f3b11f8","npm","eslint-plugin-react-refresh","0.5.3","1","hermes","MIT","not-required","not-required","not-required","required","bounded-decision",""
"835d35ce1e618020c01001dddfba3badae70dd8f2ce158f8bd1ab0cc861faf37","npm","eslint-plugin-unused-imports","4.4.1","1","hermes","MIT","not-required","not-required","not-required","required","bounded-decision",""
"c3ae5c6329e03733286d0566d7c53996527e0d326c7ca8243f6d048c6fe99a9d","npm","eslint-scope","9.1.2","1","hermes","BSD-2-Clause","not-required","not-required","not-required","required","bounded-decision",""
"562c5f10ac26d6c79d7590caf5d1bb9bbb46474f794ef1e129bd8c4ea77a49ef","npm","eslint-visitor-keys","3.4.3","1","hermes","Apache-2.0","not-required","not-required","not-required","required","bounded-decision",""
"1b0dd136891313eb7a8f332d5860d29b872bfc3f625a6e326fb450beee54de83","npm","eslint-visitor-keys","5.0.1","1","hermes","Apache-2.0","not-required","not-required","not-required","required","bounded-decision",""
"d6cbe119a7bbebc8332131b040192c2e2851500a27dd083b41f24bce26b43461","npm","espree","11.2.0","1","hermes","BSD-2-Clause","not-required","not-required","not-required","required","bounded-decision",""
"630aae0c1920c1acf3c279f155f819be58d8387eed3512ec5e563a08a6e235e6","npm","esquery","1.7.0","1","hermes","BSD-3-Clause","not-required","not-required","not-required","required","bounded-decision",""
"e6651a52b2e688cbf0aefeab1c1d64d42d0e280ac94e7fd08ef524ac3f8352a2","npm","esrecurse","4.3.0","1","hermes","BSD-2-Clause","not-required","not-required","not-required","required","bounded-decision",""
"86875a6eb9b9dbea0a41d0642d1328c7f77311bbf6b7a7b61648628111dbf569","npm","estraverse","5.3.0","1","hermes","BSD-2-Clause","not-required","not-required","not-required","required","bounded-decision",""
"af69c9509a2be8d6fa2d5b4f1b44854bdda733b291b6eee206a6888ec3ee38de","npm","estree-walker","3.0.3","1","hermes","MIT","not-required","not-required","not-required","required","bounded-decision",""
"42e9a5dd68e91bdb3b235742e543274901f4a2e200dfad7311d7535fa73209a1","npm","esutils","2.0.3","1","hermes","BSD-2-Clause","not-required","not-required","not-required","required","bounded-decision",""
"9926965bd7a06a62ea148005d67bd9e33496bb4cedca204d298911135cb2540d","npm","expect-type","1.4.0","1","hermes","Apache-2.0","not-required","not-required","not-required","required","bounded-decision",""
"054440c860bd53f77d578ee15f125907d5771e57043739477ccfc77a73801e87","npm","exponential-backoff","3.1.3","1","hermes","Apache-2.0","not-required","not-required","not-required","required","bounded-decision",""
"045f60c07db1768f514f8f42819c9cb51dba462ac4960b3280443f8f0c5a9194","npm","extend","3.0.2","1","hermes","MIT","not-required","not-required","not-required","required","bounded-decision",""
"d0d5f330a62e276a39346a5a87a789fd27b87290d87e96af1230557cb9882447","npm","extend-shallow","2.0.1","1","hermes","MIT","not-required","not-required","not-required","required","bounded-decision",""
"1f6ba1a822cd544520ad90189fb0d178ab6e3388825c13d6f4eae50a9ebe4748","npm","extend-shallow","3.0.2","1","hermes","MIT","not-required","not-required","not-required","required","bounded-decision",""
"9b7866ed59b7a93d0ecb1121f39e3603388dd8045214b79bd64ed39975247c8a","npm","fast-decode-uri-component","1.0.1","2","hermes,unify-core","MIT","not-required","not-required","not-required","required","bounded-decision",""
"eaf5b6377ee90e3a5dc7caf5deed00293553088e5a41b966c6baaaf1b77b1abc","npm","fast-deep-equal","3.1.3","3","hermes,unify-core","MIT","not-required","not-required","not-required","required","bounded-decision",""
"ddfa0115b5798923f056dc5cca263c4bd6b71f45fbcac73e231de4fa99582052","npm","fast-json-stable-stringify","2.1.0","1","hermes","MIT","not-required","not-required","not-required","required","bounded-decision",""
"2f0a52fdd97e0c3ad28370a5ae6c71b20276338c8c2402dea02137f566e841e7","npm","fast-json-stringify","7.0.1","2","hermes,unify-core","MIT","not-required","not-required","not-required","required","bounded-decision",""
"624c9e0ad9911c315f4854ff9433958772ffa1f6606d8ae4ef5b8a417b20817e","npm","fast-levenshtein","2.0.6","1","hermes","MIT","not-required","not-required","not-required","required","bounded-decision",""
"b783cecd0a8da4f7e530b4bcb8d845e1273b09b56223da889776e1ad47076bee","npm","fast-querystring","1.1.2","2","hermes,unify-core","MIT","not-required","not-required","not-required","required","bounded-decision",""
"5ad160ffb631750449ef442c89c010152682fe6c6e05c9d139c55b39e7716c02","npm","fast-uri","3.1.5","2","hermes,unify-core","BSD-3-Clause","not-required","not-required","not-required","required","bounded-decision",""
"845a339c81a9a8a5bc641872d28ed1c95a9b2e5b740ed620536acb4d08762382","npm","fast-uri","4.1.2","2","hermes,unify-core","BSD-3-Clause","not-required","not-required","not-required","required","bounded-decision",""
"8fe66290c2832827858c561c94456f362cbe07517956f86e42b9fefe6bef0fa0","npm","fastest-levenshtein","1.0.16","1","hermes","MIT","not-required","not-required","not-required","required","bounded-decision",""
"2a6985929bb8d96cc931ecd4bfff79ef8fc00469bdea22ecb85489881e5ec04d","npm","fastify","5.10.0","2","hermes,unify-core","MIT","not-required","not-required","not-required","required","bounded-decision",""
"4ef43b71faaf5d23108875d55651cc479ef296ac5c4f70e2c72de592b5e81530","npm","fastify-plugin","6.0.0","1","unify-core","MIT","not-required","not-required","not-required","required","bounded-decision",""
"3cf9865b2be9f8cd46ba7860a2ccddf9681d5b14b640a36d5ba4832838684050","npm","fastq","1.20.1","2","hermes,unify-core","ISC","not-required","not-required","not-required","required","bounded-decision",""
"113c51631b01cba681ddb04e5e880ddf13c05ec096315adc9ae59ebae34b995d","npm","fdir","6.5.0","1","hermes","MIT","not-required","not-required","not-required","required","bounded-decision",""
"89e443ebac4c171b11c99a4418cfa6e1cd631858e69728d8a91e6cc5b192ff8d","npm","fdir","6.5.0","1","hermes","MIT","not-required","not-required","not-required","required","bounded-decision",""
"3b1ac826adf637d71b266c436d5f2dbf3fa330f8fd5f58b50dabb865ba0de94e","npm","file-entry-cache","8.0.0","1","hermes","MIT","not-required","not-required","not-required","required","bounded-decision",""
"47c3f1bc45bff263b7c8db72c9aedd39cb742d52ea85f3584c2c08f4c54e04dc","npm","file-selector","0.5.0","1","hermes","MIT","not-required","not-required","not-required","required","bounded-decision",""
"8656f3c1f0b415812f09964c4aa4a1bcef7ac54a242991860fa421f6eda47438","npm","find-my-way","9.7.0","2","hermes,unify-core","MIT","not-required","not-required","not-required","required","bounded-decision",""
"4af760f99e76cab81a986a9dffc9c43586c9099a5c3bf628585db48957d7948b","npm","find-up","4.1.0","1","hermes","MIT","not-required","not-required","not-required","required","bounded-decision",""
"1d5aac2f49332d3b3ae14ed670ffd6631495e1860a7553baa769cad42923d6ae","npm","find-up","5.0.0","1","hermes","MIT","not-required","not-required","not-required","required","bounded-decision",""
"52abdb6bafceedde3942ef1e79336bf5ff8f9e80c053647971fe142658beb6ca","npm","flat-cache","4.0.1","1","hermes","MIT","not-required","not-required","not-required","required","bounded-decision",""
"01782e8bf900bdfd9bb73d4310718146a7c576b3380b0d0116904fc94c42057e","npm","flatted","3.4.2","1","hermes","ISC","not-required","not-required","not-required","required","bounded-decision",""
"8ab6bb58457c69d0360c71a629b7cbb28a70deb9d68847526ee01d4e81f8a19d","npm","for-in","1.0.2","1","hermes","MIT","not-required","not-required","not-required","required","bounded-decision",""
"ece9c60eff1e47dc4923a90e1794f3bfe33516c7fcf957062447996e08fa88a8","npm","framer-motion","12.42.2","1","hermes","MIT","not-required","not-required","not-required","required","bounded-decision",""
"80f815e0ce9b26a2746480ecbf569157664ae28e357eebcb0ca3d5ab1a7f619e","npm","fs-minipass","3.0.3","1","hermes","ISC","not-required","not-required","not-required","required","bounded-decision",""
"94e6e1e3263de3a6a0e0f4fcc762d277b27f0e64d7e0559f69d647712e0e4934","npm","gensync","1.0.0-beta.2","1","hermes","MIT","not-required","not-required","not-required","required","bounded-decision",""
"b85583a1e6098a000b3aeb5ed77b05d618987e8eecf4d38b61a7356b7f1a715c","npm","get-caller-file","2.0.5","1","hermes","ISC","not-required","not-required","not-required","required","bounded-decision",""
"38cc8a3d6b349fa670e1f6792a96c40b9bfd9061ffe93e3a0bc2faf404ac8422","npm","get-east-asian-width","1.6.0","1","hermes","MIT","not-required","not-required","not-required","required","bounded-decision",""
"5884822d82a97dff677c8ae18f12b6500f05614ad9c12a569344423cc8c7f357","npm","get-nonce","1.0.1","1","hermes","MIT","not-required","not-required","not-required","required","bounded-decision",""
"71a080955d87925237196577a8012de55340a0f030dea2c571b6d7bb3a6be212","npm","get-value","2.0.6","1","hermes","MIT","not-required","not-required","not-required","required","bounded-decision",""
"5eaff8e6444e8c9d441808814a019546fdb3f9bb99d7ff3c95dd153fd4efd10c","npm","glob","13.0.6","1","hermes","BlueOak-1.0.0","not-required","not-required","not-required","required","bounded-decision",""
"6f062620276ed0870aa4b3b39b83774a0f5b50ee0eef0cd70ba3c7ae094c6ced","npm","glob-parent","6.0.2","1","hermes","ISC","not-required","not-required","not-required","required","bounded-decision",""
"54b4b076a0c2972a6d1508aa6face701d928088ef79f748294d3155084fc33dd","npm","globals","17.7.0","1","hermes","MIT","not-required","not-required","not-required","required","bounded-decision",""
"2690e76ed1730061a3a541725997fbf5d404696b6225861687422a2c39e96d60","npm","graceful-fs","4.2.11","1","hermes","ISC","not-required","not-required","not-required","required","bounded-decision",""
"d622e987e66d3def352f8943cf7ab55a8f3fcc70fb428aa89504a6da2f728344","npm","graceful-fs","4.2.11","1","hermes","ISC","not-required","not-required","not-required","required","bounded-decision",""
"ca0a31652c52b170779ff1d43024dca128058c4fab59676fa22d3ac623515158","npm","gsap","3.15.0","1","hermes","LicenseRef-GSAP-NoCharge-2025-05-30","not-required","not-required","not-required","required","open-review","gsap-standalone-bundle-grant-review"
"017dc3e0177314147ec01ef98de189c23c67e7c9398d7594f1eb8c806082773e","npm","has-flag","4.0.0","1","hermes","MIT","not-required","not-required","not-required","required","bounded-decision",""
"56e246d4b06c6f9551fdccf38cfcbf5fc717cec42cdd3e6aaac4d4e488bce551","npm","hast-util-from-dom","5.0.1","1","hermes","ISC","not-required","not-required","not-required","required","bounded-decision",""
"2c75ddc72518b92261416900cf976df2257582321fe0843ae9c9ae2e216662e8","npm","hast-util-from-html","2.0.3","1","hermes","MIT","not-required","not-required","not-required","required","bounded-decision",""
"9a512c408f8561016984774b52004950cf9ad9d9d15c74fffd868ce3e71a5480","npm","hast-util-from-html-isomorphic","2.0.0","1","hermes","MIT","not-required","not-required","not-required","required","bounded-decision",""
"81d79faeffb705574cf8e7638cbc0f55f7a90a3cbdd9915dc02f704d866904d3","npm","hast-util-from-parse5","8.0.3","1","hermes","MIT","not-required","not-required","not-required","required","bounded-decision",""
"1ded9699c51db2c1c27f8beb22e1a4319f775ccb2364e01a4a7ee4ab654545b9","npm","hast-util-is-element","3.0.0","1","hermes","MIT","not-required","not-required","not-required","required","bounded-decision",""
"2dae844949d94f7252a224e4295feceb16a54f07088dc97688abc6fd6a0021fb","npm","hast-util-parse-selector","4.0.0","1","hermes","MIT","not-required","not-required","not-required","required","bounded-decision",""
"ce47e8326f2d23e1adfcb520a1251278970d7b954e83586b11f9837ed11d9d40","npm","hast-util-to-text","4.0.2","1","hermes","MIT","not-required","not-required","not-required","required","bounded-decision",""
"154e1220349e451e5f6878092751cae616471121ad6c1e95c488cf08151a7b4f","npm","hastscript","9.0.1","1","hermes","MIT","not-required","not-required","not-required","required","bounded-decision",""
"ba3102c891a60fcc99d6b7e93f86ba9481b0eff83e452255347f1488c98eeedc","npm","hermes-agent","1.0.0","1","hermes","MIT","not-required","not-required","not-required","required","bounded-decision",""
"119e948f332acec3608d76b0c203deefabc9919954406060b7abaf83237c9454","npm","hermes-estree","0.25.1","1","hermes","MIT","not-required","not-required","not-required","required","bounded-decision",""
"89894d5fab680dda04239dfd9d3b833dfaac70d3b316432ff3cacb93e4b4c852","npm","hermes-parser","0.25.1","1","hermes","MIT","not-required","not-required","not-required","required","bounded-decision",""
"07c48f0b931d1ea7c6f322338adcf48c006fc6cdaa23121c6bf03b6d57028fe2","npm","hermes-tui","0.0.1","1","hermes","","blocked","blocked","blocked","required","open-review","unresolved-licence-scope"
"827ebed24ca368ab14a245623d2615ccb9afb35317fb15ed2b16a0f3fcc4d667","npm","hermes-whatsapp-bridge","1.0.0","1","hermes","MIT","not-required","not-required","not-required","required","bounded-decision",""
"f78e567a8e9523c7eec27f4818c821883c4f7510cb3057ce3a78882fe1c28dc3","npm","hosted-git-info","9.0.3","1","hermes","ISC","not-required","not-required","not-required","required","bounded-decision",""
"2e273795bc148bdda472d9266fa72af66a90fcd420c8fe5a02ee2c4ca1d724d7","npm","htmlparser2","12.0.0","1","hermes","MIT","not-required","not-required","not-required","required","bounded-decision",""
"5b1acb3d59de64ad7ba22b305617ac2b4031f2ac5b8f563dcf44029c12a5d7a0","npm","http-cache-semantics","4.2.0","1","hermes","BSD-2-Clause","not-required","not-required","not-required","required","bounded-decision",""
"ea92c0c02363d9276ef0b743d3d03655bcaa48cd98debf040b09abac47f51762","npm","http-proxy-agent","7.0.2","1","hermes","MIT","not-required","not-required","not-required","required","bounded-decision",""
"f7626eb50854b4baef2fc4a39d2dc91cf5f9fa6fa822dad822ef0a79eba0ebab","npm","https-proxy-agent","7.0.6","1","hermes","MIT","not-required","not-required","not-required","required","bounded-decision",""
"a222e8bf33f85f4fd86b54dd46aa7cd6fb59fd7f3f24e0787d02dcd587bc0763","npm","iconv-lite","0.6.3","1","hermes","MIT","not-required","not-required","not-required","required","bounded-decision",""
"32f16decc579f7dd8bad7453e1ed5d47f371472d803130eb54d24beb55f3c02a","npm","iconv-lite","0.7.2","1","hermes","MIT","not-required","not-required","not-required","required","bounded-decision",""
"d78c8221e19440fea73070f5d657e9b3e8d7c9e04a39abae9c829ec582910ed0","npm","ieee754","1.2.1","1","hermes","BSD-3-Clause","not-required","not-required","not-required","required","bounded-decision",""
"c995006a42cab9767292711d2244dc8bae09d5c8ad6e2638ca0e686006fa76aa","npm","ignore","5.3.2","1","hermes","MIT","not-required","not-required","not-required","required","bounded-decision",""
"99b86315d3f3a446600966da9d1877b924b93c4ae8811bfbc4b53f2b083eefac","npm","ignore","7.0.6","1","hermes","MIT","not-required","not-required","not-required","required","bounded-decision",""
"c3e2a018b5715f9983a38d341350c423b4e861d35d061fcb82da15e81d412871","npm","ignore-walk","8.0.0","1","hermes","ISC","not-required","not-required","not-required","required","bounded-decision",""
"c8d375ced5720c083c7b00b42e12e0466a721601ee51de6db15a2842051a43f0","npm","imurmurhash","0.1.4","1","hermes","MIT","not-required","not-required","not-required","required","bounded-decision",""
"af64409b14d2cf1482b072a97c3e8141215bd9e7c7d9ec1760b507fd5bef6a85","npm","indent-string","5.0.0","1","hermes","MIT","not-required","not-required","not-required","required","bounded-decision",""
"7acb3b64a65afaccaaf5c363796a51def6d748e88349548a213e703f31e23d99","npm","ini","6.0.0","1","hermes","ISC","not-required","not-required","not-required","required","bounded-decision",""
"7419c1da68e3a4d2172d28658a894c30429f252a0d2d5e0b7b842110e31be4ca","npm","init-package-json","8.2.5","1","hermes","ISC","not-required","not-required","not-required","required","bounded-decision",""
"e8a18d7b6e69b4a0ad9c67fad4a5938cb64425ba04ea8ea524622372db38e247","npm","ink","7.1.1","1","hermes","MIT","not-required","not-required","not-required","required","bounded-decision",""
"ca848779b15a389b6058d1c3e6f8a95fbf00554c89500194adace28f4f3fe576","npm","ink-text-input","6.0.0","1","hermes","MIT","not-required","not-required","not-required","required","bounded-decision",""
"183ce9d80823db94f851fc893031d5f93adf4e78fb04943fb7ae57b65a71e09b","npm","internmap","2.0.3","1","hermes","ISC","not-required","not-required","not-required","required","bounded-decision",""
"3cee7c7bc49fba532837481f5d8fe8fad9c87fe87d47709353b107a8bc3be98b","npm","interval-tree-1d","1.0.4","1","hermes","MIT","not-required","not-required","not-required","required","bounded-decision",""
"a5783cc8ed1aff5f28f485fa6b2a98a903e9278a47b6045d59d9e6b52b61556b","npm","ip-address","10.2.0","1","hermes","MIT","not-required","not-required","not-required","required","bounded-decision",""
"d0531f1446716d0d73c18a7ae1415cf31ed9a72e8d5ea36283646fc90e2819e1","npm","ipaddr.js","2.4.0","2","hermes,unify-core","MIT","not-required","not-required","not-required","required","bounded-decision",""
"dd23909a554a99af0fa0aa2f5b31601267de0bb65c504d97867bfb032f5489b3","npm","is-cidr","6.0.4","1","hermes","BSD-2-Clause","not-required","not-required","not-required","required","bounded-decision",""
"0e576afeb574a2aa3c70dc3a4f90125dc6c7437320b1382d5199051386257ee0","npm","is-extendable","0.1.1","2","hermes","MIT","not-required","not-required","not-required","required","bounded-decision",""
"43a68c497d3242bf36af311fa971a027144e83a1c863792b9a2ddb11dcaa1980","npm","is-extendable","1.0.1","1","hermes","MIT","not-required","not-required","not-required","required","bounded-decision",""
"f202f11d2f0857f8370f4fccf5051b516e67168c37d6285d28f0e5ff1d68fd2a","npm","is-extglob","2.1.1","1","hermes","MIT","not-required","not-required","not-required","required","bounded-decision",""
"69d0b3601855185ef1dd6a23e4f807adb65a893811f3ac292356072982cf8f78","npm","is-fullwidth-code-point","3.0.0","1","hermes","MIT","not-required","not-required","not-required","required","bounded-decision",""
"2153142fcfabf60929cbed1d7b7b194d8b757719950f543dff866b423c4ac8bf","npm","is-fullwidth-code-point","4.0.0","1","hermes","MIT","not-required","not-required","not-required","required","bounded-decision",""
"ffe6448287b2a79e00dc757dc656775c3bbb0f303da9d789a4c5dd3ff2f9f2d8","npm","is-fullwidth-code-point","5.1.0","2","hermes","MIT","not-required","not-required","not-required","required","bounded-decision",""
"c3d8d3abec81d4d9456327fd4978edf6bde830435fee6c01d816abe4beabf49f","npm","is-glob","4.0.3","1","hermes","MIT","not-required","not-required","not-required","required","bounded-decision",""
"a59d5628f6c20023e492897cd11ecf2994cbe6822e2b35504834f1b739e39446","npm","is-in-ci","2.0.0","1","hermes","MIT","not-required","not-required","not-required","required","bounded-decision",""
"6e1dbf509eacc3bb2052efd43a3a55858d8402d285862e5d5ac22e45f534f074","npm","is-plain-obj","4.1.0","1","hermes","MIT","not-required","not-required","not-required","required","bounded-decision",""
"48f234273145ac364af863ca78e651fa982d97a276fab4687f2da9598b7dc9aa","npm","is-plain-object","2.0.4","2","hermes","MIT","not-required","not-required","not-required","required","bounded-decision",""
"0694fb448d9eca490344da0db108ecec2b3b83909f8e04edb7134200ebb57272","npm","is-plain-object","5.0.0","1","hermes","MIT","not-required","not-required","not-required","required","bounded-decision",""
"906e2824a1970a1487b6f0df1f83555a9ec9b0278ff7d81dff175b60993612a3","npm","isexe","2.0.0","1","hermes","ISC","not-required","not-required","not-required","required","bounded-decision",""
"45114dd01389486c59dd5f4bd6b7aadf00eb50d649b6747f9043445f1add084d","npm","isexe","4.0.0","1","hermes","BlueOak-1.0.0","not-required","not-required","not-required","required","bounded-decision",""
"bd9ebb30f391aac683c59307a3138498455c62091d4eaadb4b3ee4c32b72efa2","npm","isobject","3.0.1","1","hermes","MIT","not-required","not-required","not-required","required","bounded-decision",""
"4a5d06108e5abb1bfa2513ca2db611e8c180d5d063fce2d4cb4fe76e31610651","npm","isoformat","0.2.1","1","hermes","ISC","not-required","not-required","not-required","required","bounded-decision",""
"0a75889bf96ba73b95f0f17baf14b27a9aeb4e469046fb0d4b32858e8fb5db0e","npm","its-fine","2.0.0","1","hermes","MIT","not-required","not-required","not-required","required","bounded-decision",""
"65495e5ec4a4bab1e434cead403d0ca0b4571867c9e00cad5e58b32593b118cf","npm","jiti","2.7.0","1","hermes","MIT","not-required","not-required","not-required","required","bounded-decision",""
"5d9bf99407b6d2fe85e25b73368a46d3a8c10dfa4348792f78813fe40c182e49","npm","jose","6.1.3","1","unify-core","MIT","not-required","not-required","not-required","required","bounded-decision",""
"6a940bc57b46a18ad50cb06fc3fec201d8af881b0a60915b01ce911c198d91d7","npm","js-tokens","4.0.0","1","hermes","MIT","not-required","not-required","not-required","required","bounded-decision",""
"d7e68dc25bb15adbe2beeb38462817d3d9bf728e9cacaa2c1c5ab170764885ce","npm","jsesc","3.1.0","1","hermes","MIT","not-required","not-required","not-required","required","bounded-decision",""
"4d26fef63f73ad2947176231e7c77bc16733871a5282d5fb26ae8595d6f88b7f","npm","json-buffer","3.0.1","1","hermes","MIT","not-required","not-required","not-required","required","bounded-decision",""
"da600b2ddf9b6d925ea6e9e4500d1d4653ef239ef4d32eaab6663e684b33e592","npm","json-parse-even-better-errors","5.0.0","1","hermes","MIT","not-required","not-required","not-required","required","bounded-decision",""
"c4ade05c59cb2509188cbcd3e0d77b2bdbf4769b7485f26e5b803718de0b3ef5","npm","json-schema-ref-resolver","3.0.0","2","hermes,unify-core","MIT","not-required","not-required","not-required","required","bounded-decision",""
"fbe1bad09da91f8d7a350e58fd23249124d396b1e05de5b4a4efb4aecc38291a","npm","json-schema-traverse","0.4.1","1","hermes","MIT","not-required","not-required","not-required","required","bounded-decision",""
"58aac2407ecca83b7339b6a97f7ae1e8d543f3241860d6c35ee013107cbc4e4f","npm","json-schema-traverse","1.0.0","2","hermes,unify-core","MIT","not-required","not-required","not-required","required","bounded-decision",""
"a4d8f0b5c607b21a9ad32540d832b60e76011cb6da7ea5cc56b3efb99d8146f5","npm","json-stable-stringify-without-jsonify","1.0.1","1","hermes","MIT","not-required","not-required","not-required","required","bounded-decision",""
"9b89d0d913340ffe17f69491d56a29285dbb9de75d0f4c02a9d4511b1c269dd5","npm","json-stringify-nice","1.1.4","1","hermes","ISC","not-required","not-required","not-required","required","bounded-decision",""
"df6db7aaca668f5e8439383e37fccd878e56bdc5f6e3880d132206c38a762d57","npm","json5","2.2.3","1","hermes","MIT","not-required","not-required","not-required","required","bounded-decision",""
"7e77335401c5b982f07f64520c6e5f8b303bd4c4850af7b0b6a75ca362718b71","npm","jsonparse","1.3.1","1","hermes","MIT","not-required","not-required","not-required","required","bounded-decision",""
"899c3a2582197ca529404e5cadfa3e422dc7a3177d5706938169cafb3a6e2856","npm","just-diff","6.0.2","1","hermes","MIT","not-required","not-required","not-required","required","bounded-decision",""
"184314b957b00b014ae2011baa602494e18d426d111c7be157688e0aba41eb2a","npm","just-diff-apply","5.5.0","1","hermes","MIT","not-required","not-required","not-required","required","bounded-decision",""
"8389d6ad97105d062e89e32c188697835995cabc5317cadae266a21061fbd6fb","npm","katex","0.16.47","1","hermes","MIT","not-required","not-required","not-required","required","bounded-decision",""
"cef2506d45fae1ad073be3bb1ab107e4198b7676ea498365789461fcc2a39eb2","npm","keyv","4.5.4","1","hermes","MIT","not-required","not-required","not-required","required","bounded-decision",""
"9bb73186b20ea75b1849f60f230920fb2b57b6956c0c67d5e3d92b1f82f75616","npm","launder","1.7.1","1","hermes","MIT","not-required","not-required","not-required","required","bounded-decision",""
"1a4e04f203586a45d0a43ae8c2971aec808b475bc0f6a83b08dbd3c77cec5122","npm","leva","0.10.1","1","hermes","MIT","not-required","not-required","not-required","required","bounded-decision",""
"f0de5c400ef971b213ef2a3dc599dad3a00466edda2910ebe6a6d1e2550008b1","npm","levn","0.4.1","1","hermes","MIT","not-required","not-required","not-required","required","bounded-decision",""
"f118606ca4de7c193abd3a791e002000e8fed6d1700e2b6b849e7cebcbd32562","npm","libnpmaccess","10.0.3","1","hermes","ISC","not-required","not-required","not-required","required","bounded-decision",""
"67367314970749b80d1f01fa31980740ba6c14df7604ae5345ec1cbd90ae5a8a","npm","libnpmdiff","8.1.10","1","hermes","ISC","not-required","not-required","not-required","required","bounded-decision",""
"7bc0d5cf5fca67e0ad3b7fcac52913843b4e008dd35c542a9e908de2eaa1bcc2","npm","libnpmexec","10.3.0","1","hermes","ISC","not-required","not-required","not-required","required","bounded-decision",""
"b22f198d798bb0d68d0c1e3aad7cf1b132c12eb5e2a3bcc9bc9d605b9ad8bfec","npm","libnpmfund","7.0.24","1","hermes","ISC","not-required","not-required","not-required","required","bounded-decision",""
"9b405e26bb8c2cea05db46bc31088d1a75bb2d56b8bf6f42ee500608d606e6cc","npm","libnpmorg","8.0.1","1","hermes","ISC","not-required","not-required","not-required","required","bounded-decision",""
"258134ca2d888073b75a80b9108a5849cb95fc5b992c91984ea838b74d34e225","npm","libnpmpack","9.1.10","1","hermes","ISC","not-required","not-required","not-required","required","bounded-decision",""
"e1a274f25b7c3ea492b3e1692e9939a7da76ef262c60abad534d0bcc82811704","npm","libnpmpublish","11.2.0","1","hermes","ISC","not-required","not-required","not-required","required","bounded-decision",""
"6ac1101721abda4feda9dacc4ebabed6a53819fa08bf74a9f678dc5bb4911065","npm","libnpmsearch","9.0.1","1","hermes","ISC","not-required","not-required","not-required","required","bounded-decision",""
"9dad6d7445fd67bcdb1b8258649f230db74da357422efaaf758263692e8cd2a9","npm","libnpmteam","8.0.2","1","hermes","ISC","not-required","not-required","not-required","required","bounded-decision",""
"b51c98aa932bd49fa1b2085e0cc9e25dbce32982c9848c898f00f8b2f7d339c7","npm","libnpmversion","8.0.4","1","hermes","ISC","not-required","not-required","not-required","required","bounded-decision",""
"4e279ba3f95ba8257da3aa34d1456688dd0e2ea6d993be90beb8de041cfa3736","npm","light-my-request","6.6.0","2","hermes,unify-core","BSD-3-Clause","not-required","not-required","not-required","required","bounded-decision",""
"daa7b6c25997febd249e4323e4b663dd6ca5c510e8b5c96a9f23d5cb7651b2ec","npm","lightningcss","1.32.0","1","hermes","MPL-2.0","required","not-required","not-required","required","bounded-decision",""
"98b7784d79bd10e340447bab8c3e3554ca0dd4e7c8bafa74aa21fa3f25defa21","npm","lightningcss","1.33.0","1","hermes","MPL-2.0","required","not-required","not-required","required","bounded-decision",""
"ac16be57b49d1facf2e4a05e8bbfcac93224cabc096110b7963a9f2eb6fcd5d4","npm","lightningcss-linux-x64-gnu","1.32.0","1","hermes","MPL-2.0","required","not-required","not-required","required","bounded-decision",""
"66260c818a79e348955ff697eeda3117873cdde76a62f3265c94305b40e807cd","npm","locate-path","5.0.0","1","hermes","MIT","not-required","not-required","not-required","required","bounded-decision",""
"904debe659b5acf20ae8c1f10ff8ecfa036ddce5c5747f8ea77ce5c07766a5b3","npm","locate-path","6.0.0","1","hermes","MIT","not-required","not-required","not-required","required","bounded-decision",""
"64a3164718f959e264be3d7e2cd8fd48c1e9e4346734d85a5e1a4d81927496a4","npm","lodash-es","4.18.1","1","hermes","MIT","not-required","not-required","not-required","required","bounded-decision",""
"052d1192b79292bb77e32c32f0d8215e02fce97ba0ce42c1b765ccea10e21150","npm","lodash.debounce","4.0.8","1","hermes","MIT","not-required","not-required","not-required","required","bounded-decision",""
"e768c30c2be1dbffbe845b98d3e0c468a847e90fe0187d33a242bd38388d84c2","npm","longest-streak","3.1.0","1","hermes","MIT","not-required","not-required","not-required","required","bounded-decision",""
"5f412a5caf994b13520a8e6f2c75ef536588824049dd138ab596e0ddddc28f14","npm","loose-envify","1.4.0","1","hermes","MIT","not-required","not-required","not-required","required","bounded-decision",""
"3fb05d3e382f482121003fa3a967353d0a76d644f50cfa8e5969a89bf8bd9a3f","npm","lru-cache","11.5.1","1","hermes","BlueOak-1.0.0","not-required","not-required","not-required","required","bounded-decision",""
"1a0f258c666cca9d687aaa79055dc240f52c92e0713e50c5167cf83e1bd0093f","npm","lru-cache","5.1.1","1","hermes","ISC","not-required","not-required","not-required","required","bounded-decision",""
"dd6d410366bd408d5f535b1f3a06df776307bf624c2747e823eb7b7097ac2fea","npm","lucide-react","0.577.0","1","hermes","ISC | MIT","not-required","not-required","not-required","required","bounded-decision",""
"e0de1a7cb620bfeaebea1ab6a6f71a0333f4f4f34f55c611f4a28f634ea8a6a4","npm","magic-string","0.30.21","1","hermes","MIT","not-required","not-required","not-required","required","bounded-decision",""
"2381043140d6cd5c88c91b9ba1083e121fafda2846c5f55c53032cb4b33cd806","npm","make-fetch-happen","15.0.6","1","hermes","ISC","not-required","not-required","not-required","required","bounded-decision",""
"dd9acffe09c132a633f3a620e78699b8cee8ee2bbebe860ec6334b7a8aeb7573","npm","mdast-util-from-markdown","2.0.3","1","hermes","MIT","not-required","not-required","not-required","required","bounded-decision",""
"4bbd95924713342cb17ee6a521cb599c5251b17b46ada1020944965808a5f3e3","npm","mdast-util-math","3.0.0","1","hermes","MIT","not-required","not-required","not-required","required","bounded-decision",""
"4940c91ec8f86c95f7a3b514d848aa56d9b0d6c2146a7f303e73fa3cb311cb14","npm","mdast-util-phrasing","4.1.0","1","hermes","MIT","not-required","not-required","not-required","required","bounded-decision",""
"07b693cc707a359dac4f3199271fb388cdbb0b33bcb396cd1c4d640dee7c2b93","npm","mdast-util-to-markdown","2.1.2","1","hermes","MIT","not-required","not-required","not-required","required","bounded-decision",""
"5a4c1ae23e81d0787cee03ad89ef19e556f7cb065665b5c414c479910e240b76","npm","mdast-util-to-string","4.0.0","1","hermes","MIT","not-required","not-required","not-required","required","bounded-decision",""
"ef11a5e30d667e65135740181d22e805871076745a4f8b3ffbf0b145295658da","npm","merge-value","1.0.0","1","hermes","MIT","not-required","not-required","not-required","required","bounded-decision",""
"dbad6ea8565f42d94290dce16e36af54d085fe8eb9ae47ea3d550f30d3375f83","npm","micromark","4.0.2","1","hermes","MIT","not-required","not-required","not-required","required","bounded-decision",""
"c4d3f43b0b0492256c5fb016ccf9eb11813cf628fb032efb7c73a2f99b491c19","npm","micromark-core-commonmark","2.0.3","1","hermes","MIT","not-required","not-required","not-required","required","bounded-decision",""
"c827ea552826fb14b4c0a8f5c016c8ab05435670f371960d4c4259ba2b32d323","npm","micromark-extension-math","3.1.0","1","hermes","MIT","not-required","not-required","not-required","required","bounded-decision",""
"e933de2ddb2d0807f2936c734390b2a4e488570441034547defcd68c030845d7","npm","micromark-factory-destination","2.0.1","1","hermes","MIT","not-required","not-required","not-required","required","bounded-decision",""
"39cf9355305c3d04e4c3619409ddaf6d83fe07154da1f4ee942d59ec74c62ccd","npm","micromark-factory-label","2.0.1","1","hermes","MIT","not-required","not-required","not-required","required","bounded-decision",""
"b6fb00151f4e3d2d75b7b4128f52a3b9f82fb2ce0b0d88a41390fb46e2cbaa8a","npm","micromark-factory-space","2.0.1","1","hermes","MIT","not-required","not-required","not-required","required","bounded-decision",""
"3dd20db6902a2b5a428519a9fa060b45c7bdeaaedd359d26075cca2a8bbdcf1c","npm","micromark-factory-title","2.0.1","1","hermes","MIT","not-required","not-required","not-required","required","bounded-decision",""
"f502d239d2852b7947f71b7c68f8b42dca65bfb84f972ea6fc01a28a2edfd181","npm","micromark-factory-whitespace","2.0.1","1","hermes","MIT","not-required","not-required","not-required","required","bounded-decision",""
"b51aaa249517f59535cb22bb88c7e069c4eb84f0d36fe284809a046dcd861cfd","npm","micromark-util-character","2.1.1","1","hermes","MIT","not-required","not-required","not-required","required","bounded-decision",""
"d769294e0e6c676102b700ad581dbba58a56aa7286110de9cc3a90b2e617751f","npm","micromark-util-chunked","2.0.1","1","hermes","MIT","not-required","not-required","not-required","required","bounded-decision",""
"6b75848636d88dd0045126cad693f43f5b727cac596ebe77942d10e2ae313799","npm","micromark-util-classify-character","2.0.1","1","hermes","MIT","not-required","not-required","not-required","required","bounded-decision",""
"9d56c29be24d2832d0c83357586bd7c840c8f350954b9d318069e312e956058e","npm","micromark-util-combine-extensions","2.0.1","1","hermes","MIT","not-required","not-required","not-required","required","bounded-decision",""
"3a4bb2160900e16a21fca378fc022c72c8aa9ffd6e801d4a2c766470a56e343e","npm","micromark-util-decode-numeric-character-reference","2.0.2","1","hermes","MIT","not-required","not-required","not-required","required","bounded-decision",""
"a4d59b7d702846f4a822507dee64525cadcee64c19ff014ecb3d5abe1b764100","npm","micromark-util-decode-string","2.0.1","1","hermes","MIT","not-required","not-required","not-required","required","bounded-decision",""
"4a742ccb5ee26d5c84d1b9db76cd2b75f7a6c9d8a88b7345480f6878d05a30f2","npm","micromark-util-encode","2.0.1","1","hermes","MIT","not-required","not-required","not-required","required","bounded-decision",""
"4578c451160a976bd8fe25ddce78a5e0313a28d44b3b56378962b19f59f30ac9","npm","micromark-util-html-tag-name","2.0.1","1","hermes","MIT","not-required","not-required","not-required","required","bounded-decision",""
"edbea7b4f4462d2e02df521e54105b71b53eda6676ecab845368a105a4a917a7","npm","micromark-util-normalize-identifier","2.0.1","1","hermes","MIT","not-required","not-required","not-required","required","bounded-decision",""
"c83ae6a54f3a44ecb0991275791ff839fa4e501b21914af90b543a2345a49d5b","npm","micromark-util-resolve-all","2.0.1","1","hermes","MIT","not-required","not-required","not-required","required","bounded-decision",""
"2013204ccaeb1a5e0b9bf1f8c9cb9e3dbd8ec3241c7fd41dd9f63f1123c07b82","npm","micromark-util-sanitize-uri","2.0.1","1","hermes","MIT","not-required","not-required","not-required","required","bounded-decision",""
"9d78501f5078989c34f0dd285c4e1beab4345c169fa74b7a9a8c39bb196a55e1","npm","micromark-util-subtokenize","2.1.0","1","hermes","MIT","not-required","not-required","not-required","required","bounded-decision",""
"5d537a1ccfc61abf144457e5c329c6bed1652aa5922bedfd809f39e8fa721cc6","npm","micromark-util-symbol","2.0.1","1","hermes","MIT","not-required","not-required","not-required","required","bounded-decision",""
"61a147ec6d1ee90b25fd50090c81fe82143b61e0c63d5f62409d2c88fb38c841","npm","micromark-util-types","2.0.2","1","hermes","MIT","not-required","not-required","not-required","required","bounded-decision",""
"e5675222606c1bc49eabd2ccc0b22deb29608b7bf54c317cac676a7d10a1b9d4","npm","mimic-fn","2.1.0","1","hermes","MIT","not-required","not-required","not-required","required","bounded-decision",""
"27660a3c59e0651e7cef97ba103232671db42f71333b19f0b289ce12606130d7","npm","minimatch","10.2.5","1","hermes","BlueOak-1.0.0","not-required","not-required","not-required","required","bounded-decision",""
"ea642c4362d1ceb5e77a4bc1e837eb5b2476309dc484f8d15e7cdf136055be93","npm","minimatch","10.2.6","1","hermes","BlueOak-1.0.0","not-required","not-required","not-required","required","bounded-decision",""
"c87cdf33544efc1cee867a75139ac50cfa8deea1a6e157aaefd14dd5d633fe53","npm","minipass","3.3.6","1","hermes","ISC","not-required","not-required","not-required","required","bounded-decision",""
"adfe6e5ffa31112ad15fc236876d74dc1d7e3d9b957ee395b313283b15f6841b","npm","minipass","7.1.3","1","hermes","BlueOak-1.0.0","not-required","not-required","not-required","required","bounded-decision",""
"c8ba3901490411da0c39c8b54f393d74b4c60388d5d6617e8fe81124eb6df5cd","npm","minipass-collect","2.0.1","1","hermes","ISC","not-required","not-required","not-required","required","bounded-decision",""
"bf7838d1c311fe1be257655c3d7658aeb4fdb676c32bfd41cf3980a8fdd5b017","npm","minipass-fetch","5.0.2","1","hermes","MIT","not-required","not-required","not-required","required","bounded-decision",""
"57af37a637750a689d93b4bc6b4975117968fa90c5e441d1d55685f44fb10e53","npm","minipass-flush","1.0.6","1","hermes","BlueOak-1.0.0","not-required","not-required","not-required","required","bounded-decision",""
"a095a61f5d5eeb6b1465dd6b72066065b2a90d7a5f5366ea2e5c599277320eb8","npm","minipass-pipeline","1.2.4","1","hermes","ISC","not-required","not-required","not-required","required","bounded-decision",""
"dd19cd24391ab59b76c8ef9b45b5fcafe9b31d926285c6569f22c8a2d1093ee8","npm","minipass-sized","2.0.0","1","hermes","ISC","not-required","not-required","not-required","required","bounded-decision",""
"ea0a6006b73fa742190a92c09c4800de42815c9bd5d3e97178d15da1d69e0e0e","npm","minizlib","3.1.0","1","hermes","MIT","not-required","not-required","not-required","required","bounded-decision",""
"f2424bd3f1e4c49e1bd55b4b6f915fa47ec5918a363dc3b4d7fb1d722c075a7b","npm","mixin-deep","1.3.2","1","hermes","MIT","not-required","not-required","not-required","required","bounded-decision",""
"4b53c27fa46a823a2b2eac18692b8086d08e48653b681665dc87b7df775d7ad8","npm","motion","12.42.2","1","hermes","MIT","not-required","not-required","not-required","required","bounded-decision",""
"ab83bd90f38c5af6f2b3e6d67f6e9d11fd81a48aee6af23931c15e76c036b1d9","npm","motion-dom","12.42.2","1","hermes","MIT","not-required","not-required","not-required","required","bounded-decision",""
"3b855da474cfdfecbafa307d399d5bc362413f12e900b584d71d6e0d7429784f","npm","motion-utils","12.39.0","1","hermes","MIT","not-required","not-required","not-required","required","bounded-decision",""
"0ce79623999dab90dac72d946c5f06fcec64e637894f07c77e49e7390e5c7a4b","npm","ms","2.1.3","1","hermes","MIT","not-required","not-required","not-required","required","bounded-decision",""
"584d35ed38223e2143cedf0911865f52cbaa8fba337aaf96e0bfe8392c2f87ad","npm","ms","2.1.3","1","hermes","MIT","not-required","not-required","not-required","required","bounded-decision",""
"46fc0ab984837e9e967b4663bad3de3c932a54129e16c1b5961ca3d74cd7b37b","npm","mute-stream","3.0.0","1","hermes","ISC","not-required","not-required","not-required","required","bounded-decision",""
"b394c64926d0ce195ba67dec4b43866593f284b5fe1fbd7544eda928359b8c68","npm","nanoid","3.3.16","1","hermes","MIT","not-required","not-required","not-required","required","bounded-decision",""
"1b8ba318e27c4e8a27af8558980b2218e7f2c05b6e4edaa6092c8de70a77da9d","npm","nanostores","1.4.0","1","hermes","MIT","not-required","not-required","not-required","required","bounded-decision",""
"1f2fad5368341fa5acce9c636cd3a758a4df2a746882b34a375ffde4cfb613db","npm","natural-compare","1.4.0","1","hermes","MIT","not-required","not-required","not-required","required","bounded-decision",""
"7c58b6cac1a126d869f0803a1db1b47c16074c7a804900cc1d82ed51286d077c","npm","natural-orderby","5.0.0","1","hermes","MIT","not-required","not-required","not-required","required","bounded-decision",""
"81db509354a7d7da165f37b1a959b853b73f23ca3dc8a0d4a4d14ea12cbd79b8","npm","negotiator","1.0.0","1","hermes","MIT","not-required","not-required","not-required","required","bounded-decision",""
"09270fb2e204b4ee6ac26bbf3451d0bd752c297741231db0506ae73c4d87e18e","npm","node-gyp","12.4.0","1","hermes","MIT","not-required","not-required","not-required","required","bounded-decision",""
"deda27fb76f728584050bd96abc603eed0b9f6be609042612e8d04b91788f239","npm","node-releases","2.0.51","1","hermes","MIT","not-required","not-required","not-required","required","bounded-decision",""
"5d2780e78eb7c9fa9bebea71d3bf5ac1ba91f96191e5ee13b2f754fe92137f58","npm","nopt","9.0.0","1","hermes","ISC","not-required","not-required","not-required","required","bounded-decision",""
"1dd821e899ae49f193c1312880e7dfeb9b9c581f5e35f9be99914156086955c6","npm","npm","11.17.0","1","hermes","Artistic-2.0","blocked","blocked","blocked","required","open-review","unresolved-licence-scope"
"87f821df9cbb73f0b9a72e95f48213af9dd6a26b9b2719b26969e2b67890c8ca","npm","npm-audit-report","7.0.0","1","hermes","ISC","not-required","not-required","not-required","required","bounded-decision",""
"1d3a8c53147ad679470ab29be07d5af50aa440b719d5228e86146ff98d7007ce","npm","npm-bundled","5.0.0","1","hermes","ISC","not-required","not-required","not-required","required","bounded-decision",""
"17a34a48f4233e3060d49101a110445de06845b98b4f82e07b73ae370cc43d26","npm","npm-install-checks","8.0.0","1","hermes","BSD-2-Clause","not-required","not-required","not-required","required","bounded-decision",""
"065744fd012cfb231473a618a558f8122a0cf2a44568d4d6df7984c8b82449d6","npm","npm-normalize-package-bin","5.0.0","1","hermes","ISC","not-required","not-required","not-required","required","bounded-decision",""
"6c30efaeb11a34914b7340bf56f4783071ceca9fee31f1ef6adb588b0aeb02f7","npm","npm-package-arg","13.0.2","1","hermes","ISC","not-required","not-required","not-required","required","bounded-decision",""
"a9bdb17dbfc9d73638d8918d496615119c1b747b9c8feb0fce7e1a22b54f6604","npm","npm-packlist","10.0.4","1","hermes","ISC","not-required","not-required","not-required","required","bounded-decision",""
"61d0bda0b0ec9d89af90187eaf38e8d3ff4c3dce343b5d2ddac30652b8bc691e","npm","npm-pick-manifest","11.0.3","1","hermes","ISC","not-required","not-required","not-required","required","bounded-decision",""
"a9d8d377db54646d202cd83ffe0f00421a8cfb38887999c36c21f1cff52f76e7","npm","npm-profile","12.0.1","1","hermes","ISC","not-required","not-required","not-required","required","bounded-decision",""
"23c59e529b3708c1439d3f747f85f8e3c2e80a0b9f74f71b31ffc8ec201c59ab","npm","npm-registry-fetch","19.1.1","1","hermes","ISC","not-required","not-required","not-required","required","bounded-decision",""
"cafb51e354805974eeaa5b25127ddb27219bb35f4cc1ce58844bdaf5b62e7605","npm","npm-user-validate","4.0.0","1","hermes","BSD-2-Clause","not-required","not-required","not-required","required","bounded-decision",""
"54bc4d05be1a5dbd5b558aab3e94c380854d0181c14d8e3319e7df9ff9e760d9","npm","object-assign","4.1.1","1","hermes","MIT","not-required","not-required","not-required","required","bounded-decision",""
"c4277c9a0f5da69536d91c998fee8902d7648b3fceac6bc909cc0c88439b8199","npm","obug","2.1.4","1","hermes","MIT","not-required","not-required","not-required","required","bounded-decision",""
"ac4bb17abe47cfac3dc37ceb01d88d721e3bab4bb00f2ca012118f848cae73d9","npm","on-exit-leak-free","2.1.2","2","hermes,unify-core","MIT","not-required","not-required","not-required","required","bounded-decision",""
"aca730d02571ee1d73d61854a70cdc8b81a1da3b889225edef99ea0f38f360d3","npm","onetime","5.1.2","1","hermes","MIT","not-required","not-required","not-required","required","bounded-decision",""
"1e523e0ae149b54fc7979ff9d0cd9d04f1d27cd24f4cffbfffe64601d3833801","npm","optionator","0.9.4","1","hermes","MIT","not-required","not-required","not-required","required","bounded-decision",""
"811590ee2f241827ca73a4d818269f5796b17d21d787eaa83b307e6d3828f5cf","npm","p-limit","2.3.0","1","hermes","MIT","not-required","not-required","not-required","required","bounded-decision",""
"907605a97e2bf5456c28d840268e00142ad70c31bc7f4fc7edbe109a768d21ae","npm","p-limit","3.1.0","1","hermes","MIT","not-required","not-required","not-required","required","bounded-decision",""
"238f66b86d6f21d43ea1c89ce88e22219abc260d8ae9dee5ae64e08873146d75","npm","p-locate","4.1.0","1","hermes","MIT","not-required","not-required","not-required","required","bounded-decision",""
"d2d2effc3d3434c6d8d9417486b0b428cc94f617b2d078e17716e82b5eb9ce0b","npm","p-locate","5.0.0","1","hermes","MIT","not-required","not-required","not-required","required","bounded-decision",""
"45ddf28b30bfb208d56e66bc40d54ba0e7d58836b7180711e3c031cf98241331","npm","p-map","7.0.4","1","hermes","MIT","not-required","not-required","not-required","required","bounded-decision",""
"573ccaac798c4bb57707c393b7ae8349bd224c789a8a17661962a97aa0014aba","npm","p-try","2.2.0","1","hermes","MIT","not-required","not-required","not-required","required","bounded-decision",""
"86096a44d727c38ef8de8ef9a18dbf87e67a10536d322ef21787e1f095cad808","npm","pacote","21.5.1","1","hermes","ISC","not-required","not-required","not-required","required","bounded-decision",""
"8cc8a0cd720cabf5ed62aae6f7e4c84507fd3ccce75d9e7c83527d27591b53c3","npm","parse-conflict-json","5.0.1","1","hermes","ISC","not-required","not-required","not-required","required","bounded-decision",""
"ad3fcfba31dba4f4ab75f5a54d9637348be74402398b8c002d30f39be8c57805","npm","parse-srcset","1.0.2","1","hermes","MIT","not-required","not-required","not-required","required","bounded-decision",""
"80a87156a95e12f0f3877dd9998563511c9016b42463ea2ad292e98d0f7ee1c9","npm","parse5","7.3.0","1","hermes","MIT","not-required","not-required","not-required","required","bounded-decision",""
"fdc495dbc3e921f31769c535e72f5a68db9d46ef129281a26dd47f7223994dc6","npm","patch-console","2.0.0","1","hermes","MIT","not-required","not-required","not-required","required","bounded-decision",""
"48d0348348a5bdffcbc45cfc8ca977c91b246d99e966c367417c89a8dc92303f","npm","path-exists","4.0.0","1","hermes","MIT","not-required","not-required","not-required","required","bounded-decision",""
"7b1a6ce6be3402752a885ce120beff17f9125f49e695155d8844a0ed1ea5bb3d","npm","path-key","3.1.1","1","hermes","MIT","not-required","not-required","not-required","required","bounded-decision",""
"1117f40ca402e4cfc40cdbc98afeb06d26c6be3f53d525485dd320d5453b85a2","npm","path-scurry","2.0.2","1","hermes","BlueOak-1.0.0","not-required","not-required","not-required","required","bounded-decision",""
"842c07826a754bff8e331babb96292e1645d2d745b3d81152d1bb915d0876d00","npm","pathe","2.0.3","1","hermes","MIT","not-required","not-required","not-required","required","bounded-decision",""
"4f5a04e2da3e917010759a3a1f4155d928ee3b19e7d3c01a07b93f4620645046","npm","pg","8.22.0","2","hermes,unify-core","MIT","not-required","not-required","not-required","required","bounded-decision",""
"f7f132359f88aee7ab70b26253be9dd4bf230e7f99384238582785e6861ac11f","npm","pg-cloudflare","1.4.0","2","hermes,unify-core","MIT","not-required","not-required","not-required","required","bounded-decision",""
"70567bd91646440112799b1086522ccf6c2e7f73b1b08bed0fc5199da3daae8d","npm","pg-connection-string","2.14.0","2","hermes,unify-core","MIT","not-required","not-required","not-required","required","bounded-decision",""
"a15dd02ca1ee5e96605cbeb2e64d88f333c836273d6e2a87827609826781dff0","npm","pg-int8","1.0.1","2","hermes,unify-core","ISC","not-required","not-required","not-required","required","bounded-decision",""
"e0a9b6e0e39e522683c26de536f41385c2d09728c3eec3db230e03e4f20f9158","npm","pg-pool","3.14.0","2","hermes,unify-core","MIT","not-required","not-required","not-required","required","bounded-decision",""
"d3210e5b10f43285cecab23cf0739407d682a2cb149a3e1797cf773eb7d4bb69","npm","pg-protocol","1.15.0","2","hermes,unify-core","MIT","not-required","not-required","not-required","required","bounded-decision",""
"e7f684b6fff6a2a281f639853e424c2267750867014261795973aa466a06aabf","npm","pg-types","2.2.0","2","hermes,unify-core","MIT","not-required","not-required","not-required","required","bounded-decision",""
"1bf7fb18ce9ed9de677506ce3e06baf87551e5646e8fbb2f40b81c3e1a626cc7","npm","pgpass","1.0.5","2","hermes,unify-core","MIT","not-required","not-required","not-required","required","bounded-decision",""
"6fd1bd26d0c82cb8c48754cf5360377e698919613858fb20523434961e289fe8","npm","picocolors","1.1.1","1","hermes","ISC","not-required","not-required","not-required","required","bounded-decision",""
"a72ab679c2c33e632864e74e37c157e25ed511b22239ffaaf1c24975c1a507f5","npm","picomatch","4.0.4","1","hermes","MIT","not-required","not-required","not-required","required","bounded-decision",""
"0590386c9616d44dc6bce3bc2f56b58db3d4c716d4aeeac74b03dffca4317d30","npm","picomatch","4.0.5","1","hermes","MIT","not-required","not-required","not-required","required","bounded-decision",""
"eac29b66eeab4710df0b5e96657d8f6bf5b85eed27a9d56c5efe25d93540100a","npm","pino","10.3.1","2","hermes,unify-core","MIT","not-required","not-required","not-required","required","bounded-decision",""
"8cc6373b3e05f53a6064489c6257dad2462fffaa9fe665add2bc9a4bacd907b7","npm","pino-abstract-transport","3.0.0","2","hermes,unify-core","MIT","not-required","not-required","not-required","required","bounded-decision",""
"9908a7ebdcc46803a26eda62799f9aec97d50fcf169c5a5f697a4fd5a694f8a6","npm","pino-std-serializers","7.1.0","2","hermes,unify-core","MIT","not-required","not-required","not-required","required","bounded-decision",""
"d280c345e5ebd881682a43b2b83ad20aa1837f1b2e03bb1f88a5fe38102007f4","npm","pngjs","5.0.0","1","hermes","MIT","not-required","not-required","not-required","required","bounded-decision",""
"0b450e9abfbd57ee218ccda139ea57b65291c22c678c044176e6421c04a2190b","npm","postcss","8.5.25","1","hermes","MIT","not-required","not-required","not-required","required","bounded-decision",""
"b687cab077ca724b72184ed239d23c5720a33b7008df2a0c91c59635d1d150f2","npm","postcss-selector-parser","7.1.4","1","hermes","MIT","not-required","not-required","not-required","required","bounded-decision",""
"f1f0a4652e0db3c9bec836302a19f44e714e9621e7e3840c3a221ff70ad0ae3a","npm","postgres-array","2.0.0","2","hermes,unify-core","MIT","not-required","not-required","not-required","required","bounded-decision",""
"b6981cc8a621398982229fe8e1ce44adffe548cf51ea866e1978791ade5d6b23","npm","postgres-bytea","1.0.1","2","hermes,unify-core","MIT","not-required","not-required","not-required","required","bounded-decision",""
"d1c836d8f7162d8628e5592c3fd16edf8805916a2d08f9791ff4c7b3364dd845","npm","postgres-date","1.0.7","2","hermes,unify-core","MIT","not-required","not-required","not-required","required","bounded-decision",""
"0dee552eaaf9bd71dc946dfdc58ad00cd30019e105727279a9534bc7cdfda589","npm","postgres-interval","1.2.0","2","hermes,unify-core","MIT","not-required","not-required","not-required","required","bounded-decision",""
"5f2d3cf2956083540fb24b71d2102320575032f9025e09f6a310ea45a60eab4d","npm","prelude-ls","1.2.1","1","hermes","MIT","not-required","not-required","not-required","required","bounded-decision",""
"8dc1e9e5cf279181119217597af6224630e6aa857cbdf84c9fbbb794938f353d","npm","prettier","3.9.5","1","hermes","MIT","blocked","blocked","blocked","required","open-review","additional-notice-terms-scope-review"
"f738077786c13b1e43830abac301fa3e7eae178ed815701a68ca489ab7637374","npm","proc-log","6.1.0","1","hermes","ISC","not-required","not-required","not-required","required","bounded-decision",""
"74d6d1a65f908931001b77c1285f8ea6530e16f2f5a7b921a86d13e2060dcf6e","npm","process-warning","4.0.1","2","hermes,unify-core","MIT","not-required","not-required","not-required","required","bounded-decision",""
"192f43a2785f8e06a05e6b75467d22ff89d86d2b971b1f5b65076995481e4dca","npm","process-warning","5.0.0","2","hermes,unify-core","MIT","not-required","not-required","not-required","required","bounded-decision",""
"ca657a8a8b3cfcca229ee63e15f7ea5b7dc88394d4519c2ad4e3dc7984d6bb56","npm","proggy","4.0.0","1","hermes","ISC","not-required","not-required","not-required","required","bounded-decision",""
"f407e935e05524716751376798a26b75c5da8e1fd8a1d5d7f29a3d006a9e9f5c","npm","promise-all-reject-late","1.0.1","1","hermes","ISC","not-required","not-required","not-required","required","bounded-decision",""
"648b691b44c6368e50b451bf4755ae481a1ef5c2bc9d02db8265592d3397af91","npm","promise-call-limit","3.0.2","1","hermes","ISC","not-required","not-required","not-required","required","bounded-decision",""
"23552e51226df8f9d1486319c572af2792d8ade77347ec99ef6a7c7cb2564b91","npm","promzard","3.0.1","1","hermes","ISC","not-required","not-required","not-required","required","bounded-decision",""
"eef5859cc92c9c683a599ead39a305eb069015bffdc8bd52cf16dbca8fc43362","npm","prop-types","15.8.1","1","hermes","MIT","not-required","not-required","not-required","required","bounded-decision",""
"cbebeabb17a0198e046ace3c1dc65ce7acdd8b6a88e97d41573f7a480464937d","npm","property-information","7.2.0","1","hermes","MIT","not-required","not-required","not-required","required","bounded-decision",""
"3d892fe77973bcae7e0fc1982c3506ae98b86e3c501bd27218b6caa59a347f71","npm","punycode","2.3.1","1","hermes","MIT","not-required","not-required","not-required","required","bounded-decision",""
"ec81acd63ad8506a97559d8f56a378f980c128c414ba365022336bd232b60c34","npm","qrcode","1.5.4","1","hermes","MIT","not-required","not-required","not-required","required","bounded-decision",""
"a08e14b00e388adaeb8f277730c09b57b59f18c68280c7b02117c884f58131d0","npm","qrcode-terminal","0.12.0","1","hermes","Apache-2.0","not-required","not-required","not-required","required","bounded-decision",""
"ef3a2422e6a865c0ce5c7c732fcd1c279bf8f44ead5618f569fd8259148b671c","npm","quick-format-unescaped","4.0.4","2","hermes,unify-core","MIT","not-required","not-required","not-required","required","bounded-decision",""
"eae5a4246d0945590de4a585ccc4188462e07c4fd18b59ebc223ff8a38e29e7b","npm","radix-ui","1.6.7","1","hermes","MIT","not-required","not-required","not-required","required","bounded-decision",""
"f23b9e5cef5b4da6112ce2786b05c1af7e4afc1485ba35fdd26a6173181bd1dc","npm","react","19.2.7","1","hermes","MIT","not-required","not-required","not-required","required","bounded-decision",""
"52ed5f3bd89825c3ae6fb96179090c28a1ebfb60804a66d7bf0927b69a08f6c0","npm","react-colorful","5.8.0","1","hermes","MIT","not-required","not-required","not-required","required","bounded-decision",""
"ff7876897062bc2ed91902ccc22b9502a316542ec3b1e8f1c978b655436ddf1c","npm","react-dom","19.2.7","1","hermes","MIT","not-required","not-required","not-required","required","bounded-decision",""
"6d4556b9c71fd82cd1d843f66a0a8584ec50c6a415b71837669e22c4c04ad529","npm","react-dropzone","12.1.0","1","hermes","MIT","not-required","not-required","not-required","required","bounded-decision",""
"718972f2c5aa609dec0a4c3ca4f437cb7dcfffb0ae42b6dcd4e04cfb44ea6a3f","npm","react-is","16.13.1","1","hermes","MIT","not-required","not-required","not-required","required","bounded-decision",""
"4bde9bd8f1eb29b416cd6fe93e56649a936f1ab07743dc38811879685ed7e3de","npm","react-reconciler","0.33.0","1","hermes","MIT","not-required","not-required","not-required","required","bounded-decision",""
"442401598c9d58c20d3ee4951f0582087499c485b0114e791d127e4493e63190","npm","react-remove-scroll","2.7.2","1","hermes","MIT","not-required","not-required","not-required","required","bounded-decision",""
"9702ba17cfdb559726000a400edaa549e509f1e3b23ac5b46510917807ca79bd","npm","react-remove-scroll-bar","2.3.8","1","hermes","MIT","not-required","not-required","not-required","required","bounded-decision",""
"4a355ad4ed7e1ed29ca06e7d28cd3449726f2e47e5295aeb399afec639084f5a","npm","react-router","8.3.0","1","hermes","MIT","not-required","not-required","not-required","required","bounded-decision",""
"40b8a8d716642c9a294616191be403fd6909bf6d8bb56c08177705c2af2ae2f7","npm","react-style-singleton","2.2.3","1","hermes","MIT","not-required","not-required","not-required","required","bounded-decision",""
"53ad6862572fc0292c54600f4f3dc16c9c64cafabd2830599a22da5793154ed6","npm","react-use-measure","2.1.7","1","hermes","MIT","not-required","not-required","not-required","required","bounded-decision",""
"5baba70962d63caebcde91b3e5af3664dc24f2e72de97604ec98a407979abff4","npm","read","5.0.1","1","hermes","ISC","not-required","not-required","not-required","required","bounded-decision",""
"0b774fd1b00deae63b1ed13539afa90445a5c65e266f09ac0a5f32330d20d9ee","npm","read-cmd-shim","6.0.0","1","hermes","ISC","not-required","not-required","not-required","required","bounded-decision",""
"583bbd337f5d1a48bf3742026ff8fffd97c1f0d63715b7557a62d3a078213825","npm","real-require","0.2.0","2","hermes,unify-core","MIT","not-required","not-required","not-required","required","bounded-decision",""
"04a308c1698e2fb550ba53ae6d3489f04526236a17ecdca0f4bf3b09eb48e031","npm","real-require","1.0.0","2","hermes,unify-core","MIT","not-required","not-required","not-required","required","bounded-decision",""
"7f0c9ab7323ece3f840104603194ad7a9bf1f94c8bad0d7a4602d76a9f15505e","npm","rehype-katex","7.0.1","1","hermes","MIT","not-required","not-required","not-required","required","bounded-decision",""
"3bd34e81230e400771c6f7d89fc64d2e5fdc19c9aeb599ddd7fcd871a9a79c8a","npm","remark-math","6.0.0","1","hermes","MIT","not-required","not-required","not-required","required","bounded-decision",""
"24683e082074e52489589adf5adc2ce2876be3779a0e36a390f69287781ac570","npm","require-directory","2.1.1","1","hermes","MIT","not-required","not-required","not-required","required","bounded-decision",""
"1aa6e1b9ac8d235d62249eb840470dd6f8a9c1f0f72973b8509db07c655988b4","npm","require-from-string","2.0.2","3","hermes,unify-core","MIT","not-required","not-required","not-required","required","bounded-decision",""
"39072bc14b2485ba6d34e7b28065aebcd072d0a36835f883baef09527432f85f","npm","require-main-filename","2.0.0","1","hermes","ISC","not-required","not-required","not-required","required","bounded-decision",""
"67f65a59c43bff18cabe6c1f0b26c433f283883eb55de6774a023e5b8909c26f","npm","restore-cursor","4.0.0","1","hermes","MIT","not-required","not-required","not-required","required","bounded-decision",""
"2da5b93cfbba9942d86cc6fca249611d0039a33939d143cea3cf4c18805b215b","npm","ret","0.5.0","2","hermes,unify-core","MIT","not-required","not-required","not-required","required","bounded-decision",""
"e3fc75d72094a4f561563525a5c524127148f1e561219ad8ff8bd704f4de5f57","npm","reusify","1.1.0","2","hermes,unify-core","MIT","not-required","not-required","not-required","required","bounded-decision",""
"f42b70167f845ab30b4943df4619f957ef12dd800302a82720630f6fb24c8138","npm","rfdc","1.4.1","2","hermes,unify-core","MIT","not-required","not-required","not-required","required","bounded-decision",""
"31d8729cc4ce0bdb012c1076035a7d58c06932c2438952ea83dbc6e82f7687db","npm","robust-predicates","3.0.3","1","hermes","Unlicense","not-required","not-required","not-required","required","bounded-decision",""
"d280543ecfbb0cc2fb8cf5d0d9d61085ec1c00385562e430c18652dbc5664ad4","npm","rolldown","1.2.1","1","hermes","MIT","not-required","not-required","not-required","required","bounded-decision",""
"52731025df9df1b9f2a315a5b24817df892179bd34faea16231b298f41f00761","npm","rw","1.3.3","1","hermes","BSD-3-Clause","not-required","not-required","not-required","required","bounded-decision",""
"cea5a9323d77881904317d6370b802c4b1cad6b488ba38cdb42fb269f629d6d6","npm","safe-regex2","5.1.1","2","hermes,unify-core","MIT","not-required","not-required","not-required","required","bounded-decision",""
"ed4e5f4ad68576aaa2bbfdb0c04797ca405a42d4df6caa8f6f549e845bf0a0e4","npm","safe-stable-stringify","2.5.0","2","hermes,unify-core","MIT","not-required","not-required","not-required","required","bounded-decision",""
"5be2cf423b7c9bcaf319132010a992c554dd473f14198c6162f3f01317fb0bee","npm","safer-buffer","2.1.2","1","hermes","MIT","not-required","not-required","not-required","required","bounded-decision",""
"bda77ef46d1eb7e40f057ae957371d36f8fd498f6ca73922fd297deed200e7f3","npm","safer-buffer","2.1.2","1","hermes","MIT","not-required","not-required","not-required","required","bounded-decision",""
"1d9a0b8e1f2f5b67a219d5fb3f733ebcc83ff6eaaeeecc42d9b32bb29bd4d8bd","npm","sanitize-html","2.17.6","1","hermes","MIT","not-required","not-required","not-required","required","bounded-decision",""
"32c1b7130b6ae012ed948165cddb93d34a0d117d522af671f15644f18a940b98","npm","scheduler","0.27.0","1","hermes","MIT","not-required","not-required","not-required","required","bounded-decision",""
"2daccebcb8dcd17c77a3bc50b530a778602c81073278feb7d150fd1de8a738c2","npm","secure-json-parse","4.1.0","2","hermes,unify-core","BSD-3-Clause","not-required","not-required","not-required","required","bounded-decision",""
"7a14f0fa07b48e7f7437973ad461c65d1f533c83942017e799c7f37ecd89e9bf","npm","semver","6.3.1","1","hermes","ISC","not-required","not-required","not-required","required","bounded-decision",""
"9f8fabe685913fa79ba4ddd703a698a0281ed026951e6bc0d5cb544a7c8e57cc","npm","semver","7.8.4","1","hermes","ISC","not-required","not-required","not-required","required","bounded-decision",""
"165f1241d7d778e7a1e73b0fad16789373e409d1270ca3896e5d9707964c7e6e","npm","semver","7.8.5","4","hermes,unify-core","ISC","not-required","not-required","not-required","required","bounded-decision",""
"6a028887d87130701a260bf065297648c78e32dec41efbf65453e758a37e26a8","npm","set-blocking","2.0.0","1","hermes","ISC","not-required","not-required","not-required","required","bounded-decision",""
"2d10aab8f9ca0cfe6d5cfaccc4566cbe90794329aaa87e77b49c236c07d36cd0","npm","set-cookie-parser","2.7.2","2","hermes,unify-core","MIT","not-required","not-required","not-required","required","bounded-decision",""
"e5dfa4868bd484c4cf32fddbe4e76cba15373a137c16bd8c3e498cd20f54c8cf","npm","set-value","2.0.1","1","hermes","MIT","not-required","not-required","not-required","required","bounded-decision",""
"b38f4f0e44f76e37c23b07340cebba528e122cae1717a0cfface400c6d17eac5","npm","shebang-command","2.0.0","1","hermes","MIT","not-required","not-required","not-required","required","bounded-decision",""
"266fd241052c1dbc0b9511d07fa97af5f7c2f6bb951fee2c90c062914a975589","npm","shebang-regex","3.0.0","1","hermes","MIT","not-required","not-required","not-required","required","bounded-decision",""
"ecaebcbc2d2d6312ec5224b875f30362529c0bb1a5218af13f76d9a5609cf30f","npm","siginfo","2.0.0","1","hermes","ISC","not-required","not-required","not-required","required","bounded-decision",""
"3e011598c944e6138d43da15e6cebf7170a756042023a17b68a97ff68d80ef7f","npm","signal-exit","3.0.7","2","hermes","ISC","not-required","not-required","not-required","required","bounded-decision",""
"961e72c347a040cc4b815b62ca93c2ced95a2ce9a0d05c031623fd2862e5a862","npm","signal-exit","4.1.0","1","hermes","ISC","not-required","not-required","not-required","required","bounded-decision",""
"b1dd8cbaaf0b7bfefb948eb0c3edb200c3b1a356f626961b264346d67471b8d5","npm","signal-exit","4.1.0","1","hermes","ISC","not-required","not-required","not-required","required","bounded-decision",""
"4cf5bb3fa530cbb5a528e374dfe10f27b1e8aeec77cde6341d70e47adbbadd52","npm","sigstore","4.1.1","1","hermes","Apache-2.0","not-required","not-required","not-required","required","bounded-decision",""
"4bd50a648b74fe9145ad57096c77ceca6117408c6c08e141b783514ff847cc2a","npm","slice-ansi","9.0.0","1","hermes","MIT","not-required","not-required","not-required","required","bounded-decision",""
"aaeb0c5262ba57fe3e4fe72cce761898019a8ec6558d6528375bd9c91f0344aa","npm","smart-buffer","4.2.0","1","hermes","MIT","not-required","not-required","not-required","required","bounded-decision",""
"24efbc2ec812c5d4dc756688d2f65dec0c629836b300a240231192d093da86f8","npm","socks","2.8.9","1","hermes","MIT","not-required","not-required","not-required","required","bounded-decision",""
"77137832985421f38a4da52ea722cfb3f21cab1cfc3734414e67fc05c744af14","npm","socks-proxy-agent","8.0.5","1","hermes","MIT","not-required","not-required","not-required","required","bounded-decision",""
"e50cfc031d8e40c49d0ab8dc6755b92bf68785e1dbeb27ec0f81821ab30a3247","npm","sonic-boom","4.2.1","2","hermes,unify-core","MIT","not-required","not-required","not-required","required","bounded-decision",""
"97ee0b86f418b3d167546130600818506efb2e38c0c18841165c66eccb5fef95","npm","source-map-js","1.2.1","1","hermes","BSD-3-Clause","not-required","not-required","not-required","required","bounded-decision",""
"a08f0d2d97fa3aafbb620169645b56e228f424f6635e72dc78c220e06dac1122","npm","space-separated-tokens","2.0.2","1","hermes","MIT","not-required","not-required","not-required","required","bounded-decision",""
"2e48d8b50a58c43796e128dcba3041bd55dddc27c0aa7473065462fef728227a","npm","spdx-exceptions","2.5.0","1","hermes","CC-BY-3.0","not-required","not-required","not-required","required","open-review","content-licence-scope"
"20d446ec2219973d5df4e43b4193886aa3da815f6107e3fdfd00fe587d115a47","npm","spdx-expression-parse","4.0.0","1","hermes","MIT","not-required","not-required","not-required","required","bounded-decision",""
"f7ba91655fe7998f42d7ce4dc8c2adc8da44033fd0492eecb89bac119e01ab0c","npm","spdx-license-ids","3.0.23","1","hermes","CC0-1.0","not-required","not-required","not-required","required","bounded-decision",""
"a61dd599a55125f94c2d333d02c224a7cf430d113125b8af51cc8691371ee3cc","npm","split-string","3.1.0","1","hermes","MIT","not-required","not-required","not-required","required","bounded-decision",""
"b412ca5ea343d5510b50ba5c3c207e00b9fc6352db88d8ed578e64cab15e79a1","npm","split2","4.2.0","2","hermes,unify-core","ISC","not-required","not-required","not-required","required","bounded-decision",""
"35a0db2b103fd81dcc4abfd20d77baa7a6f8108d1b3440188d91eae6f0dc6306","npm","ssri","13.0.1","1","hermes","ISC","not-required","not-required","not-required","required","bounded-decision",""
"9148760cf5a5d717c0821baec50a6c8c6d7ce012e9d1d109ac9497bfda27726a","npm","stack-utils","2.0.6","1","hermes","MIT","not-required","not-required","not-required","required","bounded-decision",""
"9f01740033d8dc8b9916638d4ca845d24b5ecf649a11e65929bff923189c38e3","npm","stackback","0.0.2","1","hermes","MIT","not-required","not-required","not-required","required","bounded-decision",""
"8c7764b324c8e61fb9f8e095473c536d321cd0b141d413fcd87347651832bc63","npm","std-env","4.2.0","1","hermes","MIT","not-required","not-required","not-required","required","bounded-decision",""
"bf111c926b757b1bde56c2becbce0e6dbd73a7ceb26d30a7fd9901b4346ea242","npm","string-width","4.2.3","1","hermes","MIT","not-required","not-required","not-required","required","bounded-decision",""
"f79c2797db6f28665605878bb8b128789de1540ab62cce263511881cb05a66a6","npm","string-width","7.2.0","1","hermes","MIT","not-required","not-required","not-required","required","bounded-decision",""
"c29607186cd760705877154a5c2cf27106c197d65bae4a34f350b982a7f61dfc","npm","string-width","8.2.2","1","hermes","MIT","not-required","not-required","not-required","required","bounded-decision",""
"1d4f5cd9b93609c64aba88354c506a053e2106bcc6e7e865d491a98ae08ee28a","npm","strip-ansi","6.0.1","1","hermes","MIT","not-required","not-required","not-required","required","bounded-decision",""
"2673db46d6cbbd489e1786d6f8305fb9f619490c6b2d43db5f5118340fbc223d","npm","strip-ansi","7.2.0","1","hermes","MIT","not-required","not-required","not-required","required","bounded-decision",""
"7fc38adc84374209e31a0539f8fe57f52a996bbd09c3177b3669bb9b74d5ad5a","npm","supports-color","10.2.2","1","hermes","MIT","not-required","not-required","not-required","required","bounded-decision",""
"031641b75d3460a181775cf5ac73fa98ba6cb553b2080dc1fbb748f85c8b07d6","npm","supports-color","7.2.0","1","hermes","MIT","not-required","not-required","not-required","required","bounded-decision",""
"557e6ac4aa46ef723c954ae920036eb658d8c15b3d60c3288940a465ca619f41","npm","supports-hyperlinks","3.2.0","1","hermes","MIT","not-required","not-required","not-required","required","bounded-decision",""
"1bffe06bc76c764465d205fd80fcc205a47b964cf23b8a85dcb1c96203b4fceb","npm","suspend-react","0.1.3","1","hermes","MIT","not-required","not-required","not-required","required","bounded-decision",""
"9edc2e9ef3f9934106dbc69985ce4b078d543c26c0688a715296410a78553631","npm","tagged-tag","1.0.0","1","hermes","MIT","not-required","not-required","not-required","required","bounded-decision",""
"3a7433fdeae475361b4f7dd36c30b596039ec21f22be0dd75d9d544dadb01a0b","npm","tailwind-merge","3.6.0","1","hermes","MIT","not-required","not-required","not-required","required","bounded-decision",""
"cede8de59e89e1cc7eb665b32044d7a752f6948fb9f3e0648c00b49a80441498","npm","tailwindcss","4.3.3","1","hermes","MIT","not-required","not-required","not-required","required","bounded-decision",""
"fc51d75184428e4801672e4369a8e2099ef28647b74dffc3ffa92ce174e9f8ea","npm","tapable","2.3.3","1","hermes","MIT","not-required","not-required","not-required","required","bounded-decision",""
"50592b9ed871a69866bc195792cb8f35bab3744af0e1297d1ae23d13d21b394b","npm","tar","7.5.16","1","hermes","BlueOak-1.0.0","not-required","not-required","not-required","required","bounded-decision",""
"92097db0985687a76c14b27022ab92720f1fe7c6147075b26479f206ef5acad5","npm","terminal-size","4.0.1","1","hermes","MIT","not-required","not-required","not-required","required","bounded-decision",""
"558ea319405ae59693e0f664e9c2ca5e46d3e2b56b26a9d78f80de4710340759","npm","text-table","0.2.0","1","hermes","MIT","not-required","not-required","not-required","required","bounded-decision",""
"b5918bd199b3e9dd259d94bbc25e1474acd9c49e3bcda78b161fb45580c67713","npm","thread-stream","4.2.0","2","hermes,unify-core","MIT","not-required","not-required","not-required","required","bounded-decision",""
"c337db5bd67e7c048410f1660e8994078c45fa695990ed103ddb203bb53c6c10","npm","three","0.180.0","1","hermes","MIT","not-required","not-required","not-required","required","bounded-decision",""
"0908c9deb34996aebed67e91906c9dfe890f6309e164f00bf1b1b90e16bac22a","npm","tiny-relative-date","2.0.2","1","hermes","MIT","not-required","not-required","not-required","required","bounded-decision",""
"10792176570490aca383c03e16536649787fdf9464e6a5a0583c0916949952f8","npm","tinybench","2.9.0","1","hermes","MIT","not-required","not-required","not-required","required","bounded-decision",""
"bfd71c1fcf8e7cdd3e39f4b047c11d5bec1984adca331ad5d9b9eda849bd053d","npm","tinyexec","1.2.4","1","hermes","MIT","not-required","not-required","not-required","required","bounded-decision",""
"14b570d02a7d445b5c7895377528379bdda0128cfdcb818f7cd7977883b9ea74","npm","tinyglobby","0.2.17","1","hermes","MIT","not-required","not-required","not-required","required","bounded-decision",""
"e7c071988214bb284c8d03c7129eac94139e6e09e6aa6653e61ddbd4ecb86daa","npm","tinyglobby","0.2.17","1","hermes","MIT","not-required","not-required","not-required","required","bounded-decision",""
"62530fdc248253b835f441b73df6cb8da4ca46e9cf1f272ea601d82dd7a3fd41","npm","tinyrainbow","3.1.0","1","hermes","MIT","not-required","not-required","not-required","required","bounded-decision",""
"2185f5b132bdd934860df0b7de4174d5de38aee3cd88d1c05f34e29ec3b96ec6","npm","toad-cache","3.7.4","2","hermes,unify-core","MIT","not-required","not-required","not-required","required","bounded-decision",""
"fa32240f1b8596fe1e89c2daccb5e937f53627b9a3ff97775ef44f92f9d28da8","npm","transport","0.0.1","2","hermes,unify-core","","blocked","blocked","blocked","required","open-review","unresolved-licence-scope"
"0d36648d1e2a776a3871f5ed0ff45aff0e712daa9ab3b6117dc00a814ee815c9","npm","treeverse","3.0.0","1","hermes","ISC","not-required","not-required","not-required","required","bounded-decision",""
"5a7b27bd2f4cfc0be63ff792014d8e680fb343da2b39b81a2b27049316622dda","npm","trough","2.2.0","1","hermes","MIT","not-required","not-required","not-required","required","bounded-decision",""
"03e9228d2db99a21bc6874db1154cce4db7faf8c7ec8c85a7ff5211c82678246","npm","ts-api-utils","2.5.0","1","hermes","MIT","not-required","not-required","not-required","required","bounded-decision",""
"ab3e503046ee562d34a9fbe2ffc0f42f3d89217d40de269045900d047c97873d","npm","tslib","2.8.1","1","hermes","0BSD","not-required","not-required","not-required","required","bounded-decision",""
"47f94dffaccdf2362f9862f11ba9715fb1fec1cd1661582e004c10bc951a3314","npm","tsx","4.23.1","1","hermes","MIT","not-required","not-required","not-required","required","bounded-decision",""
"3510f79ee9e46ebc0b54c05c55d3f597adfcaa8a313382e25510560977d37672","npm","tuf-js","4.1.0","1","hermes","MIT","not-required","not-required","not-required","required","bounded-decision",""
"fb29c88609dbb05237a552b1f1bfcc0992ce7facd949b4f18c5a4d6346b836e8","npm","tw-animate-css","1.4.0","1","hermes","MIT","not-required","not-required","not-required","required","bounded-decision",""
"8ed2c12a4840e7bf63b1e220cd7dee9c48c8e266569963948a68eb3c9b6bfe2c","npm","type-check","0.4.0","1","hermes","MIT","not-required","not-required","not-required","required","bounded-decision",""
"b6381b190966a71ed0d8f1169fdc0305d0ae26b592f4effc4a07d3b93626565c","npm","type-fest","4.41.0","1","hermes","MIT","not-required","not-required","not-required","required","bounded-decision",""
"fab31253a37949571899d6311fe7379aea782fbe9d59f601096f5849afff3945","npm","type-fest","5.8.0","1","hermes","MIT","not-required","not-required","not-required","required","bounded-decision",""
"2e12e73412425b6a1cbfe3e8a6b5804a5e4941fb7dd9e1d026da4838521c698f","npm","typescript","6.0.3","1","hermes","Apache-2.0","not-required","not-required","not-required","required","bounded-decision",""
"6093c157685f517d682aa295aeb3f1256425173a0403e91c4be7188fcb1b61a8","npm","typescript-eslint","8.64.0","1","hermes","MIT","not-required","not-required","not-required","required","bounded-decision",""
"9bb510d7bd5e44038610fe5748dcab728e938e0ade50eb091ff812f335c63efa","npm","undici","6.26.0","1","hermes","MIT","not-required","not-required","not-required","required","bounded-decision",""
"fd64f480ad05557410cd9122230a7d0bcc036fad053874849ad21d320383ff00","npm","undici","6.27.0","1","hermes","MIT","not-required","not-required","not-required","required","bounded-decision",""
"41d52b755b7e3715b06a6d5e5d7c635968ef40e5db0ab60b320f09af260ce7e0","npm","undici-types","6.21.0","1","hermes","MIT","not-required","not-required","not-required","required","bounded-decision",""
"c7e6af151fa05b83a9bd07612c8d864b93308acc551c9251d3555a7cc0bd7ed0","npm","unicode-animations","1.0.3","1","hermes","MIT","not-required","not-required","not-required","required","bounded-decision",""
"31ade0ac66c0609f2f0868039eb74b354e43aa8de331b1835283fda1acba666b","npm","unified","11.0.5","1","hermes","MIT","not-required","not-required","not-required","required","bounded-decision",""
"39918826f306ac224308b50b55c99a0d4f12a2a9403f3f451005b746756e00bf","npm","unist-util-find-after","5.0.0","1","hermes","MIT","not-required","not-required","not-required","required","bounded-decision",""
"ecf9584999d0ca064cfb04cf930056c628ddb22ce637322a3819bdd1d71c8fe4","npm","unist-util-is","6.0.1","1","hermes","MIT","not-required","not-required","not-required","required","bounded-decision",""
"2d4ca2c517023e5ed46038e2eab365b137a79b834208569e7cbe81998d795b9b","npm","unist-util-remove-position","5.0.0","1","hermes","MIT","not-required","not-required","not-required","required","bounded-decision",""
"f711cca594fa250349c2c7ef654313e2d9be7986c80c1c5e13d196ad28222f82","npm","unist-util-stringify-position","4.0.0","1","hermes","MIT","not-required","not-required","not-required","required","bounded-decision",""
"0fd72864b944717bf4b502d6744fe5eafdb31e247fb555d2a8bd917f6a783ab1","npm","unist-util-visit","5.1.0","1","hermes","MIT","not-required","not-required","not-required","required","bounded-decision",""
"4d6898f517a93d4f72fd1c02fc088dc4d890b584b9390620bf526487740e90f3","npm","unist-util-visit-parents","6.0.2","1","hermes","MIT","not-required","not-required","not-required","required","bounded-decision",""
"a5f972278ed3cf6cd09cd3be2be5ff0394b3b21b78beb1120218b6bd84809583","npm","update-browserslist-db","1.2.3","1","hermes","MIT","not-required","not-required","not-required","required","bounded-decision",""
"e0fda1934ec923ef5f6a91da03acdc4c293f3dc499255bf7e22da91d5f0c0c3a","npm","uri-js","4.4.1","1","hermes","BSD-2-Clause","not-required","not-required","not-required","required","bounded-decision",""
"11448e96bcb5fec1798ed387731266638a32279268cf11146f8040ee5ce7a46a","npm","use-callback-ref","1.3.3","1","hermes","MIT","not-required","not-required","not-required","required","bounded-decision",""
"732bec778f660c21bec993866dd199aa810cd95ccef8676e9bd8ff54e207cfb9","npm","use-sidecar","1.1.3","1","hermes","MIT","not-required","not-required","not-required","required","bounded-decision",""
"227f78300776f4635871803c39298871b7112ab81a9e7abd7d0226e63fde4f9e","npm","use-sync-external-store","1.6.0","1","hermes","MIT","not-required","not-required","not-required","required","bounded-decision",""
"b35815d75c274a4767f563a0b0427f1b50505fea1a0bca991fa6056f672034ae","npm","usehooks-ts","3.1.1","1","hermes","MIT","not-required","not-required","not-required","required","bounded-decision",""
"1dab59c975708634cf550d076ea45eb3380b6297ac3003757fc443a477557feb","npm","util-deprecate","1.0.2","1","hermes","MIT","not-required","not-required","not-required","required","bounded-decision",""
"f070b020b12480f712304abb62b8044d6c794a642dc029877e66a80661916568","npm","v8n","1.5.1","1","hermes","MIT","not-required","not-required","not-required","required","bounded-decision",""
"2d24de2b050ad84fc3c263966cfe477374da60726a9dfd97c0526d94d2663bcd","npm","validate-npm-package-name","7.0.2","1","hermes","ISC","not-required","not-required","not-required","required","bounded-decision",""
"9a571e45f36f2af1af418b96e33249d0b378564f1b4488f908285626ea09f0e8","npm","vfile","6.0.3","1","hermes","MIT","not-required","not-required","not-required","required","bounded-decision",""
"61a219e98b1683e73b4cb66a7fc0229cbffc5f2e2a822c55b0c654e8703f9136","npm","vfile-location","5.0.3","1","hermes","MIT","not-required","not-required","not-required","required","bounded-decision",""
"72e5cf46d3a11e36c39bf5b6fef010c2f1f298eccac085ebd385811694e36e16","npm","vfile-message","4.0.3","1","hermes","MIT","not-required","not-required","not-required","required","bounded-decision",""
"9f9152a2618b0acc0bc3d4040b9e848ad09f00f4a348b10797ab4c305312fe04","npm","vite","8.2.0","1","hermes","Apache-2.0 | BSD-2-Clause | ISC | MIT","not-required","not-required","not-required","required","bounded-decision",""
"321a599a8eae56f2e10a97fc0d875b0286ff3e822d3bfeb5c924f8e4fed741c1","npm","vitest","4.1.10","1","hermes","BSD-3-Clause | ISC | MIT","not-required","not-required","not-required","required","bounded-decision",""
"c1dd0285b6e43a4838223419a600dfad4e693c30725af696abd28480bd7e79cd","npm","walk-up-path","4.0.0","1","hermes","ISC","not-required","not-required","not-required","required","bounded-decision",""
"37991ba70f26da10e2c0f2286a3acf95ec45070a68bd95db34720ee3d338a2d7","npm","web","0.0.0","1","hermes","","blocked","blocked","blocked","required","open-review","unresolved-licence-scope"
"f40d97493c90ebec7063297df67bd76e802cbe8341f222b48df345ecd091b787","npm","web-namespaces","2.0.1","1","hermes","MIT","not-required","not-required","not-required","required","bounded-decision",""
"5fdf2a1b030f6e1deeccc96db8689c8bdb78654c4ff2046b31258fc285efc5bd","npm","which","2.0.2","1","hermes","ISC","not-required","not-required","not-required","required","bounded-decision",""
"5fd2dd575d02d4cf10b61581db5e7260d14042a30345b8dcc8eb721a5e490cb7","npm","which","6.0.1","1","hermes","ISC","not-required","not-required","not-required","required","bounded-decision",""
"1ba6922ce4b1dacfb561c456ae45741df34cbc8a3e3ce10a70c16970e59b2dea","npm","which-module","2.0.1","1","hermes","ISC","not-required","not-required","not-required","required","bounded-decision",""
"3230854fd191e566bb542bca92f1dde009971a42377ac9c6b8dda04e582c4689","npm","why-is-node-running","2.3.0","1","hermes","MIT","not-required","not-required","not-required","required","bounded-decision",""
"2d8109e7035f16f9777f80cb838de47b21bcfcf29bfaf76a311413d8eceb10bb","npm","widest-line","6.0.0","1","hermes","MIT","not-required","not-required","not-required","required","bounded-decision",""
"7251b2334e34b1a4792866ac9f546a4f7bfdf4950f3ac388a7a193d794733e40","npm","word-wrap","1.2.5","1","hermes","MIT","not-required","not-required","not-required","required","bounded-decision",""
"ccf295a8b4251dd94506247f2a722864009dc1cdb19fc400b8bcd8523de04834","npm","wrap-ansi","10.0.0","1","hermes","MIT","not-required","not-required","not-required","required","bounded-decision",""
"e6fe5a5ea8af40672339fc61fb924cc7ff14b43de2100823112b7f6a21038408","npm","wrap-ansi","6.2.0","1","hermes","MIT","not-required","not-required","not-required","required","bounded-decision",""
"878c50e8cfe748eff90a37e0fed457569415303f4297d36b9d649d33cc051f2a","npm","wrap-ansi","9.0.2","1","hermes","MIT","not-required","not-required","not-required","required","bounded-decision",""
"1b85f9f332c37d9da8dc0db10098222930cc3059477ade3cd5d573f7f76f1f6a","npm","write-file-atomic","7.0.1","1","hermes","ISC","not-required","not-required","not-required","required","bounded-decision",""
"212e6f70386d0df0d32d6c6c556a99f298c680d54ad6d6b495910dd3492644f2","npm","ws","8.21.1","1","hermes","MIT","not-required","not-required","not-required","required","bounded-decision",""
"b6a6ef5ad896e44e76420ad7da2123f5dc49ebe2ff22eec7e00186cfba6fa409","npm","ws","8.21.2","1","unify-core","MIT","not-required","not-required","not-required","required","bounded-decision",""
"77fad7a87d0590ad75c60262a64bb5f7d4dd8a8185814649565d7f2194f813aa","npm","xtend","4.0.2","2","hermes,unify-core","MIT","not-required","not-required","not-required","required","bounded-decision",""
"38bcec653598255d90c6674b9ae7ad64d5fe80a60afcb5a988092dc59ec7fa11","npm","y18n","4.0.3","1","hermes","ISC","not-required","not-required","not-required","required","bounded-decision",""
"624f2d01bee828f703bd8051d2a7ceafd11b2ced2e6ebec533ceb2c5480ae566","npm","yallist","3.1.1","1","hermes","ISC","not-required","not-required","not-required","required","bounded-decision",""
"6339c64ebce0562da8bdb33efdb8d7ae50871bf40f3592e90bfe65ca692a0b5b","npm","yallist","4.0.0","1","hermes","ISC","not-required","not-required","not-required","required","bounded-decision",""
"a9e575b7d2ad2ff735329700fa61012141d2923a745b316f20fea137419be857","npm","yallist","5.0.0","1","hermes","BlueOak-1.0.0","not-required","not-required","not-required","required","bounded-decision",""
"9c9bed3284d9c27a2c5b19f8d2a9eb53a6c8be729fec7298f24a9af91e99caf9","npm","yargs","15.4.1","1","hermes","MIT","not-required","not-required","not-required","required","bounded-decision",""
"8f15e2e62267414f3cd5c3413dbd442e3c22b97ff6f57180e7c1c7b53c8512f2","npm","yargs-parser","18.1.3","1","hermes","ISC","not-required","not-required","not-required","required","bounded-decision",""
"c82e5d0f93fc110fb61d135a84a7438a2e87893b9b70b70116231a9d2e9a9dd8","npm","yocto-queue","0.1.0","1","hermes","MIT","not-required","not-required","not-required","required","bounded-decision",""
"6d49b697d1c16240dd10941b5e0d9629ab1fc4ca158d71b33771825b8ddeefad","npm","yoga-layout","3.2.1","1","hermes","MIT","not-required","not-required","not-required","required","bounded-decision",""
"0c770fcb770b2988a693f6655a5ab1f7244e0be1c5559d476aba88e6aad52004","npm","zod","4.4.3","1","hermes","MIT","not-required","not-required","not-required","required","bounded-decision",""
"fe8facfb25b65746365b6b66a1f4ef5932cd6810f3abd78db2c00ba8739df03b","npm","zod-validation-error","4.0.2","1","hermes","MIT","not-required","not-required","not-required","required","bounded-decision",""
"db79b30759ea328d254460392b3ed60b61b710761ee259e58c9658df9c4515e6","npm","zustand","3.7.2","1","hermes","MIT","not-required","not-required","not-required","required","bounded-decision",""
"0dfdfcd9b0954d5ea85af671ac422a7cfd9668dad7454f594590ae1e4a6d7c89","npm","zustand","5.0.14","1","hermes","MIT","not-required","not-required","not-required","required","bounded-decision",""
"ca04318628802ffbd8de006d88e23744f5707bb5b05c23bfd4f88c0aeb114387","npm","zwitch","2.0.4","1","hermes","MIT","not-required","not-required","not-required","required","bounded-decision",""
"ccb835fad08c2eff531be6c9c2984748a4333324d5b4998dc6e13e1c04d7449e","python","agent-client-protocol","0.9.0","1","hermes","Apache-2.0","not-required","not-required","not-required","required","bounded-decision",""
"9a91d4dfd0f5d8b8eeec6c5b2d75fae5f6d3002e2690177540cb64109a6154f9","python","aiohappyeyeballs","2.6.1","1","hermes","0BSD | PSF-2.0","not-required","not-required","not-required","required","bounded-decision",""
"bae214ddb8f6ef4821fb45dd1fcfde667dc713fc67eb465a0a1fd3d0917967b8","python","aiohttp","3.14.1","1","hermes","Apache-2.0 | MIT","not-required","not-required","not-required","required","bounded-decision",""
"02e13e8c9cf4dded1b43e6749fb658896f761973d54780aad59aa81cffe1ddb3","python","aiohttp-retry","2.9.1","1","hermes","MIT","not-required","not-required","not-required","required","bounded-decision",""
"387403d63b640d6cbea1218d55c550414662f77dbdac25078bc38ac50e1b34ef","python","aiohttp-socks","0.11.0","1","hermes","Apache-2.0","not-required","not-required","not-required","required","bounded-decision",""
"8cf978fb20d1d8f869ca246cbfdebd8275a1b74923bedbea22a8e9ef1caa91dc","python","aiosignal","1.4.0","1","hermes","Apache-2.0","not-required","not-required","not-required","required","bounded-decision",""
"4dc7b2c81f8689f6ff8797487271ecf3800c8cf4c4fb3b6869a521b497917890","python","aiosqlite","0.22.1","1","hermes","","blocked","blocked","blocked","required","open-review","unresolved-licence-scope,additional-notice-terms-scope-review"
"94bea7b1b6b9d2c002c300be925e8798c8b48867d126d57ebfd40ca5f286bc9e","python","annotated-doc","0.0.4","1","hermes","MIT","not-required","not-required","not-required","required","bounded-decision",""
"1b00a6f8846fc10bc4dfff3090a09e9edd5bf0e3ff8b8cc5528668712fa6ff83","python","annotated-types","0.7.0","1","hermes","","blocked","blocked","blocked","required","open-review","unresolved-licence-scope,additional-notice-terms-scope-review"
"1526463477f2d3575db23a8090e810e4576bf896913fa9ac6e2a59eaaec5373a","python","annotated-types","0.8.0","1","memory-v4","MIT","not-required","not-required","not-required","required","bounded-decision",""
"d37bc557d1719a761719ac8f93b7bd3dd83882937f6d11cac5d28b784bdbc285","python","anthropic","0.87.0","1","hermes","MIT","not-required","not-required","not-required","required","bounded-decision",""
"38e27c0c146cbc6c8eb83c08e78994f949fe9caa8cb12529c404d97f1040b593","python","anyio","4.12.1","1","hermes","MIT","not-required","not-required","not-required","required","bounded-decision",""
"8918a63ab49171889107b8d05b9cae64f73efe12c761934ca854b2af3a8041bd","python","anyio","4.15.1","1","memory-v4","MIT","not-required","not-required","not-required","required","bounded-decision",""
"8646cd0e342be8467b27372d85f2aced127fb38cc937b6d965ff10a71877c5e5","python","asyncpg","0.31.0","1","hermes","Apache-2.0","not-required","not-required","not-required","required","bounded-decision",""
"1de8d259b3fbecdcf3933c9ace9407ae90802eeffc0c112aae665516718ae587","python","attrs","25.4.0","1","hermes","MIT","not-required","not-required","not-required","required","bounded-decision",""
"9bb8925e20ab28deb2ff6131499c300df47d8084eb5fd73eedfe421df597f3d7","python","audioop-lts","0.2.2","1","hermes","0BSD | PSF-2.0","not-required","not-required","not-required","required","bounded-decision",""
"c69517979bbb0da409913f4d5b9bda1034d0b9bd51a0791f061868136bd5aebc","python","azure-core","1.41.0","1","hermes","MIT","not-required","not-required","not-required","required","bounded-decision",""
"a2f89ba2e4f5634f3ebc74fbcc3572a9007ec2d52abc8936604b52e7ba8a0553","python","azure-identity","1.25.3","1","hermes","MIT","not-required","not-required","not-required","required","bounded-decision",""
"96302f6bcb240a6f7ae14fa5dcb632e56c074b590ff4546ef70c3ae3064688c9","python","base58","2.1.1","1","hermes","MIT","not-required","not-required","not-required","required","bounded-decision",""
"9a87cbcd7e75f09857f50d223fff5c4c36d104dddaab3a0b4c3e9a7871536cba","python","boto3","1.42.89","1","hermes","Apache-2.0","not-required","not-required","not-required","required","bounded-decision",""
"fb6aa71e1cb63e65be42ab0451926a1a44c1c4e5e0a2425cab720daa37d48d6b","python","botocore","1.42.89","1","hermes","Apache-2.0 | MIT","not-required","not-required","not-required","required","bounded-decision",""
"e08f40b620b9cc4edd89045184801a1b045cb7f2160139630d46e0f4307517f8","python","brotlicffi","1.2.0.1","1","hermes","MIT","not-required","not-required","not-required","required","bounded-decision",""
"4cc55ca52ecc3dfa2998318e5db2003797a937b937395e624eeb357aa3ede582","python","certifi","2026.5.20","1","hermes","MPL-2.0","required","not-required","not-required","required","bounded-decision",""
"c1cd6f990ce7df1466fc1e7fccc25f9a94e8c3f4f7bc3a9c63381f1cc8c4e02d","python","cffi","2.0.0","1","hermes","MIT","not-required","not-required","not-required","required","bounded-decision",""
"c0fc8d2ece54349597100855aeca2e27a5a1df68b66c358b1466734c9a80e82e","python","charset-normalizer","3.4.4","1","hermes","MIT","not-required","not-required","not-required","required","bounded-decision",""
"190b245a0848984e3774e499cb99cdd8b0dbccd9b2805f887b3f4c6bb05d1bc7","python","click","8.4.2","1","hermes","BSD-3-Clause","not-required","not-required","not-required","required","bounded-decision",""
"d6dd449342fdda6147f6aab364756db36e44867faab0c9f2280d32189992a966","python","click","8.5.0","1","memory-v4","BSD-3-Clause","not-required","not-required","not-required","required","bounded-decision",""
"431c880d5607d0bcf0fc71b783baab7792becbe476109486b6376770b35f1f21","python","croniter","6.0.0","1","hermes","MIT","not-required","not-required","not-required","required","bounded-decision",""
"38091a07a40451a668e4866ee751a4a520a7cbd81ba0331312065f8f7924c024","python","cryptography","48.0.1","1","hermes","BSD-3-Clause","not-required","not-required","not-required","required","bounded-decision",""
"fe156ac686863a2644ce09b42475b68c83ce528eb00c7f9811e5e22937ab9e30","python","davey","0.1.4","1","hermes","","blocked","blocked","blocked","required","open-review","unresolved-licence-scope"
"97eec31eaccd9842136c91f65ef2b24d347400b7bcecfee1ee8f5005c3588893","python","defusedxml","0.7.1","1","hermes","PSF-2.0","not-required","not-required","not-required","required","bounded-decision",""
"c6068a1d4186ebc2caf60c172807dd2065981942ce8e6c0d8020702c0dfd6118","python","discord-py","2.7.1","1","hermes","MIT","not-required","not-required","not-required","required","bounded-decision",""
"ed607fe8b97f4bdd15db3c99c967c62a8c9f15f0860aa1f600746ac7fa9fc917","python","distro","1.9.0","1","hermes","Apache-2.0","not-required","not-required","not-required","required","bounded-decision",""
"635b0377d9a58f140c28d3ad34a8945194fb462ee7ae306e79fa12e15eaa3b0d","python","docstring-parser","0.17.0","1","hermes","MIT","not-required","not-required","not-required","required","bounded-decision",""
"a81d66f546aef72ada599034f979ac89906a9ea4d767aa3400484fd3c39137c2","python","fastapi","0.115.6","1","memory-v4","","blocked","blocked","blocked","required","open-review","unresolved-licence-scope,additional-notice-terms-scope-review"
"3412df74445ee0ee8c4795bbb61e163e78714eb9f9561c7a0b792f65d836bb5d","python","fastapi","0.133.1","1","hermes","MIT","not-required","not-required","not-required","required","bounded-decision",""
"89ab86e1ca4dbe2891749b5e6f5a07748fb40d252d423dd60099f8c835099aae","python","fire","0.7.1","1","hermes","Apache-2.0","not-required","not-required","not-required","required","bounded-decision",""
"1431eef0062e4ad643576540300e5ae829b66bc4f24f3a39bf0f2c18e6315ac0","python","frozenlist","1.8.0","1","hermes","Apache-2.0","not-required","not-required","not-required","required","bounded-decision",""
"5a9211e2f1e6305f891b5f167cd089d16440f7524af74fc448cab58c0373db40","python","google-api-core","2.30.3","1","hermes","Apache-2.0","not-required","not-required","not-required","required","bounded-decision",""
"5832fb881aace70935e55e05131c70fe5ba3e546facb1c133b67f807cfa2178d","python","google-api-python-client","2.194.0","1","hermes","Apache-2.0","not-required","not-required","not-required","required","bounded-decision",""
"615fded33036992928cf798914cb9cfdcacb5471a596f8a8dc38f82821e17dd8","python","google-auth","2.55.1","1","hermes","Apache-2.0","not-required","not-required","not-required","required","bounded-decision",""
"a76ce4b252f08a0d4200274a5ce0313071038becf1ee8b3de0c4bed46eda2c1a","python","google-auth-httplib2","0.3.1","1","hermes","Apache-2.0","not-required","not-required","not-required","required","bounded-decision",""
"22bec6cadd283017719081af322af9835ceaad9ce6569fe3e2adcbab563409e8","python","google-auth-oauthlib","1.3.1","1","hermes","Apache-2.0","not-required","not-required","not-required","required","bounded-decision",""
"ecc4e199fd32b7391e14f9eff5e189f79e252b1fd90665e2c2b9515ab6f6142c","python","googleapis-common-protos","1.73.0","1","hermes","Apache-2.0","not-required","not-required","not-required","required","bounded-decision",""
"50cd2941f7e08a6588d373c691805fe760ee6e21ff25b693716415d0f49f7a79","python","h11","0.16.0","1","memory-v4","MIT","not-required","not-required","not-required","required","bounded-decision",""
"dc47a3f8dc3450ca9821746ac3606af7b1e94c90010816e0a1d5b3769305bd43","python","h11","0.16.0","1","hermes","MIT","not-required","not-required","not-required","required","bounded-decision",""
"0954482574f90d4d61396fb199a1e5384fa215a3b64faf410d640cec5db317b0","python","hermes-agent","0.20.0","1","hermes","MIT","not-required","not-required","not-required","required","bounded-decision",""
"4945d550adcceaaf1a5422b5ac6983ad56f2cb3596fdf6f20cab18c4e8378ad3","python","hermes-agent","0.20.0","1","hermes","MIT","not-required","not-required","not-required","required","bounded-decision",""
"ac5181b6a3716070af4ed26ed7e413ecbd42e76af19bda5ce16130fec428b4b4","python","hindsight-client","0.6.1","1","hermes","MIT","not-required","not-required","not-required","required","bounded-decision",""
"ea3acec12586c0362b12d20578fb557a96b68b544a1e4219f82b2a4d4648ad54","python","httpcore","1.0.9","1","hermes","BSD-3-Clause","not-required","not-required","not-required","required","bounded-decision",""
"25a77b5c5330c752a84b84972e4c112c8f9c1705048ce1fbe9820fe933a234d7","python","httplib2","0.32.0","1","hermes","MIT","not-required","not-required","not-required","required","bounded-decision",""
"05166d8027b749c23b56072bb67365cc0a2d37932876a8bd953b22505af73c91","python","httptools","0.7.1","1","hermes","MIT","not-required","not-required","not-required","required","bounded-decision",""
"db33bc3ae2a6753a477e44c44d3c89dfdf4a7520945946cdabbe5ebd92cdb199","python","httptools","0.8.0","1","memory-v4","MIT","not-required","not-required","not-required","required","bounded-decision",""
"e97372138e77885c95a941b76b042d67a4295310a11e8d883a3ae53c09eff488","python","httpx","0.28.1","1","hermes","BSD-3-Clause","not-required","not-required","not-required","required","bounded-decision",""
"054d0a11dea91a0cd22eb88aa1a652761ead180f49dc2b30232d4dd919ae6882","python","httpx-sse","0.4.3","1","hermes","MIT","not-required","not-required","not-required","required","bounded-decision",""
"e9ba7fbe212182a4a5b0244dcc84104dcadc5911b3c7a2cc30655c4670927115","python","idna","3.15","1","hermes","BSD-3-Clause","not-required","not-required","not-required","required","bounded-decision",""
"c4a0ca01c50d6f1a4db217d78d7b5974ff114d661210037896087a52dff55ec5","python","idna","3.19","1","memory-v4","BSD-3-Clause","not-required","not-required","not-required","required","bounded-decision",""
"eb53136c29bb1ee61a1a1ec718c4b42f197082f492830758fcdf4edc05044835","python","importlib-metadata","8.7.1","1","hermes","Apache-2.0","not-required","not-required","not-required","required","bounded-decision",""
"807ed4b8c27229f261fef7aaf302e1e5b22c4a0ce1ebe6f3073b5e25bb3771e3","python","jinja2","3.1.6","1","hermes","","blocked","blocked","blocked","required","open-review","unresolved-licence-scope,additional-notice-terms-scope-review"
"a094bd356b12af0205049153bde96cb56ea5301d5d6b85ea56170a7765e0d938","python","jiter","0.13.0","1","hermes","","blocked","blocked","blocked","required","open-review","unresolved-licence-scope,additional-notice-terms-scope-review"
"ceeb80fed651aaa71a60e0a4fb9ff11f10f51cc5a4097d9f49eaeac2c3e4122b","python","jmespath","1.1.0","1","hermes","MIT","not-required","not-required","not-required","required","bounded-decision",""
"63c4875cd6ac28e459d9b7531646ba44b31707bc4dc1594aa9858a5793d51713","python","jsonschema","4.26.0","1","hermes","MIT","not-required","not-required","not-required","required","bounded-decision",""
"a4ab927da58b1b38ac0b5b093d22619744fb877fe7ff4ffc78134803c9bf1ce8","python","jsonschema-specifications","2025.9.1","1","hermes","MIT","not-required","not-required","not-required","required","bounded-decision",""
"0d1595ceef177f711fa744538b0d2ae82e25b63600d4b5ce8425887c565536fb","python","markdown","3.10.2","1","hermes","BSD-3-Clause","not-required","not-required","not-required","required","bounded-decision",""
"b2e9cc28b3714747033da20b0d606428f62be5dd2bc35a943be33d6ffd9e055c","python","markdown-it-py","4.0.0","1","hermes","","blocked","blocked","blocked","required","open-review","unresolved-licence-scope,additional-notice-terms-scope-review"
"275ab9c57193f9e02f6f8364e12a5fe0e47abb51bc3e9a4db41f4352975b889b","python","markupsafe","3.0.3","1","hermes","BSD-3-Clause","not-required","not-required","not-required","required","bounded-decision",""
"1b3c653e4d88c01da1af9c72464be1a48d322cb5bb7a002b718fd5853639e1e8","python","mautrix","0.21.0","1","hermes","","blocked","blocked","blocked","required","open-review","unresolved-licence-scope,additional-notice-terms-scope-review"
"2e4636fd0b32e4f41a55f4c372ab3d861cf6e50caedd6ccab1cb554832f43b1f","python","mcp","1.28.1","1","hermes","MIT","not-required","not-required","not-required","required","bounded-decision",""
"2d053800dcc6593a299fa3b27401ce1e9659f8a30956f60477ddc28c597a61d8","python","mdurl","0.1.2","1","hermes","MIT","not-required","not-required","not-required","required","bounded-decision",""
"be17016de0c4fde29e92b47821d4c9be78ee95c6fa0b64933e6b6c4fd235174c","python","msal","1.36.0","1","hermes","MIT","not-required","not-required","not-required","required","bounded-decision",""
"2ab1fecd69be17828ca9bde5781cad21189ca2c0e6b8410c2c8a64374116d511","python","msal-extensions","1.3.1","1","hermes","MIT","not-required","not-required","not-required","required","bounded-decision",""
"72462cbc705863e46bc3650f82fd33d2123d4f61a05962b976d5e598602edcac","python","multidict","6.7.1","1","hermes","Apache-2.0","not-required","not-required","not-required","required","bounded-decision",""
"05c6caed39794905c23fed88d7eab024878ed2bd0a54cc3d2dcaee87c883ddfd","python","nemo-relay","0.6.0","1","hermes","Apache-2.0","not-required","not-required","not-required","required","bounded-decision",""
"ee473b01002d7001148a1b43aba8b0ca2334f1f945be8fc18bba06d4e3746fdb","python","oauthlib","3.3.1","1","hermes","BSD-3-Clause","not-required","not-required","not-required","required","bounded-decision",""
"c6d75f79a3598048e08ba0151a29e655d10f82dccb221b70ff548d4d0bfe202d","python","openai","2.24.0","1","hermes","Apache-2.0","not-required","not-required","not-required","required","bounded-decision",""
"fbdc5193e50e681b4bd92b564d99fa41c32ec981684a3057f60d5864d7861b36","python","opentelemetry-api","1.39.1","1","hermes","Apache-2.0","not-required","not-required","not-required","required","bounded-decision",""
"a511ec3d0206c8d7c9b230309b97b0efc9550b5ba3d11cabcff95f4c42dde7ad","python","opentelemetry-exporter-otlp-proto-common","1.39.1","1","hermes","Apache-2.0","not-required","not-required","not-required","required","bounded-decision",""
"239ae2c8afda1a6bd1e4d6337b60b07083b662ceead0b3476e6cba212d9c3b82","python","opentelemetry-exporter-otlp-proto-http","1.39.1","1","hermes","Apache-2.0","not-required","not-required","not-required","required","bounded-decision",""
"90e47780d762aa60cb457ffe0ec04eae1d1bacc8bb0f8d40af0cb802a1ac0536","python","opentelemetry-proto","1.39.1","1","hermes","Apache-2.0","not-required","not-required","not-required","required","bounded-decision",""
"59d93e6f29eb90cc4346b9fee28dc4091539eafc8bfc39c096dbf910e7988d41","python","opentelemetry-sdk","1.39.1","1","hermes","Apache-2.0","not-required","not-required","not-required","required","bounded-decision",""
"b53633fdd8d1ba1fa426cd8bedc606941a8d73ff546c4107a1a0cd5c6815e53f","python","opentelemetry-semantic-conventions","0.60b1","1","hermes","Apache-2.0","not-required","not-required","not-required","required","bounded-decision",""
"11761b6177302abd6571fb0aaabe139f868f0cbe16b1dbcac22c9cd4d7b6418d","python","packaging","26.0","1","hermes","BSD-2-Clause","not-required","not-required","not-required","required","bounded-decision",""
"dd66e6563960a6871773178519ed5c0395b7b1cb78bed54de20b0fe5b5e9d292","python","pathspec","1.1.1","1","hermes","","blocked","blocked","blocked","required","open-review","unresolved-licence-scope,additional-notice-terms-scope-review"
"7bc2443d596f246ea52df68aa3d4b299b7ccd19cfd9aed38276693cc3a69c373","python","pillow","12.3.0","1","hermes","MIT-CMU","blocked","blocked","blocked","required","open-review","additional-notice-terms-scope-review"
"b6eb2f6a4e36056017f9e13d33d666738980368f19e4382d6bad691a70c1f48d","python","pip","25.0.1","2","memory-v4,reference-application","MIT","not-required","not-required","not-required","required","bounded-decision",""
"4ff5bd107261e14f99bd9b14c59f18c0793006f2f55ba8bdad003e763e098f9e","python","prompt-toolkit","3.0.52","1","hermes","","blocked","blocked","blocked","required","open-review","unresolved-licence-scope,additional-notice-terms-scope-review"
"a4a9d85725ae9bbe34e6db83cf8a99bfea33faf8ef3c51ac12d076fcaaa9f784","python","propcache","0.4.1","1","hermes","Apache-2.0","not-required","not-required","not-required","required","bounded-decision",""
"61b2ef45fc6d091cd5840391cb5e933201226bbf4026bc4a7280fde14705600a","python","proto-plus","1.27.2","1","hermes","Apache-2.0","not-required","not-required","not-required","required","bounded-decision",""
"0eff42805f390ed3af6466200f2649152f00f4e42ddfd08399c4719642b5fd5b","python","protobuf","6.33.5","1","hermes","BSD-3-Clause","blocked","blocked","blocked","required","open-review","additional-notice-terms-scope-review"
"cb61c49a35089d6bc08b41c3eb23a75f0666dd58a69eae27ec1a1fab003fa5b1","python","psutil","7.2.2","1","hermes","BSD-3-Clause","not-required","not-required","not-required","required","bounded-decision",""
"fbf218b8ef38f6c46b84bc6cd68991318b6d11c635f3b3294e87e062cef1472a","python","ptyprocess","0.7.0","1","hermes","UNKNOWN","blocked","blocked","blocked","required","open-review","unresolved-licence-scope"
"bb9be69dfcdfabf8627bde26bff64fb523d146dd73c8af3c8f07d8e43e16f65b","python","pyasn1","0.6.4","1","hermes","BSD-2-Clause","not-required","not-required","not-required","required","bounded-decision",""
"6897930ecbeb731f7ff298c599a545e0f08cf87d72fb8593d0c1056b8f20205d","python","pyasn1-modules","0.4.2","1","hermes","BSD","blocked","blocked","blocked","required","open-review","unresolved-licence-scope,additional-notice-terms-scope-review"
"6b268647f7549d27ada2faa3ace076d6ab79b694e3cee0d0e6c895187324c0c0","python","pycparser","3.0","1","hermes","BSD-3-Clause","not-required","not-required","not-required","required","bounded-decision",""
"136c715ed9194e315ffb4040f2228a9907b3c8c108970878d87806d68922224b","python","pycryptodome","3.23.0","1","hermes","","blocked","blocked","blocked","required","open-review","unresolved-licence-scope,additional-notice-terms-scope-review"
"556b7831d5b4e219b5b36476636730164bc82638ae581e572947dd024c79b6a5","python","pydantic","2.10.4","1","memory-v4","MIT","not-required","not-required","not-required","required","bounded-decision",""
"2925b02ee6e114d9900ca081fc48f8f51443abaa3324fdf2ababacb3eb55e022","python","pydantic","2.13.4","1","hermes","MIT","not-required","not-required","not-required","required","bounded-decision",""
"eb98376b9a5568a00c8ebb763b089350287fc562993cf9405269ec4be594741c","python","pydantic-core","2.27.2","1","memory-v4","MIT","not-required","not-required","not-required","required","bounded-decision",""
"d354b0152eb697ba4536b4cd3408688380f583e84c3c08fa382f96df9f03379d","python","pydantic-core","2.46.4","1","hermes","MIT","not-required","not-required","not-required","required","bounded-decision",""
"c8b40b0c1a7f4cb2fc89477a32988eab39963cc39a7d786054b6866128905388","python","pydantic-settings","2.14.2","1","hermes","MIT","not-required","not-required","not-required","required","bounded-decision",""
"69012c6d773c40ee7f35bf609a12368bb056a7e83d6a310a19458f71da27bc44","python","pygments","2.20.0","1","hermes","BSD-2-Clause","not-required","not-required","not-required","required","bounded-decision",""
"6c3ee376d8d78e73de5eae6bdfabe0a450ab31fbe7e95219c84dcc69507c1476","python","pyjwt","2.13.0","1","hermes","MIT","not-required","not-required","not-required","required","bounded-decision",""
"a0c5e3c1fe4073ce34f7273276dca681d4d9a52241568b012b02916bfb574932","python","pynacl","1.6.2","1","hermes","Apache-2.0 | ISC","not-required","not-required","not-required","required","bounded-decision",""
"78f2c576be6cc64aaa3708868b2c5f94d3556cacbad348513bd00720acc5b369","python","pyparsing","3.3.2","1","hermes","MIT","not-required","not-required","not-required","required","bounded-decision",""
"d761c0e537370116beb4f52090f79a782e82ade4e571e093673e0cd89f5e7d14","python","pypng","0.20220715.0","1","hermes","MIT","not-required","not-required","not-required","required","bounded-decision",""
"0c5457f6465929580719d42acb33734f23f559dea136f1273a2ce79e68cfe5fa","python","python-dateutil","2.9.0.post0","1","hermes","","blocked","blocked","blocked","required","open-review","unresolved-licence-scope,additional-notice-terms-scope-review"
"e02747dce695bd57dab95ab18d6b4845b68997a55e0fae3ba7a7c035d3d9e15b","python","python-dotenv","1.2.2","1","hermes","BSD-3-Clause","not-required","not-required","not-required","required","bounded-decision",""
"38ef8be68900eceb123aa9edd02145990850bc014816b4481508d0f9ea724963","python","python-dotenv","1.2.3","1","memory-v4","BSD-3-Clause","not-required","not-required","not-required","required","bounded-decision",""
"d78a6c56396b4b1fcba244b99f414ea79aba6fcdcf47119fdb28c033aa773e49","python","python-multipart","0.0.32","1","hermes","Apache-2.0","not-required","not-required","not-required","required","bounded-decision",""
"7daa7d49e64908f9e316c28c36f3a67048f400470115a8b8ca685f8089af9893","python","python-olm","3.2.16","1","hermes","Apache-2.0","not-required","not-required","not-required","required","bounded-decision",""
"f3f4f718e886f4894967ddeac7612a5803ea6fdb3a5087f565153f68d69d9185","python","python-socks","2.8.1","1","hermes","Apache-2.0","not-required","not-required","not-required","required","bounded-decision",""
"d550a747ac462f932bbbd22684215867eb5c570b90f2cc017b9db2b3acc5e9d4","python","python-telegram-bot","22.6","1","hermes","LGPL-3.0-only","required","required","required","required","bounded-decision",""
"94e006573aaec8bb8fe295166732be4eea40aed62dbb41ea427cffa07ea537ab","python","pytz","2025.2","1","hermes","MIT","not-required","not-required","not-required","required","bounded-decision",""
"6de67e6755e97248819c2289bbae8e1607acfb6ecf94e4bffb21625186ca3a8a","python","pyyaml","6.0.3","1","memory-v4","MIT","not-required","not-required","not-required","required","bounded-decision",""
"a54fd2e1122b04926bbb2ed0faf502e9d0b7ede4f1914be85e70f3ec08072ca7","python","pyyaml","6.0.3","1","hermes","MIT","not-required","not-required","not-required","required","bounded-decision",""
"7dd1b8dec6280356fc22de21e6f0b7b888800ad1f9cdadda92f82247de65da37","python","qrcode","7.4.2","1","hermes","BSD","blocked","blocked","blocked","required","open-review","unresolved-licence-scope,additional-notice-terms-scope-review"
"9058d5b8b2d9c6195a9583c8e0534e2893afb15bd994790bed19eadd29756348","python","referencing","0.37.0","1","hermes","MIT","not-required","not-required","not-required","required","bounded-decision",""
"ded3cb551dc4e64512160c07763b7a4a2cf7789168735460b3cc9767bae98cfe","python","requests","2.33.0","1","hermes","Apache-2.0","not-required","not-required","not-required","required","bounded-decision",""
"ea4628fd291bfe1ed8b646c943466916055a5dd0eda5f6fc2c0ea2463a61943b","python","requests-oauthlib","2.0.0","1","hermes","ISC","not-required","not-required","not-required","required","bounded-decision",""
"4c3b67d80c7f3ca3ac0838e93368eb5e9d507aa5e225481c930756cb04347f81","python","rich","14.3.3","1","hermes","MIT","not-required","not-required","not-required","required","bounded-decision",""
"711d3ef9685dc83417f266b6c676cabbe2f8eaa6f12107a950cb22c57ca9f310","python","rpds-py","0.30.0","1","hermes","MIT","not-required","not-required","not-required","required","bounded-decision",""
"f48602fff594de22f9a3d5f3367f18f0580b7c664f943d31e0d258339cfe841b","python","ruamel-yaml","0.18.17","1","hermes","MIT","not-required","not-required","not-required","required","bounded-decision",""
"b4cdd06ceeb6265ef2f121132476eda633564a59717df4542d17ced24ed22127","python","ruamel-yaml-clib","0.2.15","1","hermes","MIT","not-required","not-required","not-required","required","bounded-decision",""
"43b1e290c76167429febb167d73f617566c454e85daa171d567e9a1e6a140dc5","python","s3transfer","0.16.0","1","hermes","Apache-2.0","not-required","not-required","not-required","required","bounded-decision",""
"44d82783b3f552d6dfa3837d39e282d4cfe1f2344284f889d9c839680f987ce1","python","simple-term-menu","1.6.6","1","hermes","MIT","not-required","not-required","not-required","required","bounded-decision",""
"8ce048a4412eec0cf60a2953c27d1369432db6112db952004f6162bfacdb600b","python","six","1.17.0","1","hermes","MIT","not-required","not-required","not-required","required","bounded-decision",""
"4e5d54c6bfb5480471a4456099614e0403fcbeab9a9de5e2037300b09030cd37","python","slack-bolt","1.29.0","1","hermes","MIT","not-required","not-required","not-required","required","bounded-decision",""
"b72c5c5004b9c17a714963a1ed4016c5f67b6c36621583eb220b07e7991542e1","python","slack-sdk","3.43.0","1","hermes","MIT","not-required","not-required","not-required","required","bounded-decision",""
"da9396f5714d513b9a0359abee1d133ef8b022eaf90b36b5b3a45b988af9aa7b","python","sniffio","1.3.1","1","hermes","MIT","not-required","not-required","not-required","required","bounded-decision",""
"6dca623fc3adc6903e4223123ac0affc02ffa81ebf844926c4cae3a14732270a","python","socksio","1.0.0","1","hermes","UNKNOWN","blocked","blocked","blocked","required","open-review","unresolved-licence-scope,additional-notice-terms-scope-review"
"b1d8ab1599ad75a387e3fb64db2fba2e67fc9159629e63a6413345e24979cc96","python","sse-starlette","3.3.2","1","hermes","BSD-3-Clause","not-required","not-required","not-required","required","bounded-decision",""
"772e83628ec6c8057ccf23b85111494c6e25940809bffe7de3dcf7e7cba5d47d","python","starlette","0.41.3","1","memory-v4","BSD-3-Clause","not-required","not-required","not-required","required","bounded-decision",""
"9e99a5c488c7edb986dbe30d8c650dd7903e58b8227c4065a7590fee8bdd4c15","python","starlette","1.3.1","1","hermes","BSD-3-Clause","not-required","not-required","not-required","required","bounded-decision",""
"37a153fdc592ae18bd529040edf1fdc3b1d0e089be29083f54bde616a1177a31","python","tenacity","9.1.4","1","hermes","Apache-2.0","not-required","not-required","not-required","required","bounded-decision",""
"80d62d0efddcd601d48ea4b0d4d9bbaf13e833552bb7b2159e7018d500f011fb","python","termcolor","3.3.0","1","hermes","MIT","not-required","not-required","not-required","required","bounded-decision",""
"a9d6a35e6c151ff6c52d3afd2de953d2eb518e3115c7bad49b12f253790160d9","python","tornado","6.5.7","1","hermes","Apache-2.0","not-required","not-required","not-required","required","bounded-decision",""
"bb9fef95ad37bca0a9890d3bca233173b5115161c6f7feded78bc9f45a9bf740","python","tqdm","4.67.3","1","hermes","MIT | MPL-2.0","required","not-required","not-required","required","bounded-decision",""
"5e7afc5ea37ba5d335667ea0e5585b29a2c3d81ceb720834e4c1f524d1c7e460","python","typing-extensions","4.15.0","1","hermes","0BSD | PSF-2.0","not-required","not-required","not-required","required","bounded-decision",""
"026d5e5bd777f3f1fa00dd85c8df69a84f49a3b5828d4465c163b66a8b1d3ab0","python","typing-extensions","4.16.0","1","memory-v4","0BSD | PSF-2.0","not-required","not-required","not-required","required","bounded-decision",""
"96d3f300729c123641f77600a6e979be6aeb1f0bfe07335d4c927722d503f106","python","typing-inspection","0.4.2","1","hermes","MIT","not-required","not-required","not-required","required","bounded-decision",""
"3609f10e244043fb4e34d13eb7b408773efdb8c947295ec6bcae7584cb8f4425","python","unpaddedbase64","2.1.0","1","hermes","Apache-2.0","not-required","not-required","not-required","required","bounded-decision",""
"e16a451b2562911d9c0e43abcb4cdd0101916bf13c7ea0b9b037d5226927fb2d","python","uritemplate","4.2.0","1","hermes","","blocked","blocked","blocked","required","open-review","unresolved-licence-scope"
"f62a9e62556b8f18415f2e7788b08773c96bc5473851925d2938dd8d62eca58a","python","urllib3","2.7.0","1","hermes","MIT","not-required","not-required","not-required","required","bounded-decision",""
"6fc07a6791272f2ae0793d7ea8daa06250028029256d9c2b62742ca432aaba9c","python","uvicorn","0.34.0","1","memory-v4","BSD-3-Clause","not-required","not-required","not-required","required","bounded-decision",""
"e44fbacdd0da1533195322be8bc947344e1761f551635f7a8f7ca8e97fb8bef5","python","uvicorn","0.41.0","1","hermes","BSD-3-Clause","not-required","not-required","not-required","required","bounded-decision",""
"1d9ade81209bb9451eb7571b7b4ebf893f40531bc225b4202293c7f75f7fa023","python","uvloop","0.22.1","1","memory-v4","Apache-2.0 | MIT","not-required","not-required","not-required","required","bounded-decision",""
"8f67983153ca589efb9f58912b15ae3acc3d1321b9222c7e54e5b0477d764b7a","python","uvloop","0.22.1","1","hermes","Apache-2.0 | MIT","not-required","not-required","not-required","required","bounded-decision",""
"810778f75b7a5beb2e437b99877b791515d1dd2584b2ab53c6a6ed256905fe8c","python","watchfiles","1.1.1","1","hermes","MIT","not-required","not-required","not-required","required","bounded-decision",""
"19d4eabae3ed9b09eb8e438cf36e5fee936c7ff4d6aabe84f786f76bcb830f3a","python","watchfiles","1.2.0","1","memory-v4","MIT","not-required","not-required","not-required","required","bounded-decision",""
"104849b92389d246ced355b3c94d0c438368368e9855197d3e71f6750952d4f2","python","wcwidth","0.6.0","1","hermes","MIT","blocked","blocked","blocked","required","open-review","additional-notice-terms-scope-review"
"7d19267cb5563fcfa46968bde49b2d81dc68977bb15cc5f0cae8842b29afc28c","python","websockets","15.0.1","1","hermes","BSD-3-Clause","not-required","not-required","not-required","required","bounded-decision",""
"ce8932e2df25cf4f450fc98f1b0b9863219695e16529a373405cb5256e28b37b","python","websockets","17.1","1","memory-v4","BSD-3-Clause","not-required","not-required","not-required","required","bounded-decision",""
"981cbd5faf6627e829370a869310b4df01310f1e3db832a9942fb7b93c99ecbf","python","yarl","1.22.0","1","hermes","Apache-2.0","not-required","not-required","not-required","required","bounded-decision",""
"4565cd4f3080f17994256694e0d90bb2e151dcff305b5bdd3a19ed9cf4ea162a","python","youtube-transcript-api","1.2.4","1","hermes","MIT","not-required","not-required","not-required","required","bounded-decision",""
"7f98b8b9f17e30f5abee376b34c42e72b549d1db4f2876204bd84f1f14bf26ad","python","zipp","3.23.0","1","hermes","MIT","not-required","not-required","not-required","required","bounded-decision",""
"b41cbb856ee9049585f6d0d84af24974ace5e93649afe522b84d14ecd02a7b0a","rpm","alternatives","1.24-1.el9_5.1","1","keycloak","GPL-2.0-only","required","required","not-required","required","bounded-decision",""
"077819b54e0eaca8b47c13f61b7b624a323800ef6ee3115ba4bb5aa5ea474ebd","rpm","basesystem","11-13.el9","1","keycloak","","blocked","blocked","blocked","required","open-review","unresolved-licence-scope,payload-ownership-incomplete"
"6fdd7bee9ab3eb6b209d78018992e88500f98f1dfdc5e5d3c21981366438755a","rpm","bash","5.1.8-9.el9","1","keycloak","GPL-3.0-or-later","required","required","not-required","required","bounded-decision",""
"35f9b323174f016042e4112feedb0e61d1a45a25d24218596984c1ca6122b2a9","rpm","ca-certificates","2024.2.69_v8.0.303-91.4.el9_4","1","keycloak","GPL-2.0-or-later | MIT","required","required","not-required","required","bounded-decision",""
"b586a0314eec09c252e3613661fa8f6630d0f74420999f895e568ab8340d70bb","rpm","coreutils-single","8.32-36.el9","1","keycloak","GPL-3.0-or-later","required","required","not-required","required","bounded-decision",""
"166f03a4bb4b174055469bfde22412e13aebb579501028a02b44370fd84a4c40","rpm","crypto-policies","20240828-2.git626aa59.el9_5","1","keycloak","LGPL-2.1-or-later","required","required","required","required","bounded-decision",""
"d2f7de53905dabbc0756734076a819515fe46fc50c966694da62e1c3eaf9ddbe","rpm","crypto-policies-scripts","20240828-2.git626aa59.el9_5","1","keycloak","LGPL-2.1-or-later","required","required","required","required","bounded-decision",""
"3e891861375da15113886d07a5c2a1cf064a74a66dfab4c51a1121ddac581519","rpm","filesystem","3.16-5.el9","1","keycloak","","blocked","blocked","blocked","required","open-review","unresolved-licence-scope"
"b74dedd9d6ef0c56b69d79d6acc547448fae088a33ec206c585533c4c50a62a0","rpm","findutils","1:4.8.0-7.el9","1","keycloak","GPL-3.0-or-later","required","required","not-required","required","bounded-decision",""
"2e80ebd2730f113b24b63e4729d711fa5b305cd24b50e1a669f232f3ed61bc30","rpm","glibc","2.34-125.el9_5.1","1","keycloak","","blocked","blocked","blocked","required","open-review","unresolved-licence-scope"
"6c54381235abc78ad058aad6db4e32721980ae45b630945c7e1c1781f3f7c231","rpm","glibc-common","2.34-125.el9_5.1","1","keycloak","","blocked","blocked","blocked","required","open-review","unresolved-licence-scope"
"445ccbb2fd49259fb686f3f6e469d6405ea01b44c52486fe0b3546b747211cc2","rpm","glibc-langpack-en","2.34-125.el9_5.1","1","keycloak","","blocked","blocked","blocked","required","open-review","unresolved-licence-scope"
"fcaa4d6f06f3e0844a3fabcd199fc88260720ba8507353af25167fde26750ba0","rpm","grep","3.6-5.el9","1","keycloak","GPL-3.0-or-later","required","required","not-required","required","bounded-decision",""
"1c38a16efda6d83dcc9bf66fede4fa66414355beff02194fff46d1dd4b87bef0","rpm","java-21-openjdk-headless","1:21.0.6.0.7-1.el9","1","keycloak","","blocked","blocked","blocked","required","open-review","unresolved-licence-scope"
"e7d609d4e342790e5deb743cbf0e0b6df34796394661587afc98232e1f44979a","rpm","javapackages-filesystem","6.0.0-7.el9_5","1","keycloak","BSD","blocked","blocked","blocked","required","open-review","unresolved-licence-scope"
"f4782baa1a9098f3e26f5a3cadffe63eb689534fb7a70554febd80ca0407345f","rpm","libacl","2.3.1-4.el9","1","keycloak","LGPL-2.0-or-later","required","required","required","required","bounded-decision",""
"60c9a46a5d01a8c74bfba3d1153f17be005aec43c0e4ca2a63039cad7e921f78","rpm","libattr","2.5.1-3.el9","1","keycloak","LGPL-2.0-or-later","required","required","required","required","bounded-decision",""
"ae3d25aa2ed48eb35a45f56a0e715822e3b2ed77860f61f69638c98ff54caa49","rpm","libcap","2.48-9.el9_2","1","keycloak","","blocked","blocked","blocked","required","open-review","unresolved-licence-scope"
"7c438d0ed048c565f8fcc256e32f00a5361b8373b8eee754773150db653e3302","rpm","libgcc","11.5.0-5.el9_5","1","keycloak","","blocked","blocked","blocked","required","open-review","unresolved-licence-scope"
"2c804e83a7e4948b8824e09c7b04a0d98efdfae2861d4ccf321125ece0f7bbf5","rpm","libselinux","3.6-1.el9","1","keycloak","","blocked","blocked","blocked","required","open-review","unresolved-licence-scope"
"ed86360aa0437520db729e4ab5a75309d4f7d35790d2879e6c07571c39ac3944","rpm","libsepol","3.6-1.el9","1","keycloak","LGPL-2.0-or-later","required","required","required","required","bounded-decision",""
"2015ecd5961de2d40dbcaa64cc7859c07b43c30df442a65e4fa3edc8741cfda8","rpm","libsigsegv","2.13-4.el9","1","keycloak","GPL-2.0-or-later","required","required","not-required","required","bounded-decision",""
"4d907fd746947c8392300072fc87c80e704963d1a85b2a989864c779fab9802c","rpm","libtasn1","4.16.0-8.el9_1","1","keycloak","","blocked","blocked","blocked","required","open-review","unresolved-licence-scope"
"24f75e37b731474693ac5988637c0bbf7b968b41b0e6ae1236ed6e67bf78a578","rpm","lksctp-tools","1.0.19-3.el9_4","1","keycloak","","blocked","blocked","blocked","required","open-review","unresolved-licence-scope"
"a0b8661f986eb0607c68b848b6043f866c8becd98d3ddfc2be91618df2905b1a","rpm","ncurses-base","6.2-10.20210508.el9","1","keycloak","MIT","not-required","not-required","not-required","required","bounded-decision",""
"b1103b2c2c3e5dbcac4a7969482bb028c5b166684c530ec5707e3b7c03986309","rpm","ncurses-libs","6.2-10.20210508.el9","1","keycloak","MIT","not-required","not-required","not-required","required","bounded-decision",""
"80877abe2223d6d02affea7874ad6863c6ea5dad157386b675cdc471d4cfd8c1","rpm","nspr","4.35.0-17.el9_2","1","keycloak","MPL-2.0","required","not-required","not-required","required","bounded-decision",""
"42707bd2a520c18d79b1ecf9abd37c60926318af57c1e12438df81232abd74f1","rpm","nss","3.101.0-10.el9_2","1","keycloak","MPL-2.0","required","not-required","not-required","required","bounded-decision",""
"8bef23953f31c2c14d812e3e386aa683c17ead2dc0d16e81f375f4f9558416c7","rpm","nss-softokn","3.101.0-10.el9_2","1","keycloak","MPL-2.0","required","not-required","not-required","required","bounded-decision",""
"293daddb2a5e8ceacf855b14102b312e89d46a666c0399b1c83645ea0fdd62de","rpm","nss-softokn-freebl","3.101.0-10.el9_2","1","keycloak","MPL-2.0","required","not-required","not-required","required","bounded-decision",""
"8bf26bab92cdc1009616840b55b65de5152082310bbe6a99218b94920d5d514f","rpm","nss-sysinit","3.101.0-10.el9_2","1","keycloak","MPL-2.0","required","not-required","not-required","required","bounded-decision",""
"367fe9c6a4ca1b85bc4f0e0c73871fcf4a0f85ac736d2f07ae6658e73d5718ea","rpm","nss-util","3.101.0-10.el9_2","1","keycloak","MPL-2.0","required","not-required","not-required","required","bounded-decision",""
"ef586d07c78adef044409a4f956c77f71e3cf618389af2c04bc47bc451858e96","rpm","p11-kit-trust","0.25.3-3.el9_5","1","keycloak","BSD-3-Clause","not-required","not-required","not-required","required","bounded-decision",""
"285d931d17ae165b8128c536c2c5eff0d488be185264607028bd1f35d7848ce7","rpm","pcre","8.44-4.el9","1","keycloak","BSD","blocked","blocked","blocked","required","open-review","unresolved-licence-scope"
"3e07179d40dbf75cbde516355bc5ddbde03201b4aba60990dddb371826e224df","rpm","pcre2","10.40-6.el9","1","keycloak","BSD","blocked","blocked","blocked","required","open-review","unresolved-licence-scope"
"2b1ba6781102ff1f7981143d1e3b831865196b6f0055f3683f8abb6c744c1871","rpm","pcre2-syntax","10.40-6.el9","1","keycloak","BSD","blocked","blocked","blocked","required","open-review","unresolved-licence-scope"
"7ff9f16354f3ddbd47798c30f5973e5ce3f4fefcbfb72bab9fdd3705f4b98e73","rpm","redhat-release","9.5-0.6.el9","1","keycloak","GPL-2.0-only","required","required","not-required","required","bounded-decision",""
"98796c6466eabb03ded11062ad9601612e73133c5a022490b7338871a5320e9b","rpm","sed","4.8-9.el9","1","keycloak","GPL-3.0-or-later","required","required","not-required","required","bounded-decision",""
"e9e9e481c6e98145b2504ef762420b52ddfcf1b4ca56ec909552fe980ce3a346","rpm","setup","2.13.7-10.el9","1","keycloak","","blocked","blocked","blocked","required","open-review","unresolved-licence-scope"
"1e59a10f2d9575b4d4cd9a8261a618b4ad5fe746f493eab3ed868bb6485212cb","rpm","sqlite-libs","3.34.1-7.el9_3","1","keycloak","","blocked","blocked","blocked","required","open-review","unresolved-licence-scope"
"1a74fae3e6c9b5663f9895a9453b161ea55caa36e1eadc90ba11fd8b4982b79c","rpm","tzdata","2025a-1.el9","1","keycloak","","blocked","blocked","blocked","required","open-review","unresolved-licence-scope"
"aad318055815797b6ad6d3a50147eb81686c6ec45a6eecb05184a356a7471804","rpm","tzdata-java","2025a-1.el9","1","keycloak","","blocked","blocked","blocked","required","open-review","unresolved-licence-scope"
"aad88b21433316335ec03525a5050188933f0f25dac66a4e8484fa6356546174","rpm","zlib","1.2.11-40.el9","1","keycloak","","blocked","blocked","blocked","required","open-review","unresolved-licence-scope"
"1c9bb23621ccde52e2bd2ae892280b1b332f361ae816b905d568d9d919b834da","rust-crate","adler2","2.0.1","1","hermes","MIT","not-required","not-required","not-required","required","bounded-decision",""
"f50786b282f2bdc3bb5dbfce8d772a9e3e8c4f676ac9938b259369f87074fc0e","rust-crate","adler2","2.0.1","1","hermes","MIT","not-required","not-required","not-required","required","bounded-decision",""
"ece7e47017a052a4e584f3ca1977782bee2225432910366fc3fce056c7d4e761","rust-crate","aes","0.8.4","1","hermes","MIT","not-required","not-required","not-required","required","bounded-decision",""
"edd6b02503ae144f989e55e8cbfe0174a6bf7da440f9f52a8a19e99e5ed3f1f3","rust-crate","aes","0.8.4","1","hermes","MIT","not-required","not-required","not-required","required","bounded-decision",""
"b6175b0bf36e4ed7e193d962013f8bdea1864b49de54de7316e119b483b9a2c4","rust-crate","aho-corasick","1.1.4","1","hermes","MIT","not-required","not-required","not-required","required","bounded-decision",""
"e8bcfdd475bbe72f2b6e49d7575ec80a58adc83e3a3777a3edbd15ffbc350000","rust-crate","aho-corasick","1.1.4","1","hermes","MIT","not-required","not-required","not-required","required","bounded-decision",""
"2543f368b8bd126363b04543f6dcdb242f4bb9f227ad95a51fea558f32ea3c05","rust-crate","allocator-api2","0.2.21","1","hermes","MIT","not-required","not-required","not-required","required","bounded-decision",""
"7d6d1111a0d311b419b11be40c1a8f43e2cec7f6ace9246e5797bdc487f1b218","rust-crate","allocator-api2","0.2.21","1","hermes","MIT","not-required","not-required","not-required","required","bounded-decision",""
"75adc0bca569a72ce02a1bf401d8cd4619648ed0c65fac5226ba910e02e08109","rust-crate","ambient-id","0.0.11","1","hermes","MIT","not-required","not-required","not-required","required","bounded-decision",""
"bdd823b147e0d0ab0d2e8e7d12462d86b096ac37131ca33d39839b503443e327","rust-crate","ambient-id","0.0.11","1","hermes","MIT","not-required","not-required","not-required","required","bounded-decision",""
"39cbf5abea88a31e625813e8c8a7b187d001932d865d778a04b9eb7138bb3179","rust-crate","anstream","1.0.0","1","hermes","MIT","not-required","not-required","not-required","required","bounded-decision",""
"92c2ef6ae4e3c1acd486190ea8f28ea0805c970b1355f071aa58bb1a1ee9b319","rust-crate","anstream","1.0.0","1","hermes","MIT","not-required","not-required","not-required","required","bounded-decision",""
"3e2e4277802eb1d5d79616a7404ff3bae2fca6bcb0edecc7c87aa4f1fda3a65b","rust-crate","anstyle","1.0.14","1","hermes","MIT","not-required","not-required","not-required","required","bounded-decision",""
"dea796471e3ea93bc3d6143a1af9f7c6bf039675f9dbf680668503504088d80f","rust-crate","anstyle","1.0.14","1","hermes","MIT","not-required","not-required","not-required","required","bounded-decision",""
"6889a176433ec7dab72d2b46de388a335e1d33dab03863d94baaa5bac1747a0c","rust-crate","anstyle-parse","1.0.0","1","hermes","MIT","not-required","not-required","not-required","required","bounded-decision",""
"7f057642446bada76c0457eb517c1ee4aba862a37e1cf7fa6868cbad93146ba4","rust-crate","anstyle-parse","1.0.0","1","hermes","MIT","not-required","not-required","not-required","required","bounded-decision",""
"1e065d8bc92bc082d672b649fe11b93958ec623e252e05b1ff9e73fa1c5891e5","rust-crate","anstyle-query","1.1.5","1","hermes","MIT","not-required","not-required","not-required","required","bounded-decision",""
"ef63c203fec5821d4b213dbbfa4f7ad07e02df4e7faabecca5fc5927f9f50728","rust-crate","anstyle-query","1.1.5","1","hermes","MIT","not-required","not-required","not-required","required","bounded-decision",""
"d3a84b029ba898e3f866ab5b5a535c1f1c47d53c5023d5e1c663b3eea00347fc","rust-crate","anyhow","1.0.102","1","hermes","MIT","not-required","not-required","not-required","required","bounded-decision",""
"eb66db7d316daa85bddb9ee34d50c126290cced254d1fdc657152bf8667968a3","rust-crate","anyhow","1.0.102","1","hermes","MIT","not-required","not-required","not-required","required","bounded-decision",""
"12ab82da2b7a2f15eb3b7ff0a168c55ab39422566c4576dc6499ca6ee17e1958","rust-crate","arcstr","1.2.0","1","hermes","MIT","not-required","not-required","not-required","required","bounded-decision",""
"c433e03c6928706a37ecd89d4e0727e67319dbd93e7abde9dd77cfaa55c6cbd2","rust-crate","arcstr","1.2.0","1","hermes","MIT","not-required","not-required","not-required","required","bounded-decision",""
"9ddc826010749c10e75127c5458be815756d647b0dbcb51f64b91eac95fd029a","rust-crate","asn1-rs","0.7.1","1","hermes","MIT","not-required","not-required","not-required","required","bounded-decision",""
"b48a219bfb191e934a088a57cd5c35ae403a653658e29d2fe46a5b8b2b99d055","rust-crate","asn1-rs","0.7.1","1","hermes","MIT","not-required","not-required","not-required","required","bounded-decision",""
"122271f79c3c5000cbe0059e3dca445169c60ff29b3bc33fd3d75c8291e76ba9","rust-crate","asn1-rs-impl","0.2.0","1","hermes","","blocked","blocked","blocked","required","open-review","unresolved-licence-scope"
"c262bedc218d6bf79bcf65ece694fb1afa4bf97a1f1dd55b0f820237fec6331c","rust-crate","asn1-rs-impl","0.2.0","1","hermes","","blocked","blocked","blocked","required","open-review","unresolved-licence-scope"
"36bc5ee5ac1737f2806586ea06e8d4726001d24a3afe70dcd98a6ad732cb08db","rust-crate","assert-json-diff","2.0.2","1","hermes","MIT","not-required","not-required","not-required","required","bounded-decision",""
"f2126da805190bf0ed9585b23ec0b92876f990f30f57969decb214caa85229f8","rust-crate","assert-json-diff","2.0.2","1","hermes","MIT","not-required","not-required","not-required","required","bounded-decision",""
"9bfbbc65679f16ed8ad4d0002b474bbe7fdd9487aab518ec4b3dab27e2541474","rust-crate","assert_cmd","2.2.0","1","hermes","MIT","not-required","not-required","not-required","required","bounded-decision",""
"d17e46e23a6e2ef8498c384bc434dcbadae31ef0203b369136f12d870a819f3d","rust-crate","assert_cmd","2.2.0","1","hermes","MIT","not-required","not-required","not-required","required","bounded-decision",""
"6071fbf6184f3722cae26f6c769b34981fd8129575b48c550baa672a39b384c3","rust-crate","assert_fs","1.1.3","1","hermes","MIT","not-required","not-required","not-required","required","bounded-decision",""
"cf81b8355efc4d8ac5fe8cdc5cb7cfdf5a30859d7a7f2dc884d0368905ee95cd","rust-crate","assert_fs","1.1.3","1","hermes","MIT","not-required","not-required","not-required","required","bounded-decision",""
"1f15f4a134a21143cf6b123a59fafd6f79a74414dc5c3be59372c921db3d9330","rust-crate","astral-pubgrub","0.3.3","1","hermes","MPL-2.0","required","not-required","not-required","required","bounded-decision",""
"39bac876d2168cce0323ead44075d0fd28005b6770c74b7ac6f056ed9129485f","rust-crate","astral-pubgrub","0.3.3","1","hermes","MPL-2.0","required","not-required","not-required","required","bounded-decision",""
"0e6cc8ae8ba52d5782f002f1f23c0c7890a9ecb30de393e1f671f4b5d812ca96","rust-crate","astral-reqwest-middleware","0.5.1","1","hermes","MIT","not-required","not-required","not-required","required","bounded-decision",""
"fb6d1e9d792f6d11c52e4554e56bb67cf2b9a3a77a08b0382a9b8a50d11645aa","rust-crate","astral-reqwest-middleware","0.5.1","1","hermes","MIT","not-required","not-required","not-required","required","bounded-decision",""
"2097165de53ea9218cd72d820e20f0914dd93bc6854e6ccafe191cd6dbfe71de","rust-crate","astral-reqwest-retry","0.9.1","1","hermes","MIT","not-required","not-required","not-required","required","bounded-decision",""
"6686e19538ccca78d0841c8914e7a75934d87a33d846cea15db4f0ffa54b2c06","rust-crate","astral-reqwest-retry","0.9.1","1","hermes","MIT","not-required","not-required","not-required","required","bounded-decision",""
"219e1dda35c00c526433b4c726593d952b3a1aead7a4440f7cdd26e75ee61bb1","rust-crate","astral-tl","0.7.11","1","hermes","MIT","not-required","not-required","not-required","required","bounded-decision",""
"2b59e0b43e8659e36ee473f557fcf81d5d284a1031a05856e23c268bff8c6f88","rust-crate","astral-tl","0.7.11","1","hermes","MIT","not-required","not-required","not-required","required","bounded-decision",""
"30ad52739e26d257d43cdc9c1eec919a063925ae47563f52a619f8e7412d0fb1","rust-crate","astral-tokio-tar","0.6.0","1","hermes","MIT","not-required","not-required","not-required","required","bounded-decision",""
"5753afe2960d855fc026f3e7a0d06e788ab76cf5dabad413005eea62ee15c252","rust-crate","astral-tokio-tar","0.6.0","1","hermes","MIT","not-required","not-required","not-required","required","bounded-decision",""
"b130494226769929a95f088e7b7d3b800eafd674aa0dccf3f95d50b891433b0d","rust-crate","astral-version-ranges","0.1.4","1","hermes","MPL-2.0","required","not-required","not-required","required","bounded-decision",""
"df995f0ae9984803c58cd0e3d7f5ddede1165a3ecfb027068a2318aa4daf46b7","rust-crate","astral-version-ranges","0.1.4","1","hermes","MPL-2.0","required","not-required","not-required","required","bounded-decision",""
"83cf9bea7d615c4cc9e04e1bc584f335178568d85af682bea5a49b6095ef3e79","rust-crate","astral_async_http_range_reader","0.11.0","1","hermes","MIT","not-required","not-required","not-required","required","bounded-decision",""
"ae6af5b54cd743bf6b7821be8472c1da4f5a9486ccc5e7631a4787793a72cdd0","rust-crate","astral_async_http_range_reader","0.11.0","1","hermes","MIT","not-required","not-required","not-required","required","bounded-decision",""
"767458722fc1dc13b5e029fdfad237689c1376fc7206cf17fc4e38f4bf88eb18","rust-crate","astral_async_zip","0.0.17","1","hermes","MIT","not-required","not-required","not-required","required","bounded-decision",""
"f25bfe65b7029665b4ddfd0030b439abc717bc2b878e279debd85d71ee06d40b","rust-crate","astral_async_zip","0.0.17","1","hermes","MIT","not-required","not-required","not-required","required","bounded-decision",""
"cbaea00b86405f60c23cb5424507800c0105ff680b95de4951084e7da8fbffba","rust-crate","async-broadcast","0.7.2","1","hermes","MIT","not-required","not-required","not-required","required","bounded-decision",""
"cbffadb3245b172bb34d9ee5c3e6df17b53d98bd3fa21ddc405b9776513b0058","rust-crate","async-broadcast","0.7.2","1","hermes","MIT","not-required","not-required","not-required","required","bounded-decision",""
"82104051c283241259ba93226eadb4f259ea7a02dea56304493051a110d11ef1","rust-crate","async-channel","2.5.0","1","hermes","MIT","not-required","not-required","not-required","required","bounded-decision",""
"9a4872c865cc98d4223c9330286520507ca176d024a7a0fe9b2bd1dba8fdca99","rust-crate","async-channel","2.5.0","1","hermes","MIT","not-required","not-required","not-required","required","bounded-decision",""
"0d6284cead17d1e49a7865bc8528a14d3d75130c205d292a3fe1f690802d5a9e","rust-crate","async-compression","0.4.19","1","hermes","MIT","not-required","not-required","not-required","required","bounded-decision",""
"864b6ff909dc1dedcb291d79926af43ecfc410c35c364f1eb2cb6fff3821db05","rust-crate","async-compression","0.4.19","1","hermes","MIT","not-required","not-required","not-required","required","bounded-decision",""
"0f8a5a11ccd112ccb73cb76546367928d1670837a0ac877efaca7a5a59ace413","rust-crate","async-recursion","1.1.1","1","hermes","MIT","not-required","not-required","not-required","required","bounded-decision",""
"32ca8ac9a9a5641d03350d75da27c6563365e3b5a00da234f15604f092efacdb","rust-crate","async-recursion","1.1.1","1","hermes","MIT","not-required","not-required","not-required","required","bounded-decision",""
"22da62ae825e894823b9fccee36f051d3f072e98dfa135fd48e045dd669e02fe","rust-crate","async-trait","0.1.89","1","hermes","MIT","not-required","not-required","not-required","required","bounded-decision",""
"cf25d290a8615c56ea072a56efe7c82b015bf7de18c1128d3b06af7ca65a25aa","rust-crate","async-trait","0.1.89","1","hermes","MIT","not-required","not-required","not-required","required","bounded-decision",""
"59b22320e142042e96019ce703e53bb3c849847d85c8a0d13c2802ef979f9538","rust-crate","atomic-waker","1.1.2","1","hermes","MIT","not-required","not-required","not-required","required","bounded-decision",""
"a606b317a861c559299d32754315234e56dd8328ff708a9c091aa80f2af860dc","rust-crate","atomic-waker","1.1.2","1","hermes","MIT","not-required","not-required","not-required","required","bounded-decision",""
"71c20b1f9d133dde67cceb930f0d8b06097bb1bd55fe55f4473ac68200f95627","rust-crate","aws-lc-rs","1.16.2","1","hermes","Apache-2.0 | ISC","not-required","not-required","not-required","required","bounded-decision",""
"cceb77872e9e7ec35299860714ac230456625fafbf420402d0d3f85a83f2e805","rust-crate","aws-lc-rs","1.16.2","1","hermes","Apache-2.0 | ISC","not-required","not-required","not-required","required","bounded-decision",""
"39cc316a20f2b673f1bec9dd09ef337449f2c4331a1b51d9a32c2966fd17f0ab","rust-crate","aws-lc-sys","0.39.0","1","hermes","Apache-2.0 | BSD-3-Clause | ISC | MIT | MIT-0","not-required","not-required","not-required","required","bounded-decision",""
"76147db11780d6675ea6433824a6368f1512adc8a97375e7ec9355778413ee27","rust-crate","aws-lc-sys","0.39.0","1","hermes","Apache-2.0 | BSD-3-Clause | ISC | MIT | MIT-0","not-required","not-required","not-required","required","bounded-decision",""
"14d817e02f701bf86d5239d01b96252d78eb2c40a55b885f3fdde97ae4865344","rust-crate","base64","0.21.7","1","hermes","MIT","not-required","not-required","not-required","required","bounded-decision",""
"2310220af2f906607995326174bc446c9aa6ea8e8e936f2172c5dacd983face0","rust-crate","base64","0.21.7","1","hermes","MIT","not-required","not-required","not-required","required","bounded-decision",""
"433daeac0a688d250e8107a7812932961e4149475d123d5d9972b50487a1fde9","rust-crate","base64","0.22.1","1","hermes","MIT","not-required","not-required","not-required","required","bounded-decision",""
"7ee2312d58372fe077f408b07f884ce02985afff45496a5d375987e03d7198ed","rust-crate","base64","0.22.1","1","hermes","MIT","not-required","not-required","not-required","required","bounded-decision",""
"7beb802d226048a14acfd0edcd5af65c8bfb65c0620f6157d8522d91502d337d","rust-crate","base64ct","1.8.3","1","hermes","MIT","not-required","not-required","not-required","required","bounded-decision",""
"d55ba2df5b83a26e65e1e61089d0cfbd7d1d68af2d15b6840e4cdf995444b398","rust-crate","base64ct","1.8.3","1","hermes","MIT","not-required","not-required","not-required","required","bounded-decision",""
"54d0e025e55f8e21865a443d596c76897ae2f94ea27c20fdccbb2f93913ae77d","rust-crate","bitflags","1.3.2","1","hermes","","blocked","blocked","blocked","required","open-review","unresolved-licence-scope,additional-notice-terms-scope-review"
"fafcca4d11d3e28dd91d3ae2014d2df7d39e901adabc039a28ef9285026d08b9","rust-crate","bitflags","1.3.2","1","hermes","","blocked","blocked","blocked","required","open-review","unresolved-licence-scope,additional-notice-terms-scope-review"
"3a6ca0c2e3503f4b17ee2b62571d097e8c16d5717e32f514313ced119cc9260b","rust-crate","bitflags","2.11.0","1","hermes","MIT","not-required","not-required","not-required","required","bounded-decision",""
"74f243e772ae449698c84b59ff15d791701cb71a184784e247d21de5b6e136ab","rust-crate","bitflags","2.11.0","1","hermes","MIT","not-required","not-required","not-required","required","bounded-decision",""
"110910b42667968d6abe832f4b9b6a561a91e529a67dc180e237b5187a2e66c6","rust-crate","blake2","0.10.6","1","hermes","MIT","not-required","not-required","not-required","required","bounded-decision",""
"3932b24a537b39a438d4a4eb4d7ffeb445d716d69fc487fde31f7188d4a7f4d2","rust-crate","blake2","0.10.6","1","hermes","MIT","not-required","not-required","not-required","required","bounded-decision",""
"ea2432ea104bedc367503e8edaf5cb294f4271aae63d3fa87df1e9ad4a7c3bc2","rust-crate","block-buffer","0.10.4","1","hermes","MIT","not-required","not-required","not-required","required","bounded-decision",""
"fed9690d9050e661840f06350c9a20593cd8f6913fda1cf68092a2f4bdf71c60","rust-crate","block-buffer","0.10.4","1","hermes","MIT","not-required","not-required","not-required","required","bounded-decision",""
"0268fd73de6d6ef03eca954e60edad5b111d0aa5799da553a3f17a556ff92cc1","rust-crate","block-padding","0.3.3","1","hermes","MIT","not-required","not-required","not-required","required","bounded-decision",""
"28a57758a47e7311b0024980d811d0ea7d207f2f7231200e102ba5f6b742f679","rust-crate","block-padding","0.3.3","1","hermes","MIT","not-required","not-required","not-required","required","bounded-decision",""
"5a2eb54abed631818c2d04ab17343f4bc325488128988cae303e987efd783a27","rust-crate","boxcar","0.2.14","1","hermes","MIT","not-required","not-required","not-required","required","bounded-decision",""
"a1480ec6037ddef4ae70a49937d36630b4a86ad0f03508d418023662e9561d57","rust-crate","boxcar","0.2.14","1","hermes","MIT","not-required","not-required","not-required","required","bounded-decision",""
"10f10adbef63c794d7f95cdb0240318a6ae59c1b5e86a44152cb78a0a73276cc","rust-crate","bstr","1.12.1","1","hermes","MIT","not-required","not-required","not-required","required","bounded-decision",""
"f1a1ec9abd2a5c02f75f0e999565e077b5125e5f155c0880a42f09c6064ebd7f","rust-crate","bstr","1.12.1","1","hermes","MIT","not-required","not-required","not-required","required","bounded-decision",""
"edf058bcdf87f09c6c2050e2d9c2531519e21320585d5b6baf90f292d4f7ba2d","rust-crate","bumpalo","3.20.2","1","hermes","MIT","not-required","not-required","not-required","required","bounded-decision",""
"fd4c1a339bad72d4f68242fef4190e59962114ff4fce96c72ebc2e2a5966503d","rust-crate","bumpalo","3.20.2","1","hermes","MIT","not-required","not-required","not-required","required","bounded-decision",""
"2f7e6e272dd8066cce670b6ffe47ce451063fb13a129a94622b86fa40c7626c9","rust-crate","bytecheck","0.8.2","1","hermes","MIT","not-required","not-required","not-required","required","bounded-decision",""
"6641990a24be2d858f336945cc0a4028bcd67da86b30b16ece757d066e2aaaf6","rust-crate","bytecheck","0.8.2","1","hermes","MIT","not-required","not-required","not-required","required","bounded-decision",""
"8fac52c085b2618a8bca964762387fd1c3cc419d8ba723fafb31b4ffe0453802","rust-crate","bytes","1.11.1","1","hermes","MIT","not-required","not-required","not-required","required","bounded-decision",""
"de476539f9038a10aca2d0c83a7d282fc669b4c68ab20c22bc338ce3bef4fa10","rust-crate","bytes","1.11.1","1","hermes","MIT","not-required","not-required","not-required","required","bounded-decision",""
"1a6b53d298098af87812dca4fbf4765912f47e5b8673a336434175c26ab26c01","rust-crate","bzip2","0.5.2","1","hermes","MIT","not-required","not-required","not-required","required","bounded-decision",""
"233b26fabf8720236b2235bc5d0b88a309d1a9876d6d8994151a0138de1b440a","rust-crate","bzip2","0.5.2","1","hermes","MIT","not-required","not-required","not-required","required","bounded-decision",""
"28d1854f1658e9e9d354629f33bd6ec919bc07051711d88d95811ac105067865","rust-crate","bzip2","0.6.1","1","hermes","MIT","not-required","not-required","not-required","required","bounded-decision",""
"d388b5861b999ca15fd2444ae777f68c8c8554a698b07525008dcb7a0d16f275","rust-crate","bzip2","0.6.1","1","hermes","MIT","not-required","not-required","not-required","required","bounded-decision",""
"135172c7e012b467a6b687cb3dbb881fba45aa1237743f479f869fcee65a616d","rust-crate","bzip2-sys","0.1.13+1.0.8","1","hermes","","blocked","blocked","blocked","required","open-review","unresolved-licence-scope,additional-notice-terms-scope-review"
"91f84b45ae551e0d641d62466f308de5a0580ecc432e0bda327a55f5c8cd5b5c","rust-crate","bzip2-sys","0.1.13+1.0.8","1","hermes","","blocked","blocked","blocked","required","open-review","unresolved-licence-scope,additional-notice-terms-scope-review"
"5348a30b096051901abfa630d9bd9e419b65ead95a57cf193fc56e999d08b175","rust-crate","cargo-util","0.2.27","1","hermes","MIT","not-required","not-required","not-required","required","bounded-decision",""
"c03a4f0c1170201cc37721bc4f4be5bc1feea93dba5e6696f35b610ed8333c46","rust-crate","cargo-util","0.2.27","1","hermes","MIT","not-required","not-required","not-required","required","bounded-decision",""
"5567c1de11be2ae301327df3d9cdc5d857ea1795b734d4b961790adb3557929d","rust-crate","cbc","0.1.2","1","hermes","MIT","not-required","not-required","not-required","required","bounded-decision",""
"60cf591aa86933399cc5be29be638fa93fea1d5154eebde2bace91c36382b04e","rust-crate","cbc","0.1.2","1","hermes","MIT","not-required","not-required","not-required","required","bounded-decision",""
"5cdff844f3213b07295f8aa905d4dd305f84da5538cac67941174eb15cd07e3b","rust-crate","cfg-if","1.0.4","1","hermes","MIT","not-required","not-required","not-required","required","bounded-decision",""
"84f407a3a37807fe0d241c328286110ef2840b02bd42883f335ae127bf1980a8","rust-crate","cfg-if","1.0.4","1","hermes","MIT","not-required","not-required","not-required","required","bounded-decision",""
"14e6841246a25f427c4fd30f241dab3e29ab42908671959e2381bc4ead608da4","rust-crate","charset","0.1.5","1","hermes","MIT","blocked","blocked","blocked","required","open-review","additional-notice-terms-scope-review"
"ce6be510c28cd0eae404dce907808c743d6e77f56933c57d51da8cb088a4bd72","rust-crate","charset","0.1.5","1","hermes","MIT","blocked","blocked","blocked","required","open-review","additional-notice-terms-scope-review"
"44aea5619a6405b9666778abaae8e5d361c3ac4ef7666653581bd0196d6c6da1","rust-crate","cipher","0.4.4","1","hermes","MIT","not-required","not-required","not-required","required","bounded-decision",""
"cf4863178c704bcb17e5c1a28041ae2902df6d7c4eaf161b45c6175142295c52","rust-crate","cipher","0.4.4","1","hermes","MIT","not-required","not-required","not-required","required","bounded-decision",""
"497d79d9b0818c45df9b3bcc042876789503707e74680696991f0f4744634d77","rust-crate","clap","4.6.0","1","hermes","MIT","not-required","not-required","not-required","required","bounded-decision",""
"75498bce9754c360e55b8f067cb2e04982777e4a89ecaaff9282132ef43f53bf","rust-crate","clap","4.6.0","1","hermes","MIT","not-required","not-required","not-required","required","bounded-decision",""
"22a6a06b51c6d2088db17de20e8b534a5f8827c633e51ed2198ba84dbc9126ba","rust-crate","clap_builder","4.6.0","1","hermes","MIT","not-required","not-required","not-required","required","bounded-decision",""
"58d2b75fb9eb86a3809aaa73149aa80455be9326fc658e624c029c1c69eb0360","rust-crate","clap_builder","4.6.0","1","hermes","MIT","not-required","not-required","not-required","required","bounded-decision",""
"46ad642e77e7cf6924bca1d993ff31542e8ddd9d368af12cc1d3750bdec189a1","rust-crate","clap_complete","4.6.0","1","hermes","MIT","not-required","not-required","not-required","required","bounded-decision",""
"89023a8065e0fbf0a554ae660713b64ce46a22112d9b5940e11862411ae2d9a5","rust-crate","clap_complete","4.6.0","1","hermes","MIT","not-required","not-required","not-required","required","bounded-decision",""
"c32f2a8f2d0d6f5bbae790bc77752813ad0c7ec192f99e3435bf0feed8f79b56","rust-crate","clap_complete_command","0.6.1","1","hermes","MIT","not-required","not-required","not-required","required","bounded-decision",""
"c94b17992f4a76fde415da40527fc97b50540da98cadc1686c1ba3dd816a914a","rust-crate","clap_complete_command","0.6.1","1","hermes","MIT","not-required","not-required","not-required","required","bounded-decision",""
"6cb09b4d85c304930b2c7b97bcf33cda1047c4633c665e00d83980f9b9d4ccc8","rust-crate","clap_complete_nushell","4.6.0","1","hermes","MIT","not-required","not-required","not-required","required","bounded-decision",""
"b86d780723b00f86054fb5a7ba8a30e407e5fcfccbd69d34bb5e3dbc4bcc7469","rust-crate","clap_complete_nushell","4.6.0","1","hermes","MIT","not-required","not-required","not-required","required","bounded-decision",""
"d171102114cc639dded02863ad21873666e3b07c33fce9d6894416dd15a23528","rust-crate","clap_lex","1.1.0","1","hermes","MIT","not-required","not-required","not-required","required","bounded-decision",""
"f5c78fbb8adc5049b23f5feb09e10f1d5fdfdbeb68a7c7ea19916e2ed253522b","rust-crate","clap_lex","1.1.0","1","hermes","MIT","not-required","not-required","not-required","required","bounded-decision",""
"171dca328b99018c6cea36e6730d97fa6b01e8c6bb13d40ac1d590721aeb2466","rust-crate","colorchoice","1.0.5","1","hermes","MIT","not-required","not-required","not-required","required","bounded-decision",""
"32f5b785069db3329dd4601b024f55df922a5cf6c541f1014b4aff07cfde2733","rust-crate","colorchoice","1.0.5","1","hermes","MIT","not-required","not-required","not-required","required","bounded-decision",""
"4fa2b5e3be0e3a3cd88fec4fc2e9409d6a513196262f502aa5889b63b6b574ce","rust-crate","concurrent-queue","2.5.0","1","hermes","MIT","not-required","not-required","not-required","required","bounded-decision",""
"cf2121cca94bf1743572431afd3361bca956cf9b3f1fd2ad7781ed98b3c97f5f","rust-crate","concurrent-queue","2.5.0","1","hermes","MIT","not-required","not-required","not-required","required","bounded-decision",""
"07ccb9238a04a46ee52469603579c754d8a95d6fb575324fb8f6379307919c31","rust-crate","configparser","3.1.0","1","hermes","MIT","blocked","blocked","blocked","required","open-review","additional-notice-terms-scope-review"
"860ae1565dd7fb344d07c82cdab8300ba689ab0e4b3639fe77e0ec1e316697b7","rust-crate","configparser","3.1.0","1","hermes","MIT","blocked","blocked","blocked","required","open-review","additional-notice-terms-scope-review"
"4fd53bb6cf5e3937506533f8eaeebced21ef901596859304970eaa8ee256c990","rust-crate","console","0.16.3","1","hermes","MIT","not-required","not-required","not-required","required","bounded-decision",""
"bd5ab76667ccfaa2007073b3ee930e4c8b6a1c79574dd0f27c27cbd324d50048","rust-crate","console","0.16.3","1","hermes","MIT","not-required","not-required","not-required","required","bounded-decision",""
"5211ba70524d4f212d43edeb40abd7133de935523a0948ac4b7b8efbddc76c97","rust-crate","const-oid","0.9.6","1","hermes","MIT","not-required","not-required","not-required","required","bounded-decision",""
"79f9183fae31446ac3d48a3e619ac716ce8feeef7b93894c7c92e00c62d84670","rust-crate","const-oid","0.9.6","1","hermes","MIT","not-required","not-required","not-required","required","bounded-decision",""
"45d93ac246f3aa49e0664b3d6795f4beff843525cbd241c087c9a9137f315645","rust-crate","const-random","0.1.18","1","hermes","MIT","not-required","not-required","not-required","required","bounded-decision",""
"8bfe32b1c6146fc3c8781e65b1ccf92337937705d925ea1cb9db5f342a332eef","rust-crate","const-random","0.1.18","1","hermes","MIT","not-required","not-required","not-required","required","bounded-decision",""
"5730e35e87f9740bb2936d6cf9bcfd5494e115cf22adce06b50bf70273da9c73","rust-crate","cpufeatures","0.2.17","1","hermes","MIT","not-required","not-required","not-required","required","bounded-decision",""
"738d58fe705d337a171e02f26974682d8a9237601c385b12daafa0bebcdbbd49","rust-crate","cpufeatures","0.2.17","1","hermes","MIT","not-required","not-required","not-required","required","bounded-decision",""
"3488c0b522033b149bd15e2300e936a129e807129516ed095f4435fca1882a06","rust-crate","crc32fast","1.5.0","1","hermes","MIT","not-required","not-required","not-required","required","bounded-decision",""
"5b0eeb7fe20cc56f1a4eca3286fb2161b474431500688cfc2024737c78e6d323","rust-crate","crc32fast","1.5.0","1","hermes","MIT","not-required","not-required","not-required","required","bounded-decision",""
"47078feed7f8044730c93138e2c0ce23985f5e5550ee1fcddca7012f9ab9a7ae","rust-crate","crossbeam-channel","0.5.15","1","hermes","MIT","blocked","blocked","blocked","required","open-review","additional-notice-terms-scope-review"
"7684a4c9231592ac97dac7e8682b2722e64694862ae5dbcf1dcc7abb7307a4ec","rust-crate","crossbeam-channel","0.5.15","1","hermes","MIT","blocked","blocked","blocked","required","open-review","additional-notice-terms-scope-review"
"8f8ae2606a8c48fea7c847c33c6018ddcfefcf61009e866fa9af23485f301351","rust-crate","crossbeam-deque","0.8.6","1","hermes","MIT","not-required","not-required","not-required","required","bounded-decision",""
"987591a7f307a542dac62b0418f4472201131b5ec227506db49dc31decf1a8ae","rust-crate","crossbeam-deque","0.8.6","1","hermes","MIT","not-required","not-required","not-required","required","bounded-decision",""
"e9b48df13d66aaca62139e32ba2818fbb2fcc03fcc1b46f5d320d7a0231c209d","rust-crate","crossbeam-epoch","0.9.18","1","hermes","MIT","not-required","not-required","not-required","required","bounded-decision",""
"ec94da79a5233c84fbe21ae4bd9358236e521fa8a6b4d52faadafea9f2dd9612","rust-crate","crossbeam-epoch","0.9.18","1","hermes","MIT","not-required","not-required","not-required","required","bounded-decision",""
"8bcea26134dfff0ef93934548846b1064dc40476d19bfdb26650b511a8735040","rust-crate","crossbeam-utils","0.8.21","1","hermes","MIT","not-required","not-required","not-required","required","bounded-decision",""
"90bd2f862dd5398f1c817c895a1d03182bf8eb634f417540cbba6f1613e293ca","rust-crate","crossbeam-utils","0.8.21","1","hermes","MIT","not-required","not-required","not-required","required","bounded-decision",""
"a616682e2f936718fb0f5e9c94272a46802d3fa0102de3072e1f80ce7cdc47d4","rust-crate","crypto-common","0.1.7","1","hermes","MIT","not-required","not-required","not-required","required","bounded-decision",""
"ce83b2e0e4be877043a3988a4ac4f48a5ab0842a7b496f838903081b6f3486ac","rust-crate","crypto-common","0.1.7","1","hermes","MIT","not-required","not-required","not-required","required","bounded-decision",""
"7b5e603d876aeb993649b42b08c0b734c3d1e0842144723865db8970cd594b20","rust-crate","csv","1.4.0","1","hermes","","blocked","blocked","blocked","required","open-review","unresolved-licence-scope,additional-notice-terms-scope-review"
"7ecddcae8f3fa1d8a8b56ee614037791f7d667376e00abf014330a53d15762d1","rust-crate","csv","1.4.0","1","hermes","","blocked","blocked","blocked","required","open-review","unresolved-licence-scope,additional-notice-terms-scope-review"
"a3ccde23a1372410a0cf3d8d863edddd84e37550fc28a8b07564ecbb98e21d38","rust-crate","csv-core","0.1.13","1","hermes","","blocked","blocked","blocked","required","open-review","unresolved-licence-scope,additional-notice-terms-scope-review"
"f95efb481e86e530f2d3fb6cb8b5a353ea72475de285d07db4d8d55773af6b8f","rust-crate","csv-core","0.1.13","1","hermes","","blocked","blocked","blocked","required","open-review","unresolved-licence-scope,additional-notice-terms-scope-review"
"45541bcc22549a0f3a610eb53833f20a63ab52134301a34c574c5cc5334ce2e1","rust-crate","ctrlc","3.5.2","1","hermes","","blocked","blocked","blocked","required","open-review","unresolved-licence-scope,additional-notice-terms-scope-review"
"c6a2ac63c3fffc27a5f3591f33c78f27b8bc21dab79a92824851fc56123c94c2","rust-crate","ctrlc","3.5.2","1","hermes","","blocked","blocked","blocked","required","open-review","unresolved-licence-scope,additional-notice-terms-scope-review"
"0bbe7b2116d8bc2557c0991ac0567cec69685e97a0ced5f37ec55be805d5fb7f","rust-crate","cyclonedx-bom","0.8.0","1","hermes","Apache-2.0","not-required","not-required","not-required","required","bounded-decision",""
"19c56d19d779f2a9bfeb25a127376bcf709c7ac20f7759f62f525ed003485c8e","rust-crate","cyclonedx-bom","0.8.0","1","hermes","Apache-2.0","not-required","not-required","not-required","required","bounded-decision",""
"b03fa3b5cee47bb1f02556358db5b5f3154af2e2717b7874d468289e34b51c32","rust-crate","cyclonedx-bom-macros","0.1.0","1","hermes","Apache-2.0","not-required","not-required","not-required","required","bounded-decision",""
"e2f1cd176919234262bfa19a3d0d60c813b96b353956cdbacadb97d343c39e10","rust-crate","cyclonedx-bom-macros","0.1.0","1","hermes","Apache-2.0","not-required","not-required","not-required","required","bounded-decision",""
"258821def1b2c1993c9c4dea96e6308662443b4355c2dd94ef923b8076316dfa","rust-crate","dashmap","6.1.0","1","hermes","MIT","not-required","not-required","not-required","required","bounded-decision",""
"f9474595c44049c03cf2cb383edcbf194a8be6b612a593ccf6e2d0e083bfc46f","rust-crate","dashmap","6.1.0","1","hermes","MIT","not-required","not-required","not-required","required","bounded-decision",""
"67bf361512e612ba87fcc98e7ccd733972072707a7a2e618a8e1c478b206e388","rust-crate","data-encoding","2.10.0","1","hermes","MIT","not-required","not-required","not-required","required","bounded-decision",""
"aad9e49e4627496f943c460138e93461d501f0c53ad8818e8c4f7eab8d9c1948","rust-crate","data-encoding","2.10.0","1","hermes","MIT","not-required","not-required","not-required","required","bounded-decision",""
"4ac18c0df4134c2523e8e0ce2dff90c319a19f33f5b5997350c29c02118e1672","rust-crate","deadpool","0.12.3","1","hermes","MIT","not-required","not-required","not-required","required","bounded-decision",""
"57826bd2c637839626e808a0ef4db9bd4b4c8107b98650d5c296d748a6e3c060","rust-crate","deadpool","0.12.3","1","hermes","MIT","not-required","not-required","not-required","required","bounded-decision",""
"1c71ab00ae043a30aef0d1cc38e55ea79c5ddef5c81ae19ef5f852492b725179","rust-crate","deadpool-runtime","0.1.4","1","hermes","MIT","not-required","not-required","not-required","required","bounded-decision",""
"948bd8993a29ad84643be50e7060d6c59e0780d3877fe0e94a6db90de136e9c8","rust-crate","deadpool-runtime","0.1.4","1","hermes","MIT","not-required","not-required","not-required","required","bounded-decision",""
"1934b921954695251bff2bf853ec789fe524169c80674a5c5eccbd4d6be64f8e","rust-crate","der","0.7.10","1","hermes","MIT","not-required","not-required","not-required","required","bounded-decision",""
"c899a6be16d0d29f0ed1b4a45f79ca813d0b10ba09aeb852480f17f24233ab83","rust-crate","der","0.7.10","1","hermes","MIT","not-required","not-required","not-required","required","bounded-decision",""
"29cc2980e56248b83b51f7d75494e78c48ff3fd3448cdc76b4f100a369f92733","rust-crate","der-parser","10.0.0","1","hermes","MIT","not-required","not-required","not-required","required","bounded-decision",""
"e52f618da1f802d972a8a2b8b7a5e6b8310d07c70aef561c1dfcab5b5df1bf44","rust-crate","der-parser","10.0.0","1","hermes","MIT","not-required","not-required","not-required","required","bounded-decision",""
"6575cede5c1cdd9e517a3cbbbeaae4f1e3f97fcf3af40fa5fdf78511100ef413","rust-crate","deranged","0.5.8","1","hermes","MIT","not-required","not-required","not-required","required","bounded-decision",""
"8ab69f62ecdbaa07eddd7692b8863cd2635f0d2d89658442a3605c60b8223b59","rust-crate","deranged","0.5.8","1","hermes","MIT","not-required","not-required","not-required","required","bounded-decision",""
"25bb1d31c86b5221429ef9c95d629a9d8be5928b5ed491d658feebeee2894d60","rust-crate","difflib","0.4.0","1","hermes","MIT","not-required","not-required","not-required","required","bounded-decision",""
"ee8314fdfe7fdf2983d7022a362ae36bc26a51bf941fd9b96ecd357b4607b1bc","rust-crate","difflib","0.4.0","1","hermes","MIT","not-required","not-required","not-required","required","bounded-decision",""
"6b65a1a913326c05902ab66203196a3b3fa9ecc8627d2bfb4da6af74c87596dd","rust-crate","digest","0.10.7","1","hermes","MIT","not-required","not-required","not-required","required","bounded-decision",""
"e7c7c543c73cae7538aefb009cf75c930985b9df85444eb71bf1183e9a880801","rust-crate","digest","0.10.7","1","hermes","MIT","not-required","not-required","not-required","required","bounded-decision",""
"a376c6ef37fcad032235cb12f81b168bc720585483d3aef1dfcd4c592734bd0a","rust-crate","dirs","6.0.0","1","hermes","MIT","not-required","not-required","not-required","required","bounded-decision",""
"a48223bdcc6f34272c2519649d9b78f48ac37b7389979d7c7ac344a866e0aa9b","rust-crate","dirs","6.0.0","1","hermes","MIT","not-required","not-required","not-required","required","bounded-decision",""
"adc5c489b87e9cf9a10b59c0e998a4f20a21d2a68ce4dc35c47cbad0712c870e","rust-crate","dirs-sys","0.5.0","1","hermes","MIT","not-required","not-required","not-required","required","bounded-decision",""
"d88734b6fe22052c5a763439354d58e108282eb7883428c0bf215c545805bda6","rust-crate","dirs-sys","0.5.0","1","hermes","MIT","not-required","not-required","not-required","required","bounded-decision",""
"9e6141bb90c9155dee7661d2eb9326406f15dadceb09987b25a3a60b9db410e6","rust-crate","diskus","0.9.0","1","hermes","","blocked","blocked","blocked","required","open-review","unresolved-licence-scope,additional-notice-terms-scope-review"
"b01507b3df5cdb8eac6abb0522a0475c349badfdbc6cc96d5eb14646c5b788d2","rust-crate","diskus","0.9.0","1","hermes","","blocked","blocked","blocked","required","open-review","unresolved-licence-scope,additional-notice-terms-scope-review"
"b69054af3ab19b659d9f8b6865628d50f447c78f6fc3187cc11691351eb964ee","rust-crate","displaydoc","0.2.5","1","hermes","MIT","not-required","not-required","not-required","required","bounded-decision",""
"f798aa6c2bf0ee0d730ac8638bbedab6687d6df6cf95cb0727f5fadc094ba6b0","rust-crate","displaydoc","0.2.5","1","hermes","MIT","not-required","not-required","not-required","required","bounded-decision",""
"4456269892f04a568c926aa8a54581752b7eb9bead5e7fee3af18b6ec5a71f9c","rust-crate","dlv-list","0.5.2","1","hermes","MIT","not-required","not-required","not-required","required","bounded-decision",""
"bc0546d3b15adf2c8fd90fd94ee5094087db1e84faa86d97f1211b6410411761","rust-crate","dlv-list","0.5.2","1","hermes","MIT","not-required","not-required","not-required","required","bounded-decision",""
"23b33e68feb6eb51720068ef9b72285482977a2d07e7d451664601a8b0f1acf3","rust-crate","doc-comment","0.3.4","1","hermes","MIT","not-required","not-required","not-required","required","bounded-decision",""
"f358bc9ad8e1acd3564475e2df8249fd800b3d3531cfe6465b0d98967f023e3a","rust-crate","doc-comment","0.3.4","1","hermes","MIT","not-required","not-required","not-required","required","bounded-decision",""
"234dbea3b297543edeab5b3b0d71b6c6d4b07a9c618b87d477b7b10e31b14f09","rust-crate","dotenvy","0.15.7","1","hermes","MIT","not-required","not-required","not-required","required","bounded-decision",""
"d25cecdef46c48668b76f02665c586f5fe8981922731a769e001313cc6fb3ced","rust-crate","dotenvy","0.15.7","1","hermes","MIT","not-required","not-required","not-required","required","bounded-decision",""
"82496979879a5f09803a38d4b42a883e8f3de2ed26ecf4c017548ca45403f58b","rust-crate","dunce","1.0.5","1","hermes","Apache-2.0","not-required","not-required","not-required","required","bounded-decision",""
"eb0caa382b4249be3f1a395816ea7716cefa0a5c3ac0ed8a3db0433cf143e9ea","rust-crate","dunce","1.0.5","1","hermes","Apache-2.0","not-required","not-required","not-required","required","bounded-decision",""
"9886a7f251cd31a031e520a49244988c0f20111799f871223d465b88f6ddfadd","rust-crate","dyn-clone","1.0.20","1","hermes","MIT","not-required","not-required","not-required","required","bounded-decision",""
"c5e33a7b523d48d5fea4272b0b73000c431e807f9d729354cc86d461e4946bf6","rust-crate","dyn-clone","1.0.20","1","hermes","MIT","not-required","not-required","not-required","required","bounded-decision",""
"a6f3ba28c41fe96e9e6f901b2a60e1ea583c414bde37928e24e6eac6555b0bce","rust-crate","either","1.15.0","1","hermes","MIT","not-required","not-required","not-required","required","bounded-decision",""
"ee383fb1d885b949ad2ecee710243ef2854674970c60cd109cad82b317d3a601","rust-crate","either","1.15.0","1","hermes","MIT","not-required","not-required","not-required","required","bounded-decision",""
"99a27c954a6fa1302cb2d8f20554a63f7069d1884a63dfb6c70bea8bd81c730c","rust-crate","encoding_rs","0.8.35","1","hermes","Apache-2.0 | BSD-3-Clause | MIT","blocked","blocked","blocked","required","open-review","additional-notice-terms-scope-review"
"dee327a710a1f5f0ad1eece355449dfca4593fed88ddcc0559c909b739dc3e7f","rust-crate","encoding_rs","0.8.35","1","hermes","Apache-2.0 | BSD-3-Clause | MIT","blocked","blocked","blocked","required","open-review","additional-notice-terms-scope-review"
"2ba081751186017852cb470f4d88789791e995f3ace7948f5b0a8672a27d6997","rust-crate","encoding_rs_io","0.1.7","1","hermes","MIT","not-required","not-required","not-required","required","bounded-decision",""
"36e70545889b5e81ee4da1f08921bcce9585d998813868f7cbf02646fd3158d9","rust-crate","encoding_rs_io","0.1.7","1","hermes","MIT","not-required","not-required","not-required","required","bounded-decision",""
"723a6f20218f5a302d1788e9521e0eaa018dbaca6e2cc4b187658f25e6025390","rust-crate","endi","1.1.1","1","hermes","MIT","not-required","not-required","not-required","required","bounded-decision",""
"a87acc2dfaaa37486c15476b1bd0168362c001ff045214f1de1a1ed9639288be","rust-crate","endi","1.1.1","1","hermes","MIT","not-required","not-required","not-required","required","bounded-decision",""
"0d27d1f8abc6bea04ce6e4669f51be13599f089cbd227a047ce214d094242fb7","rust-crate","enumflags2","0.7.12","1","hermes","MIT","not-required","not-required","not-required","required","bounded-decision",""
"fdae0e337885e83c0e9fab6cd3f308087f246844e0353ba0ed1f418c6dc06f45","rust-crate","enumflags2","0.7.12","1","hermes","MIT","not-required","not-required","not-required","required","bounded-decision",""
"37ecf827c285d5965900af65a38080733fa077a86af6fbc941de120acd68846e","rust-crate","equivalent","1.0.2","1","hermes","MIT","not-required","not-required","not-required","required","bounded-decision",""
"5125c17369de2972b1e2a1468f304ecc6cb86f3637a33c3cc46b06db58bcec3d","rust-crate","equivalent","1.0.2","1","hermes","MIT","not-required","not-required","not-required","required","bounded-decision",""
"06e31675ce10e6526476d8de83036c93254ee54b2e99f924b09099a58004f842","rust-crate","erased-serde","0.4.10","1","hermes","MIT","not-required","not-required","not-required","required","bounded-decision",""
"5b8349b683c8c9e4adab0ea1f4e7d4b1e68b52bc14ff7c7dcb0c3d02f4c086b8","rust-crate","erased-serde","0.4.10","1","hermes","MIT","not-required","not-required","not-required","required","bounded-decision",""
"64938650f33e8dc3b05926fb8b76f57d445cfdd2f812562030d5e61205324174","rust-crate","errno","0.3.14","1","hermes","MIT","not-required","not-required","not-required","required","bounded-decision",""
"e86cada7e369f4f0fc0fac5a789939c0081ee72b0326722dd5fe9134b006c4ac","rust-crate","errno","0.3.14","1","hermes","MIT","not-required","not-required","not-required","required","bounded-decision",""
"5e846e40084b577af1e4e0a1b3f1f1b849a088d7653069393ea4566ae34389f5","rust-crate","etcetera","0.11.0","1","hermes","MIT","not-required","not-required","not-required","required","bounded-decision",""
"bb17d3a7a1a89d9b421db3f98e767f2f56c10712d6d8bb718d8cc3a535ea25d4","rust-crate","etcetera","0.11.0","1","hermes","MIT","not-required","not-required","not-required","required","bounded-decision",""
"96f82de089f3b09957674015b48a324c1d5da843f3ec4f83ef28e364a91072de","rust-crate","event-listener","5.4.1","1","hermes","MIT","not-required","not-required","not-required","required","bounded-decision",""
"deac378e80b5cf27954179abbc1f9d41ed12a70133e9662e2bbb4c0d5ff8f913","rust-crate","event-listener","5.4.1","1","hermes","MIT","not-required","not-required","not-required","required","bounded-decision",""
"4ff8ecccd7a98b4fc6463c60473af3cdfaf6015757ef8d9f003e0a94a1e974c3","rust-crate","event-listener-strategy","0.5.4","1","hermes","MIT","not-required","not-required","not-required","required","bounded-decision",""
"50782c52023cd46e8023c3f899db7e8267bccc1621b96c65eec1cad291dac671","rust-crate","event-listener-strategy","0.5.4","1","hermes","MIT","not-required","not-required","not-required","required","bounded-decision",""
"2d0e33c85515d483a2c7975e37b903bdb3b47195e1a3563bda29c4c1fdaf32f2","rust-crate","fastrand","2.3.0","1","hermes","MIT","not-required","not-required","not-required","required","bounded-decision",""
"902b6bff8faba9a5517c7205c416b9caf02a777bcb73777aa40c9b2431813df1","rust-crate","fastrand","2.3.0","1","hermes","MIT","not-required","not-required","not-required","required","bounded-decision",""
"070e58b1370a8b200f8bc9744e1e0b33f13a85cbf14769e40a1f119675ae2107","rust-crate","filetime","0.2.27","1","hermes","","blocked","blocked","blocked","required","open-review","unresolved-licence-scope,additional-notice-terms-scope-review"
"bc57b74eeaa7f8b743efa3f34d7a96da2bc7f4958fb23d7077008eddc341b129","rust-crate","filetime","0.2.27","1","hermes","","blocked","blocked","blocked","required","open-review","unresolved-licence-scope,additional-notice-terms-scope-review"
"c15d2e13dc85e6dff47f7f14d50da1f74819b430060456ea204134649af9f9b5","rust-crate","fixedbitset","0.5.7","1","hermes","MIT","not-required","not-required","not-required","required","bounded-decision",""
"c438be0c127b5829163583a2968bd4e270ace0a655fc8da47e244ea55c3de8e0","rust-crate","fixedbitset","0.5.7","1","hermes","MIT","not-required","not-required","not-required","required","bounded-decision",""
"3a80c174f9f42429c93f346af1f0338188c63fbc2c64f4eff358c8ed50dedb2d","rust-crate","flate2","1.1.9","1","hermes","MIT","not-required","not-required","not-required","required","bounded-decision",""
"59133be0a7663424b77ec2cce292de5304d80e01ba10fb3861c50bf3478dd8c0","rust-crate","flate2","1.1.9","1","hermes","MIT","not-required","not-required","not-required","required","bounded-decision",""
"3376656a9fed27c1e9d4bf316991f7a5391a9e8841ec2f4db6066c4950d08eaf","rust-crate","float-cmp","0.10.0","1","hermes","MIT","not-required","not-required","not-required","required","bounded-decision",""
"dd36af05158e9d41262fc5c78d4782deeb2c3b4e36f95aba5246faf6af04b152","rust-crate","float-cmp","0.10.0","1","hermes","MIT","not-required","not-required","not-required","required","bounded-decision",""
"5ef9336ffb33f9ecd5568e8f3881cd29aa337bc6d143974b7f5e5024864864a8","rust-crate","fluent-uri","0.1.4","1","hermes","MIT","not-required","not-required","not-required","required","bounded-decision",""
"cb9280c2faba4c6eba60b91eaff1c09083591986a9895d9606d03fa0cd5b723e","rust-crate","fluent-uri","0.1.4","1","hermes","MIT","not-required","not-required","not-required","required","bounded-decision",""
"97e65e3247938e2fe6ab20864e390594766e06cd9fdb815d9067e78e06667875","rust-crate","fnv","1.0.7","1","hermes","","blocked","blocked","blocked","required","open-review","unresolved-licence-scope,additional-notice-terms-scope-review"
"ebf4b3b9b2628bc413beb9eb7fc3417c3b4f942b924d109a6b105d29c3f459fb","rust-crate","fnv","1.0.7","1","hermes","","blocked","blocked","blocked","required","open-review","unresolved-licence-scope,additional-notice-terms-scope-review"
"700032392dd32881f1e72a498b3cf1ccf161d19ec15050d9e5ece860039062ed","rust-crate","foldhash","0.1.5","1","hermes","Zlib","not-required","not-required","not-required","required","bounded-decision",""
"88885b97b04b429c36689af27b367e227388321aebf31eb8fb1ba0eee6ac0797","rust-crate","foldhash","0.1.5","1","hermes","Zlib","not-required","not-required","not-required","required","bounded-decision",""
"a5176c1f8e86792a604f7003f17bdcb0421163c1dca68935ffe90c98fca9b0f6","rust-crate","foldhash","0.2.0","1","hermes","Zlib","not-required","not-required","not-required","required","bounded-decision",""
"cc50b6937019b91ebbcc4b88326b29dd2c371139270e56b79d8516934fbafa75","rust-crate","foldhash","0.2.0","1","hermes","Zlib","not-required","not-required","not-required","required","bounded-decision",""
"45062775e2c3e79b0dbe7756345cc574b327f5cbcfd3f5d84350baf8e11fc9f4","rust-crate","form_urlencoded","1.2.2","1","hermes","MIT","not-required","not-required","not-required","required","bounded-decision",""
"ff4048bce50dee250877de126aed6f08a72c1f11337e67822a44c3a701b6e8de","rust-crate","form_urlencoded","1.2.2","1","hermes","MIT","not-required","not-required","not-required","required","bounded-decision",""
"76e35f3ef1646751ea4e48fd84cf64fa2c781aa0b1347e543793af8e580ddf32","rust-crate","fs-err","3.3.0","1","hermes","MIT","not-required","not-required","not-required","required","bounded-decision",""
"e81f0fd519915f8a6bda7981e2b91b4724f2a70e6acd5635e461d3dd55accc71","rust-crate","fs-err","3.3.0","1","hermes","MIT","not-required","not-required","not-required","required","bounded-decision",""
"405d25ecb0906139aa9d87c52af0bb57e8e5b2231a6ab12c6962803bc4619687","rust-crate","futures","0.3.32","1","hermes","MIT","not-required","not-required","not-required","required","bounded-decision",""
"bb3ec97f08fea132b2148c50d07c0d1c87138b76aa2fdb0039b829ed22f88a70","rust-crate","futures","0.3.32","1","hermes","MIT","not-required","not-required","not-required","required","bounded-decision",""
"835969924af291b19b948296872d5a1df3ed09c1035e162771f80ab751007794","rust-crate","futures-channel","0.3.32","1","hermes","MIT","not-required","not-required","not-required","required","bounded-decision",""
"cb1fe8346f8272c48b30b1e3f588a38340a85730857b26dd97ada9a4bd3115b8","rust-crate","futures-channel","0.3.32","1","hermes","MIT","not-required","not-required","not-required","required","bounded-decision",""
"324bc970c436fd37328bf8d18cbb28e86c4347d064dc82b54b8efc1301a1b88f","rust-crate","futures-core","0.3.32","1","hermes","MIT","not-required","not-required","not-required","required","bounded-decision",""
"3253283b91047f57789f98a3a4fa1f3853dcd46e1bcb2c64ac935a270ae5047e","rust-crate","futures-core","0.3.32","1","hermes","MIT","not-required","not-required","not-required","required","bounded-decision",""
"282ff12406314e3cf83841c793d215526ba4ded0a9596ab972d4465e64fdfab8","rust-crate","futures-executor","0.3.32","1","hermes","MIT","not-required","not-required","not-required","required","bounded-decision",""
"34bb86cd9266728039969a946b67410eacdaef9a82e6358aa68d8898acbdfdcd","rust-crate","futures-executor","0.3.32","1","hermes","MIT","not-required","not-required","not-required","required","bounded-decision",""
"69c80b4f8c1ff23b689801d23ae8e7d9c310c5ff2ce99e21ee26777fe06409e7","rust-crate","futures-io","0.3.32","1","hermes","MIT","not-required","not-required","not-required","required","bounded-decision",""
"8085f8127831f1552ee6a640fd37d45b4f101845f701a954251c979897c68c39","rust-crate","futures-io","0.3.32","1","hermes","MIT","not-required","not-required","not-required","required","bounded-decision",""
"899da519294cb6b7aadd5e730ad907ac5b604e262b05d93b1c8c63282967ba04","rust-crate","futures-lite","2.6.1","1","hermes","MIT","not-required","not-required","not-required","required","bounded-decision",""
"c3397bbac12e45adac3e8de59b059a5773cf99a4c1592ccdf5b875458b60bdfd","rust-crate","futures-lite","2.6.1","1","hermes","MIT","not-required","not-required","not-required","required","bounded-decision",""
"6a4e683e71631737c30e99df8dd1c99c406e597ef10601b42fe5bb1d414af2b7","rust-crate","futures-sink","0.3.32","1","hermes","MIT","not-required","not-required","not-required","required","bounded-decision",""
"f7f3cf3d959c03400089bbe2a021df6eedce3cdee6e74df4b06df2019c9d4e0c","rust-crate","futures-sink","0.3.32","1","hermes","MIT","not-required","not-required","not-required","required","bounded-decision",""
"bcd142a34a8a02e62e7bf76a66602e5b3132d345b606a71d1a24731192559c86","rust-crate","futures-task","0.3.32","1","hermes","MIT","not-required","not-required","not-required","required","bounded-decision",""
"cc99aa58a9969b411173bb211d4dd7c241bc1407a1b8f3d75324808ec6dac12b","rust-crate","futures-task","0.3.32","1","hermes","MIT","not-required","not-required","not-required","required","bounded-decision",""
"67ef3c92a8f7e0133c7737d18a2c098cd7d740e5fa38afa638f48062ba118a46","rust-crate","futures-util","0.3.32","1","hermes","MIT","not-required","not-required","not-required","required","bounded-decision",""
"931f5b0c7f4262a1847b4996adaf1ec620de5f7bcbcbb172a4066e2f1e53e353","rust-crate","futures-util","0.3.32","1","hermes","MIT","not-required","not-required","not-required","required","bounded-decision",""
"912c04292ca642af01ffe16a316d78338565b9604b2855f01ef54d732d0e372c","rust-crate","generic-array","0.14.7","1","hermes","MIT","not-required","not-required","not-required","required","bounded-decision",""
"a24a10299ae40f0200830d2bc9c200749050fde36e6da2525c38a8e1b11f73ca","rust-crate","generic-array","0.14.7","1","hermes","MIT","not-required","not-required","not-required","required","bounded-decision",""
"11220c73cde4461017bf84dec23103345de5a03da1f6e04da1d5eea3a4e0aa9f","rust-crate","getrandom","0.2.16","1","hermes","MIT","not-required","not-required","not-required","required","bounded-decision",""
"ea3c9f747498320ec459ce95dd83866319b67086ab293d4eecb4c86222f15185","rust-crate","getrandom","0.2.16","1","hermes","MIT","not-required","not-required","not-required","required","bounded-decision",""
"5fcc8ab1c837d818fb07dbaf7a76e44c3888a0e26a401dcbb6ee77e1a8a82073","rust-crate","getrandom","0.3.3","1","hermes","MIT","not-required","not-required","not-required","required","bounded-decision",""
"a108a909ad57f2f3607ecd59ce8ee8a77e8e07f0dd9193d76eaf5c460c83fda3","rust-crate","getrandom","0.3.3","1","hermes","MIT","not-required","not-required","not-required","required","bounded-decision",""
"09a94e38f80587b0f4ccde098e29782c7ab24c6a1c13ae135f84e5319c4af03a","rust-crate","getrandom","0.4.1","1","hermes","MIT","not-required","not-required","not-required","required","bounded-decision",""
"92358b04f769a6d3ee5109b1132e2f2a5ec1dc594fd1c15d43c5c1607c684ae5","rust-crate","getrandom","0.4.1","1","hermes","MIT","not-required","not-required","not-required","required","bounded-decision",""
"5853e352d5ccd7ca71c543a30df073cc2fdcebd9d31ce42981a281a8afc17ce2","rust-crate","glob","0.3.3","1","hermes","MIT","not-required","not-required","not-required","required","bounded-decision",""
"cb233fda5aecd26a8c551fbc62d0ec9a01eff659f186e5057722702f4db2c5c1","rust-crate","glob","0.3.3","1","hermes","MIT","not-required","not-required","not-required","required","bounded-decision",""
"a2cb146458a6ee54f938d47c2a9d4a1b61de3c4b1a433cc5ef120f6d192d28f1","rust-crate","globset","0.4.18","1","hermes","MIT","not-required","not-required","not-required","required","bounded-decision",""
"db07ae0a8c72f501dc90629a283a96076f627fd58f34495858c7f691149a0833","rust-crate","globset","0.4.18","1","hermes","MIT","not-required","not-required","not-required","required","bounded-decision",""
"0651e3412e45ef4a1e899fbef6c11a0eb0ffba10b1b1eabab3b0838816e9bd0a","rust-crate","globwalk","0.9.1","1","hermes","MIT","not-required","not-required","not-required","required","bounded-decision",""
"ac8c9c7d156dda7a2527d6efdfa9978e2bde43c72e41358c484f57cdbc893b4a","rust-crate","globwalk","0.9.1","1","hermes","MIT","not-required","not-required","not-required","required","bounded-decision",""
"8b5f6bac922503b91564173ee757aaedcf68bdef6f458bdaf0949b30e28f17ca","rust-crate","goblin","0.10.5","1","hermes","MIT","not-required","not-required","not-required","required","bounded-decision",""
"a992a8af1ab92b73221bf16fde65001bb8b09ec4ca21c561b4a9e1570c226e8e","rust-crate","goblin","0.10.5","1","hermes","MIT","not-required","not-required","not-required","required","bounded-decision",""
"108d0f92fbd6f2e301a8e508428b28e8e1e0c49c0c4d1280570066cc6eb336d3","rust-crate","h2","0.4.13","1","hermes","MIT","not-required","not-required","not-required","required","bounded-decision",""
"c68a6e867e8aedf1487ef880254c6780a2b38f4d6c2f41f47a38c3b34528ffb1","rust-crate","h2","0.4.13","1","hermes","MIT","not-required","not-required","not-required","required","bounded-decision",""
"6636a45b1b5cd742904f7b12d76949f576efce438bb32acb6da2987db80fdedd","rust-crate","hashbrown","0.14.5","1","hermes","MIT","not-required","not-required","not-required","required","bounded-decision",""
"71f248b923d049a600c38f5673d146b5d13853e5f5a7786b7c8938092a9887c4","rust-crate","hashbrown","0.14.5","1","hermes","MIT","not-required","not-required","not-required","required","bounded-decision",""
"1c176b8f99b83b5a02769f57e953998f8f05f57cc1c16a30cd5e4f5172070716","rust-crate","hashbrown","0.15.5","1","hermes","MIT","not-required","not-required","not-required","required","bounded-decision",""
"e5d62f1a348aa012ed7a56e55c8a8a1c8c5f2de0174556685c9c7a9847a5d4cc","rust-crate","hashbrown","0.15.5","1","hermes","MIT","not-required","not-required","not-required","required","bounded-decision",""
"2bce8054811610ce855c7dea21f21d28f9e8f1a3d53d78fc6173a45716eabb89","rust-crate","hashbrown","0.16.1","1","hermes","MIT","not-required","not-required","not-required","required","bounded-decision",""
"fd22a257c0f3903519b3e3451ca97941d2597c9d500faa8e4fe6dc3927c8ca4e","rust-crate","hashbrown","0.16.1","1","hermes","MIT","not-required","not-required","not-required","required","bounded-decision",""
"6868fa48fd02ab0c293890668754fee351b5a5ccbba1a904d44cf7c89005d0f4","rust-crate","hex","0.4.3","1","hermes","MIT","not-required","not-required","not-required","required","bounded-decision",""
"91b85db3a9dc9a9364ddf087cf69bdd9893ee112a4275211ccbb2b4ff7380afb","rust-crate","hex","0.4.3","1","hermes","MIT","not-required","not-required","not-required","required","bounded-decision",""
"09fc29ef48633d8316f42c71ac48b8214e3897a7d57c8e21292a50e335da3b7a","rust-crate","hkdf","0.12.4","1","hermes","MIT","not-required","not-required","not-required","required","bounded-decision",""
"df91a036c9b4ee140e9bb0b8f444843bb07684f76e1dc28c48f82771dc372e30","rust-crate","hkdf","0.12.4","1","hermes","MIT","not-required","not-required","not-required","required","bounded-decision",""
"a165713837af266416c3f5f3ee123e7ae06fa3a7eafb7cc6b4292b8f18329a3c","rust-crate","hmac","0.12.1","1","hermes","MIT","not-required","not-required","not-required","required","bounded-decision",""
"f8edc1500717c33e1d20321fe1fc109e6a2ecdba7b4d1ebd674dab8effbc1291","rust-crate","hmac","0.12.1","1","hermes","MIT","not-required","not-required","not-required","required","bounded-decision",""
"46a57f1580973b36f9d2b371c5f730a4960f2cb803986321738fa29f88093cb6","rust-crate","html-escape","0.2.13","1","hermes","MIT","not-required","not-required","not-required","required","bounded-decision",""
"7c2e21256554d3a52b677cbc0d1f96fd7e81fc171db17986dad37e52d6180810","rust-crate","html-escape","0.2.13","1","hermes","MIT","not-required","not-required","not-required","required","bounded-decision",""
"848a5925bbed3bc653b74d6073a0aca0a7b5617867c79de7fbe2e548ac6e8a17","rust-crate","http","1.4.0","1","hermes","MIT","not-required","not-required","not-required","required","bounded-decision",""
"aa2397db7043f4d9e39b73d3d7486e3a536a6d99674b1c0b2be5154173671bbe","rust-crate","http","1.4.0","1","hermes","MIT","not-required","not-required","not-required","required","bounded-decision",""
"4eee7b12bc1b8d054ecc0ae0962835bfc5db4b083ceab7de57b1318fbfea48d5","rust-crate","http-body","1.0.1","1","hermes","MIT","not-required","not-required","not-required","required","bounded-decision",""
"9a3f923dcf2900d8b1a6bf35ad332da1206abbbca5be82130c29ab7c3f082949","rust-crate","http-body","1.0.1","1","hermes","MIT","not-required","not-required","not-required","required","bounded-decision",""
"0702bedce591698f3657072972969dd19ef6760d0b78e583742a67af571e5d0c","rust-crate","http-body-util","0.1.3","1","hermes","MIT","not-required","not-required","not-required","required","bounded-decision",""
"6e400d58128c5e0db84a4a9e6136f5ace8f2e818aff08fbf3fc6b11721dcb308","rust-crate","http-body-util","0.1.3","1","hermes","MIT","not-required","not-required","not-required","required","bounded-decision",""
"3227b19c8685fbe3a58c4593bd8293160e0fd48b3fcf809808928bec7b222075","rust-crate","http-content-range","0.2.4","1","hermes","MIT","not-required","not-required","not-required","required","bounded-decision",""
"a9ff30661663d0316369e98c5ad09dc59f34ab93179c4fdb275cdf517b46372d","rust-crate","http-content-range","0.2.4","1","hermes","MIT","not-required","not-required","not-required","required","bounded-decision",""
"0938712835f64c24486762e65951c3b0a9c18ceffc2b99fd5b40126d4a2e8495","rust-crate","httparse","1.10.1","1","hermes","MIT","not-required","not-required","not-required","required","bounded-decision",""
"fc32c0c83b56af806fb4e50593add50afece71bb2a5c41000aac23a797aa8e79","rust-crate","httparse","1.10.1","1","hermes","MIT","not-required","not-required","not-required","required","bounded-decision",""
"83efa8852ca5b384cc5e12bb9c62ed04f9b93c5160988d2c7478bd8ebe535d25","rust-crate","httpdate","1.0.3","1","hermes","MIT","not-required","not-required","not-required","required","bounded-decision",""
"99b489e851e41ba486a843d42071416052f15569a74e83f1d7df20655abea954","rust-crate","httpdate","1.0.3","1","hermes","MIT","not-required","not-required","not-required","required","bounded-decision",""
"acedf5e7ef4fda2066db7b09a3c28b08127070804b09bed76e3683473add2ffe","rust-crate","hyper","1.8.1","1","hermes","MIT","not-required","not-required","not-required","required","bounded-decision",""
"e0e75f788fb88516b09dca0200ba0b188be63c3dce8bd9a7236e2aa4ff969f07","rust-crate","hyper","1.8.1","1","hermes","MIT","not-required","not-required","not-required","required","bounded-decision",""
"83f5d6ebc8db4665fea4c9b7b9e664d2a2da2790923ba584650902eb8919adc3","rust-crate","hyper-rustls","0.27.7","1","hermes","MIT","not-required","not-required","not-required","required","bounded-decision",""
"eef440964b9392f51049086859f8b78dfd5b4136e42972f1f59e61464b6db22f","rust-crate","hyper-rustls","0.27.7","1","hermes","MIT","not-required","not-required","not-required","required","bounded-decision",""
"b3dc9cbbc49265cfc827c3f5c291c5f5aded4835af0fa8ea81201a915fac2dcb","rust-crate","hyper-util","0.1.20","1","hermes","MIT","not-required","not-required","not-required","required","bounded-decision",""
"cd7c18f34c0068e59b540253c94a37a2bdecd8f1d83aafcaea433d53dbc3b230","rust-crate","hyper-util","0.1.20","1","hermes","MIT","not-required","not-required","not-required","required","bounded-decision",""
"2b83a652bb1ef6362dcd4654fdf3f7fb697c0f5ed1db26023e82099b7aa8ad80","rust-crate","icu_collections","2.1.1","1","hermes","Unicode-3.0","not-required","not-required","not-required","required","bounded-decision",""
"955f9418d5041efea071219d141835d4be54ea1af14d19f2d8035a209231e908","rust-crate","icu_collections","2.1.1","1","hermes","Unicode-3.0","not-required","not-required","not-required","required","bounded-decision",""
"2c1100a40c54a71dec250e3bb1f3b7ca5315f8636c791d191a7f4067e0badd83","rust-crate","icu_locale_core","2.1.1","1","hermes","Unicode-3.0","not-required","not-required","not-required","required","bounded-decision",""
"6a4f74a4c96105ed3a88e45b14388549d19ac59e1ad82f582275fad94fedbf10","rust-crate","icu_locale_core","2.1.1","1","hermes","Unicode-3.0","not-required","not-required","not-required","required","bounded-decision",""
"1a8d69b8636e2c53ce1b618b5ce28d993dc820dee8b19db3694cf56fcedc9ea8","rust-crate","icu_normalizer","2.1.1","1","hermes","Unicode-3.0","not-required","not-required","not-required","required","bounded-decision",""
"df2a07bb0e4bb93edcc3d17556bb6e822ca75ec92cde9a0ee62802ea3d7d6797","rust-crate","icu_normalizer","2.1.1","1","hermes","Unicode-3.0","not-required","not-required","not-required","required","bounded-decision",""
"006af7b27859af254094fb5c5b4b0e7c25aa98d0dd23cdec9c6ee351cab80e23","rust-crate","icu_normalizer_data","2.1.1","1","hermes","Unicode-3.0","not-required","not-required","not-required","required","bounded-decision",""
"022dfad8d34fd92054efde582955ab67f10c739b9aafd2a9675da56faa52e967","rust-crate","icu_normalizer_data","2.1.1","1","hermes","Unicode-3.0","not-required","not-required","not-required","required","bounded-decision",""
"0c4b930093094c600afcdaae32a453d5b2d5ed10db39ce7d7b40336fc64a15d8","rust-crate","icu_properties","2.1.2","1","hermes","Unicode-3.0","not-required","not-required","not-required","required","bounded-decision",""
"6950e62f35dbe06db1a39d1b22f5974a9470c2e85c53df970618df6c8c03e627","rust-crate","icu_properties","2.1.2","1","hermes","Unicode-3.0","not-required","not-required","not-required","required","bounded-decision",""
"158b17f1d337854bd42360700407ab4ae496b9d5f3f03bc62f4d3098b83396ee","rust-crate","icu_properties_data","2.1.2","1","hermes","Unicode-3.0","not-required","not-required","not-required","required","bounded-decision",""
"38a663cb9bb5b9d30a9cdcd8c6c9d9e081dda13f6115bd41e9821dd01fba9a5c","rust-crate","icu_properties_data","2.1.2","1","hermes","Unicode-3.0","not-required","not-required","not-required","required","bounded-decision",""
"85d909252c98e841295bd8bef87c99d103bbf9fb6c518d02e7e887000e976c6d","rust-crate","icu_provider","2.1.1","1","hermes","Unicode-3.0","not-required","not-required","not-required","required","bounded-decision",""
"fc4f9a424b98f28610654a1e1c0750bbca3de2bd0a024e458fb6887fad079c81","rust-crate","icu_provider","2.1.1","1","hermes","Unicode-3.0","not-required","not-required","not-required","required","bounded-decision",""
"03eb08897ec0add74f38a672e00b56ffd03f6be8d7c140a5885fa43ee2d844dd","rust-crate","idna","1.1.0","1","hermes","MIT","not-required","not-required","not-required","required","bounded-decision",""
"e3084c4f9e62115ca1868211680eb8d0c3acc8c8cf1bef6fc536a282d86647c5","rust-crate","idna","1.1.0","1","hermes","MIT","not-required","not-required","not-required","required","bounded-decision",""
"782ff666dac5c3d63884591df4056519a4dda8ac6396ad3b80e4fb7bd42ec212","rust-crate","idna_adapter","1.2.1","1","hermes","MIT","not-required","not-required","not-required","required","bounded-decision",""
"f45f2604380f9c2ad088c7f8ee15cb22f7a849d1039ff5c11dd375d6abe514ba","rust-crate","idna_adapter","1.2.1","1","hermes","MIT","not-required","not-required","not-required","required","bounded-decision",""
"2dc7bdddf63d3ef038600b3b11b427562ab65c48568568fab2c768a8345b75ce","rust-crate","ignore","0.4.25","1","hermes","MIT","not-required","not-required","not-required","required","bounded-decision",""
"b21fd9d32961bd1dcfed5679c6db5cbc3bfd9bd368ee3905b4ee57949a9047ce","rust-crate","ignore","0.4.25","1","hermes","MIT","not-required","not-required","not-required","required","bounded-decision",""
"d3a17f38325c32e462fed598a922faee5e3d67c3c42df24051c36c392184429e","rust-crate","indexmap","2.13.0","1","hermes","MIT","not-required","not-required","not-required","required","bounded-decision",""
"f9d94915818bbc15d3c60532a842e1b45a871528f0689e9f787ad4c01aac13dc","rust-crate","indexmap","2.13.0","1","hermes","MIT","not-required","not-required","not-required","required","bounded-decision",""
"1669b75e205fe6153b24ce9f55fa33d2ec85d15197f35b929e770eba05a5a274","rust-crate","indicatif","0.18.4","1","hermes","MIT","not-required","not-required","not-required","required","bounded-decision",""
"7f909d8340bc9daf2857a2c711573b1d81cb78f6b693584cf08f4cd8ddf47a1b","rust-crate","indicatif","0.18.4","1","hermes","MIT","not-required","not-required","not-required","required","bounded-decision",""
"79911471d1b1123455039c82a51d303a3f547454d5eed2a186f206b6fd15aefa","rust-crate","indoc","2.0.7","1","hermes","MIT","not-required","not-required","not-required","required","bounded-decision",""
"7ebdd87d34f759d4b4cc1801ce9f56f3d8146745a8c472be0b3bc1ea5789f72a","rust-crate","indoc","2.0.7","1","hermes","MIT","not-required","not-required","not-required","required","bounded-decision",""
"22a70043ba3837456665ff5de93f70e7cb8c543171de75c80d1fcd72592cd653","rust-crate","inout","0.1.4","1","hermes","MIT","not-required","not-required","not-required","required","bounded-decision",""
"8ce4b92e58a274e0f78c623045f2821c7507ad3040785cbd77333f11b63d4146","rust-crate","inout","0.1.4","1","hermes","MIT","not-required","not-required","not-required","required","bounded-decision",""
"1f7a218228000c3cb07070ea240363bd0faeadf531785d96046a2748899053b9","rust-crate","insta","1.47.1","1","hermes","Apache-2.0","not-required","not-required","not-required","required","bounded-decision",""
"5fc8d45c8bc4ce0c3519bdc3fa5dbf3441cfbae8f565bcc82e1103e828d183be","rust-crate","insta","1.47.1","1","hermes","Apache-2.0","not-required","not-required","not-required","required","bounded-decision",""
"5789a49a908b9b68bfeb014ada528fd843e71b2afb4eac567fc66a737295f434","rust-crate","ipnet","2.12.0","1","hermes","MIT","not-required","not-required","not-required","required","bounded-decision",""
"a83321cad289fe37881e59d326e3905bd02e7f3474f4497ff209b3070a19a63c","rust-crate","ipnet","2.12.0","1","hermes","MIT","not-required","not-required","not-required","required","bounded-decision",""
"2c77bcbf2099ca419351a29f96536d73325cdd247029de5ee3daa3c788f98241","rust-crate","iri-string","0.7.10","1","hermes","MIT","not-required","not-required","not-required","required","bounded-decision",""
"410fcf7c9b3fdef09310b9ece880866de71226c505d8a2889f2a781e1816889a","rust-crate","iri-string","0.7.10","1","hermes","MIT","not-required","not-required","not-required","required","bounded-decision",""
"4629df1a0823fab814b3871e86cbd58daf94d74ddd1c657117b8535e86024ccc","rust-crate","is-docker","0.2.0","1","hermes","MIT","not-required","not-required","not-required","required","bounded-decision",""
"4818a48b44cc01844fac0e536070c722927c481ab858fa895f6837ba35c04ff6","rust-crate","is-docker","0.2.0","1","hermes","MIT","not-required","not-required","not-required","required","bounded-decision",""
"8e607256d153e1b8d2c578cd72193cb62c941e7c677e93435e0684a54430c013","rust-crate","is-wsl","0.4.0","1","hermes","MIT","not-required","not-required","not-required","required","bounded-decision",""
"d3e0a65dd02352208689dcb707068e3a8090079f8319e69a08e453164da4811a","rust-crate","is-wsl","0.4.0","1","hermes","MIT","not-required","not-required","not-required","required","bounded-decision",""
"075c73fd1d61ceda2b31c3f0e2ee339ec379d144dba3a993d37d424d63daca5d","rust-crate","is_ci","1.2.0","1","hermes","ISC","not-required","not-required","not-required","required","bounded-decision",""
"dd6e16e80415637d767ac5ab30ee1c4f06857ae7ae950285fcd49e03ba57f28b","rust-crate","is_ci","1.2.0","1","hermes","ISC","not-required","not-required","not-required","required","bounded-decision",""
"5b1b4faeaaa0729ac552dc8fec82ac4a1176b5a1798d1d029599de9832fc5add","rust-crate","is_terminal_polyfill","1.70.2","1","hermes","MIT","not-required","not-required","not-required","required","bounded-decision",""
"e3012eeb4cea8b55905dd66cb6eddfc1f217c1a98c9dfa9bc0708549c0442aae","rust-crate","is_terminal_polyfill","1.70.2","1","hermes","MIT","not-required","not-required","not-required","required","bounded-decision",""
"076effb553f5d575736c1b3ef252ee82bacd04628085f112023ff7eea6e61899","rust-crate","itertools","0.14.0","1","hermes","MIT","not-required","not-required","not-required","required","bounded-decision",""
"131fd3860f662207d3344a641d8bbc0d52ebd4135cf6ff5ff1e73fb05f7d3760","rust-crate","itertools","0.14.0","1","hermes","MIT","not-required","not-required","not-required","required","bounded-decision",""
"8363164a43365f90bbf77718f05677e472159a8e7fde5af4f19848e4dc6b5bdc","rust-crate","itoa","1.0.17","1","hermes","MIT","not-required","not-required","not-required","required","bounded-decision",""
"a7930beb4978ac26290979936556499bbf8d5752670d3240c4826e18f88a6060","rust-crate","itoa","1.0.17","1","hermes","MIT","not-required","not-required","not-required","required","bounded-decision",""
"631776f4da4ef2a9bffbfbf182ad4b80541b2d1b168c4567164758f5ab795644","rust-crate","jiff","0.2.23","1","hermes","MIT","not-required","not-required","not-required","required","bounded-decision",""
"b3c59fddebcc53f47c8bfd63c508a2da9140388fad5a3b5bdfcbcef968d9a56f","rust-crate","jiff","0.2.23","1","hermes","MIT","not-required","not-required","not-required","required","bounded-decision",""
"5643eafc244bb11cf0eed18a47a0cb577cb8883ca5d9d408fa456828412671ce","rust-crate","jobserver","0.1.34","1","hermes","MIT","not-required","not-required","not-required","required","bounded-decision",""
"82067b0267616c0d8f58eb6085046698258016a40975ecfb55f1c640c5b73c7e","rust-crate","jobserver","0.1.34","1","hermes","MIT","not-required","not-required","not-required","required","bounded-decision",""
"75334cadf585761c786453b420cd0a1eaab48af987cf9a3f4f413c8e6489b41a","rust-crate","jsonwebtoken","10.3.0","1","hermes","MIT","not-required","not-required","not-required","required","bounded-decision",""
"93d869f16c683b3732755b90a97a606adeec766ba388001a437e418a5225d833","rust-crate","jsonwebtoken","10.3.0","1","hermes","MIT","not-required","not-required","not-required","required","bounded-decision",""
"125fa1e89902907f8e31a303cccf545a357cf606ba540a90a04ee1afd70b1482","rust-crate","lazy_static","1.5.0","1","hermes","MIT","not-required","not-required","not-required","required","bounded-decision",""
"a02e4ee03f3f396f5b2b3957cc4c91c1f4efc5abf0cdc83e1cc611aba4cde23b","rust-crate","lazy_static","1.5.0","1","hermes","MIT","not-required","not-required","not-required","required","bounded-decision",""
"83139a911812f835a05fdb953c51a6d39c6f3a76af5a57edb1e50d78fa2f3adf","rust-crate","libbz2-rs-sys","0.2.2","1","hermes","bzip2-1.0.6","not-required","not-required","not-required","required","bounded-decision",""
"a8ca32d2b9ab21683edc1ce5564a22e9ba26f5ea4c6afcc1efb09cd7963fe4a9","rust-crate","libbz2-rs-sys","0.2.2","1","hermes","bzip2-1.0.6","not-required","not-required","not-required","required","bounded-decision",""
"0bdcee70c1a1542801d6d954c9a9960160ba03c206d848fd9e598ff7f9885fff","rust-crate","libc","0.2.183","1","hermes","MIT","not-required","not-required","not-required","required","bounded-decision",""
"d17893ece93a598bae5bbd78be64088249c33c253ed1278ac103cf6b94ee9379","rust-crate","libc","0.2.183","1","hermes","MIT","not-required","not-required","not-required","required","bounded-decision",""
"591c1e56beb2a2dabfa36a9e113a3f84f769f77dfb50824578f998581fa56039","rust-crate","libm","0.2.16","1","hermes","MIT","not-required","not-required","not-required","required","bounded-decision",""
"a6dce88719ab4b3f2b5991bb1834e3e9641ecee8c86c89b656fa3d7d9bd82040","rust-crate","libm","0.2.16","1","hermes","MIT","not-required","not-required","not-required","required","bounded-decision",""
"2347d7d8eb4288ddbf63d07c016f924dd3e59c0f8177bf0a32b7a4a19bd9f339","rust-crate","linux-raw-sys","0.12.1","1","hermes","Apache-2.0 | MIT | WITH LLVM-exception","blocked","blocked","blocked","required","open-review","unresolved-licence-scope,additional-notice-terms-scope-review"
"28cc219390757ed81c3b6780df1015a40a34df55fca6bf3cd13bbf5949404a81","rust-crate","linux-raw-sys","0.12.1","1","hermes","Apache-2.0 | MIT | WITH LLVM-exception","blocked","blocked","blocked","required","open-review","unresolved-licence-scope,additional-notice-terms-scope-review"
"34a21a767422069b4f688b97b4027984aa09f470f59c7e1be988e1661737fb97","rust-crate","litemap","0.8.1","1","hermes","Unicode-3.0","not-required","not-required","not-required","required","bounded-decision",""
"9c4512f6c91d6a2a3cf02ae436e8bdb732d8d35e622115487b6395b9a082c841","rust-crate","litemap","0.8.1","1","hermes","Unicode-3.0","not-required","not-required","not-required","required","bounded-decision",""
"8e55f8e8a46301a0f08703d45d7f8f27328ba0c20ecaa9f2eb49ebffa0ad6e13","rust-crate","lock_api","0.4.14","1","hermes","MIT","not-required","not-required","not-required","required","bounded-decision",""
"c60427acc1ff974b8d194515f028c86bf234a17987efb6ca7d075e8124dc69b2","rust-crate","lock_api","0.4.14","1","hermes","MIT","not-required","not-required","not-required","required","bounded-decision",""
"91c901dbcbedb7a1bb0dcf6a2671187c10b7250f2ec701b010dee5fff426d1ee","rust-crate","log","0.4.29","1","hermes","MIT","not-required","not-required","not-required","required","bounded-decision",""
"aa12a861b0f47eff1a8914d8b6e93ff6fee1699b36d7133f51303b2fd7505f7e","rust-crate","log","0.4.29","1","hermes","MIT","not-required","not-required","not-required","required","bounded-decision",""
"6f38a8479c9c624fab07f47d9885001b3a874e707141183b4162f31977108ad2","rust-crate","lru-slab","0.1.2","1","hermes","MIT","not-required","not-required","not-required","required","bounded-decision",""
"df86998de34e400f63535155612631bea367210b5f021f418e259e0898cedbcd","rust-crate","lru-slab","0.1.2","1","hermes","MIT","not-required","not-required","not-required","required","bounded-decision",""
"60782d06e442954b77c77ab04ca33dd633d10d5f4980e7ecf37f2028ea83715b","rust-crate","lzma-rust2","0.16.2","1","hermes","Apache-2.0","not-required","not-required","not-required","required","bounded-decision",""
"b14af6e9e3a8a2083601c1cc52708874c9ab3943b73d35aa2b7ec3f6b6b3c7a6","rust-crate","lzma-rust2","0.16.2","1","hermes","Apache-2.0","not-required","not-required","not-required","required","bounded-decision",""
"4d7401c05c26f72d135434d104b82bd08680a8d4c6091709a69ea9983ae48484","rust-crate","lzma-sys","0.1.20","1","hermes","","blocked","blocked","blocked","required","open-review","unresolved-licence-scope,additional-notice-terms-scope-review"
"c08149e90af03bbdfbf62905a59f5a917c85aa302be7bba36842f6e71c8ce098","rust-crate","lzma-sys","0.1.20","1","hermes","","blocked","blocked","blocked","required","open-review","unresolved-licence-scope,additional-notice-terms-scope-review"
"0aee37035f4087ef65ad6193b2bdac3c9df5ee66f3e485a548ba51047e6b2ede","rust-crate","mailparse","0.16.1","1","hermes","0BSD","not-required","not-required","not-required","required","bounded-decision",""
"ab50314c9f793caaba88cf7416270da992f3d82462d8ae6553dd99bfa8a3ee35","rust-crate","mailparse","0.16.1","1","hermes","0BSD","not-required","not-required","not-required","required","bounded-decision",""
"5be634e201cba475b1f0e7684df5033174eb76c7056732cfd4d407178f74f00d","rust-crate","matchers","0.2.0","1","hermes","MIT","not-required","not-required","not-required","required","bounded-decision",""
"9248e41db0d6bca3dd0db2dff5f1cd92779c8fb5e3e5eb3aae219bbeef2cc84f","rust-crate","matchers","0.2.0","1","hermes","MIT","not-required","not-required","not-required","required","bounded-decision",""
"a764d0944cdcd0f9eae31c4fd675cd262508c28027123378d8ae25c9e46ab32c","rust-crate","md-5","0.10.6","1","hermes","MIT","not-required","not-required","not-required","required","bounded-decision",""
"e40400d0e28cb459b49a283bc7be3a611418461505bb61d1666ae8c2d463e591","rust-crate","md-5","0.10.6","1","hermes","MIT","not-required","not-required","not-required","required","bounded-decision",""
"230c900c7ad52ce628aa013c66e3288fc88919a8032727a33c33d2d15dc3e3fe","rust-crate","memchr","2.8.0","1","hermes","MIT","not-required","not-required","not-required","required","bounded-decision",""
"262a447a1c254fd60845737d8e52994df22e96b936b35163b2532b17e42d04f1","rust-crate","memchr","2.8.0","1","hermes","MIT","not-required","not-required","not-required","required","bounded-decision",""
"04e4bfbcba9502eaa85edfa87071111a17acc01163f2d26ad9e54845c08d24ee","rust-crate","memmap2","0.9.10","1","hermes","MIT","not-required","not-required","not-required","required","bounded-decision",""
"2790ea0b9669095f40c0c33cc379ae8579282cef221e0ece3fb31135542d621f","rust-crate","memmap2","0.9.10","1","hermes","MIT","not-required","not-required","not-required","required","bounded-decision",""
"e0992224a4b8ccb0066233cfe9e8098d30a92b33111e5f3ecea2f48a7e6db52b","rust-crate","miette","7.6.0","1","hermes","Apache-2.0","not-required","not-required","not-required","required","bounded-decision",""
"f888d68d09c2fabc5de9da98da36c9d63c036c4a9045ad2a6430bb16452eae96","rust-crate","miette","7.6.0","1","hermes","Apache-2.0","not-required","not-required","not-required","required","bounded-decision",""
"26b5e37c7dff8b5b90f7f5afb574f49ae43c3d7fc7abb19dbaced3bb84ca569b","rust-crate","mime","0.3.17","1","hermes","MIT","not-required","not-required","not-required","required","bounded-decision",""
"b5cd8c8e769f59b27a28ed68942fd318d9074487bf71299ef88d5b25c81008d6","rust-crate","mime","0.3.17","1","hermes","MIT","not-required","not-required","not-required","required","bounded-decision",""
"1340f757db7bc101321711b611abe04517307e9a26bb27596da2bf637ed18839","rust-crate","mime_guess","2.0.5","1","hermes","MIT","not-required","not-required","not-required","required","bounded-decision",""
"7c9337bc8fed3d0a93d9ee59faf0843ea4f5b44cb1025362e6b1a01413b9c62f","rust-crate","mime_guess","2.0.5","1","hermes","MIT","not-required","not-required","not-required","required","bounded-decision",""
"0efd4c27460325243325aae52558f404df2d7d8992765ccdbd0e77118cbc10a0","rust-crate","minimal-lexical","0.2.1","1","hermes","","blocked","blocked","blocked","required","open-review","unresolved-licence-scope,additional-notice-terms-scope-review"
"b68bfbf79ef4d33a5f86a4a224ae9795afbd62928e1742d694506e767f35906f","rust-crate","minimal-lexical","0.2.1","1","hermes","","blocked","blocked","blocked","required","open-review","unresolved-licence-scope,additional-notice-terms-scope-review"
"4e976df4dfb47625429327a4ba2a710a31dff2472f48f713226c8ddf138dc572","rust-crate","miniz_oxide","0.8.9","1","hermes","MIT","not-required","not-required","not-required","required","bounded-decision",""
"5dbfb101b5c04d698e7478bc6094671071f44f3a82dbeef191c6224cb05eb5e9","rust-crate","miniz_oxide","0.8.9","1","hermes","MIT","not-required","not-required","not-required","required","bounded-decision",""
"2b0f13aa617f33a48a06ae0ff1629cde33f3a30b254b404fe724059c46cde6f4","rust-crate","mio","1.1.1","1","hermes","MIT","not-required","not-required","not-required","required","bounded-decision",""
"810a9d13d70de2e28be1b01d193fe55c388fb75ad9652b4d3f7339c38e137e19","rust-crate","mio","1.1.1","1","hermes","MIT","not-required","not-required","not-required","required","bounded-decision",""
"5cd0c8558c48c1e8e864583dc3729fd4daaed945d6a78f969f88b0c13ae4af1e","rust-crate","munge","0.4.7","1","hermes","MIT","not-required","not-required","not-required","required","bounded-decision",""
"65a8fa6e9474935744b7a7189b7e4bb07376d96344da20ef7099207810dcf3ad","rust-crate","munge","0.4.7","1","hermes","MIT","not-required","not-required","not-required","required","bounded-decision",""
"629fcb3df63f8ce4284301c8b1a5125c12e8c4fcffc139a25d6ff3d2bd745e95","rust-crate","nanoid","0.4.0","1","hermes","MIT","not-required","not-required","not-required","required","bounded-decision",""
"892a1fb61ead34a1921f753223d2e79bdf591774bafdb348e1bf754dc747b478","rust-crate","nanoid","0.4.0","1","hermes","MIT","not-required","not-required","not-required","required","bounded-decision",""
"31460f14cbce5c93f0100940df6700bd36760945697480ab87d4761620db8462","rust-crate","nix","0.31.2","1","hermes","MIT","not-required","not-required","not-required","required","bounded-decision",""
"8bdc735149a107d89e721fb10ca638a002ac19e6b7ac3bfa001308f8311fb006","rust-crate","nix","0.31.2","1","hermes","MIT","not-required","not-required","not-required","required","bounded-decision",""
"13a9baff3c6442b68a979c93d8444023cf917cc41d64463fed3c48e6b2817a93","rust-crate","nom","7.1.3","1","hermes","MIT","not-required","not-required","not-required","required","bounded-decision",""
"891de106e917a85e5a2f58fb917b6d99702396c2a414ac986a398a521d983833","rust-crate","nom","7.1.3","1","hermes","MIT","not-required","not-required","not-required","required","bounded-decision",""
"133170872ed252af5c06f778d00207f2c815c2d8fb678a7dcfdc3f2c0493d42b","rust-crate","normalize-line-endings","0.3.0","1","hermes","Apache-2.0","not-required","not-required","not-required","required","bounded-decision",""
"54b27af05aa01d6f40d8ed149580ff426a3ffc3ad9d85c93bb28ad5f90dfa31f","rust-crate","normalize-line-endings","0.3.0","1","hermes","Apache-2.0","not-required","not-required","not-required","required","bounded-decision",""
"3fb371e46e561e3158e9f9e0db855409f96edcf924a5ffb09fbaed67182da96c","rust-crate","nu-ansi-term","0.50.3","1","hermes","MIT","not-required","not-required","not-required","required","bounded-decision",""
"4a774dd024ec71b43d62ad4fff54fb441ea1dd274159156248ec5f195c66bc34","rust-crate","nu-ansi-term","0.50.3","1","hermes","MIT","not-required","not-required","not-required","required","bounded-decision",""
"6e6e5bc520e7a8083cced1defd8a0a9d4aec3b0f2530f352d421c534aa7954b8","rust-crate","num","0.4.3","1","hermes","MIT","not-required","not-required","not-required","required","bounded-decision",""
"e3798a5fcaa595f8f6791dce779256e75762d7cdab1e564b087abb9fc951d544","rust-crate","num","0.4.3","1","hermes","MIT","not-required","not-required","not-required","required","bounded-decision",""
"6af014988899806dc621895b5581e4d844e98ca77d709e0c64018818380a1fe8","rust-crate","num-bigint","0.4.6","1","hermes","MIT","not-required","not-required","not-required","required","bounded-decision",""
"aca485547f8fe543a4e6b63851b4f0479845dc375abddfd1e828ff7295bc9bfd","rust-crate","num-bigint","0.4.6","1","hermes","MIT","not-required","not-required","not-required","required","bounded-decision",""
"5294653ec87c8368754c2cdef382fb51f68ad696a1909f88795b7fc863f1ec81","rust-crate","num-bigint-dig","0.8.6","1","hermes","","blocked","blocked","blocked","required","open-review","unresolved-licence-scope,additional-notice-terms-scope-review"
"ea3be1ee3aca10842cf532b9d0f061402761fd41b2f1ed8c8f0b9fbe3e5eadaf","rust-crate","num-bigint-dig","0.8.6","1","hermes","","blocked","blocked","blocked","required","open-review","unresolved-licence-scope,additional-notice-terms-scope-review"
"351e5b8429f0921267db7ab6f1f69fd55542847e0c1660a0cf5872d26f92a6f3","rust-crate","num-complex","0.4.6","1","hermes","MIT","not-required","not-required","not-required","required","bounded-decision",""
"54105855a58279939848dda247e775676c450a0ae73c61626805a9ca56fcfc3c","rust-crate","num-complex","0.4.6","1","hermes","MIT","not-required","not-required","not-required","required","bounded-decision",""
"34fc956142e6180017ae46187139c4ed1c8a3c1c68f4598378f62be920048277","rust-crate","num-conv","0.2.0","1","hermes","MIT","not-required","not-required","not-required","required","bounded-decision",""
"e9f942c7c20c53c97ad12fb3b62f135652cbf76a9011c28ccd176b68a05a03ef","rust-crate","num-conv","0.2.0","1","hermes","MIT","not-required","not-required","not-required","required","bounded-decision",""
"97847f6b9a0e6e20da640d6d89c8b9a8a371da13d77a4a4e115dd241ea78a9e3","rust-crate","num-integer","0.1.46","1","hermes","MIT","not-required","not-required","not-required","required","bounded-decision",""
"98959cf9f69f31cc66d25807af6fa110893ded16d5d59ae9b01751cdf0ce95e2","rust-crate","num-integer","0.1.46","1","hermes","MIT","not-required","not-required","not-required","required","bounded-decision",""
"3fb10481e8ffcd74b482e0d4f1c1ab90439f53015c72ebea5317e708ef9eb8ac","rust-crate","num-iter","0.1.45","1","hermes","MIT","not-required","not-required","not-required","required","bounded-decision",""
"5501d10431337691c5f9ba966b1e6c4a1e2080d884b1022a38df034764e2bd5c","rust-crate","num-iter","0.1.45","1","hermes","MIT","not-required","not-required","not-required","required","bounded-decision",""
"10fc5dc9b85cd38d8bd4d3286af9bfa54cd18eb24a001fe6dac6b0417b00b9c1","rust-crate","num-rational","0.4.2","1","hermes","MIT","not-required","not-required","not-required","required","bounded-decision",""
"845e8c0ec497ef1f0719a3e6a353afb4426ac73701045ba9016a7ab0c3f5f44f","rust-crate","num-rational","0.4.2","1","hermes","MIT","not-required","not-required","not-required","required","bounded-decision",""
"2aa5f4ce9746bb65e1895364c6e6ff9f26225dd180a6d05276e125ff2bcfed4f","rust-crate","num-traits","0.2.19","1","hermes","MIT","not-required","not-required","not-required","required","bounded-decision",""
"c2b8016de091620cac73d1b178f5ece4df4019e648e6e1d824ba4581f1192366","rust-crate","num-traits","0.2.19","1","hermes","MIT","not-required","not-required","not-required","required","bounded-decision",""
"8787551b233c24639d5c2ed37abcf47ed6dbd85a190c5245fd179142b6f47794","rust-crate","num_cpus","1.17.0","1","hermes","MIT","not-required","not-required","not-required","required","bounded-decision",""
"a41c91508ad485bb866dc454452d3c56aef0a59f5d156955902c28a3db302cac","rust-crate","num_cpus","1.17.0","1","hermes","MIT","not-required","not-required","not-required","required","bounded-decision",""
"0e1bab0df3c60af46ed829afacbe894f80967dbc094896bbf6fcea468b201644","rust-crate","oid-registry","0.8.1","1","hermes","MIT","not-required","not-required","not-required","required","bounded-decision",""
"1048af62126f0a404e85cd79e43a5164b3281530755e1cc92fe59c223e782401","rust-crate","oid-registry","0.8.1","1","hermes","MIT","not-required","not-required","not-required","required","bounded-decision",""
"1e058249d4255f1d67104c43996f3a4ac3f935f9bc40ee2c799a8ce9ca8fa972","rust-crate","once_cell","1.21.4","1","hermes","MIT","not-required","not-required","not-required","required","bounded-decision",""
"b0e20780d2450f0583b336fd2572c05878930826c80f3f8a51d48875b050223c","rust-crate","once_cell","1.21.4","1","hermes","MIT","not-required","not-required","not-required","required","bounded-decision",""
"501bd2e69733c8a57637aeea4b82f3d89607bebd23bbc83fc5b37b4d5da36f10","rust-crate","open","5.3.3","1","hermes","MIT","not-required","not-required","not-required","required","bounded-decision",""
"dd99e73a97383dc5475e54d6db0b2ab8542634bc877127478d947324e9f82368","rust-crate","open","5.3.3","1","hermes","MIT","not-required","not-required","not-required","required","bounded-decision",""
"4218f0b1d659dd5d4f2aab18ced1a48463a2a4a472c8be0c119dd82acc3b8b7e","rust-crate","openssl-probe","0.2.1","1","hermes","MIT","not-required","not-required","not-required","required","bounded-decision",""
"422b08e1c5dc6bfd01f0d48832b7dfe3d457bcc1fc8001277dd3c68f8351dde4","rust-crate","openssl-probe","0.2.1","1","hermes","MIT","not-required","not-required","not-required","required","bounded-decision",""
"165e81c5b1e8873e7a36f11db1b879a7322a7c8bbe61ba449618b76c8b151b28","rust-crate","option-ext","0.2.0","1","hermes","MPL-2.0","required","not-required","not-required","required","bounded-decision",""
"a16fcf3a8127fc34be5d4c847b386c04b045ca9fa069ce80e66f600cecd41bb3","rust-crate","option-ext","0.2.0","1","hermes","MPL-2.0","required","not-required","not-required","required","bounded-decision",""
"98675c0895fa2cc19841e5a2fd19e9a7b169d1cb0d7dc39e6957c356e5005b81","rust-crate","ordered-float","4.6.0","1","hermes","MIT","not-required","not-required","not-required","required","bounded-decision",""
"ba759f597a4e7fb47d8547c6fd18e5ed6ca80f76a1e4088909dc5ed40d01379d","rust-crate","ordered-float","4.6.0","1","hermes","MIT","not-required","not-required","not-required","required","bounded-decision",""
"861da7e9082c423486b3f5a9e87ffdd89c13498409b38b886c53c30da5049b2f","rust-crate","ordered-multimap","0.7.3","1","hermes","MIT","not-required","not-required","not-required","required","bounded-decision",""
"e39ee5ec6f73a294899cdc98f124f65c713be8a617aceeb7871a356ea029525a","rust-crate","ordered-multimap","0.7.3","1","hermes","MIT","not-required","not-required","not-required","required","bounded-decision",""
"448e6d2b23784a47c5a1ae5391a302671e13878aed8acdf9d2065f75c7e89908","rust-crate","ordered-stream","0.2.0","1","hermes","MIT","not-required","not-required","not-required","required","bounded-decision",""
"c071a58ea25fe89ab030e077947d5b2134528b039c0e4716083ba612a1b03180","rust-crate","ordered-stream","0.2.0","1","hermes","MIT","not-required","not-required","not-required","required","bounded-decision",""
"009f22c60576d6545587f0880f88881b69992c1387eb3422967dc7e3c93225bc","rust-crate","os_str_bytes","6.6.1","1","hermes","MIT","not-required","not-required","not-required","required","bounded-decision",""
"8b21d7e0e09bf3198e7055a00bf48f7f27bfe81edf6bff8f614d97afc6dc7acf","rust-crate","os_str_bytes","6.6.1","1","hermes","MIT","not-required","not-required","not-required","required","bounded-decision",""
"8fd4bc7d9a5eda6cbcd97cedd50db06a2a7c5ffc71fe24a7e9438974c779710e","rust-crate","owo-colors","4.3.0","1","hermes","MIT","not-required","not-required","not-required","required","bounded-decision",""
"e603a3619d8b224536c1c04485709a0d79ce988ba0421e32c29ffedb17086472","rust-crate","owo-colors","4.3.0","1","hermes","MIT","not-required","not-required","not-required","required","bounded-decision",""
"aff7db1904ac6a6a2f3cfa3c28f6445c09b3543b6035a94b1b29154d33be83b7","rust-crate","parking","2.2.1","1","hermes","MIT","not-required","not-required","not-required","required","bounded-decision",""
"ebd658da7dcc177c520fbd9ddd0cc283d0c69fa5192998b5557ef99944d507b2","rust-crate","parking","2.2.1","1","hermes","MIT","not-required","not-required","not-required","required","bounded-decision",""
"6764a65467a334bdc58061ed7ac9d7d25e34aa3a2f7de4fce3b8d0a740653e13","rust-crate","parking_lot","0.12.5","1","hermes","MIT","not-required","not-required","not-required","required","bounded-decision",""
"ca3993b705f934e7a162d4a862067bc6459fccb6aa874197109e3a16881acb4e","rust-crate","parking_lot","0.12.5","1","hermes","MIT","not-required","not-required","not-required","required","bounded-decision",""
"1056565639f912c23f6f04f5c908a973f673fdb81535d972a87aa7f11b5b9d24","rust-crate","parking_lot_core","0.9.12","1","hermes","MIT","not-required","not-required","not-required","required","bounded-decision",""
"e54e9bb297bc7fef12eb9a989e53ff74887702cfdb9afe3cb6344b1c97b454cb","rust-crate","parking_lot_core","0.9.12","1","hermes","MIT","not-required","not-required","not-required","required","bounded-decision",""
"e24fb7a97f61f2ddc0856ee24e178f9a62268fcf6f5be76d3cfa480d3e5c8405","rust-crate","path-slash","0.2.1","1","hermes","MIT","not-required","not-required","not-required","required","bounded-decision",""
"e7377fe8eae4c633496e7db990dac2998a7fa40d64c74c47f592c4c8d81f15a4","rust-crate","path-slash","0.2.1","1","hermes","MIT","not-required","not-required","not-required","required","bounded-decision",""
"199eb950e4bbaf2df5d3743f1b7ca676e383d5aea332e7ecd9f029c877639d49","rust-crate","pathdiff","0.2.3","1","hermes","","blocked","blocked","blocked","required","open-review","unresolved-licence-scope,additional-notice-terms-scope-review"
"adefab3a011e90bc711f7eb4a76da46a12a6da8c8ac8a6b51a64a8b0132c3cd6","rust-crate","pathdiff","0.2.3","1","hermes","","blocked","blocked","blocked","required","open-review","unresolved-licence-scope,additional-notice-terms-scope-review"
"30be850c3dce54156135ba1e86043826c3a138928723c9d441b15545be3696e6","rust-crate","pbkdf2","0.12.2","1","hermes","MIT","not-required","not-required","not-required","required","bounded-decision",""
"8618081de9d380f0bcc71a214ad892b619ae4fb068820fa09d46765d88e41dca","rust-crate","pbkdf2","0.12.2","1","hermes","MIT","not-required","not-required","not-required","required","bounded-decision",""
"5c3b291b7eae69f02dee47ddf8e8ce48c5b23c01d44e8b6b1d69688fc98d9bb6","rust-crate","pem","3.0.6","1","hermes","MIT","not-required","not-required","not-required","required","bounded-decision",""
"d95dde2fd12af87b5138a6893e1b3413aba2257d47f08185e86b64429b3391f8","rust-crate","pem","3.0.6","1","hermes","MIT","not-required","not-required","not-required","required","bounded-decision",""
"5094274337dbb9cbae5c2e3984af4890871eeb9576a13e07b1232c72a532edb3","rust-crate","pem-rfc7468","0.7.0","1","hermes","MIT","not-required","not-required","not-required","required","bounded-decision",""
"7e1fcbc30cde95037b008d751037cd64377a0f1a1681f0d15e1e749efecf999b","rust-crate","pem-rfc7468","0.7.0","1","hermes","MIT","not-required","not-required","not-required","required","bounded-decision",""
"041402cfb28d20439293ad7fb1440bbc4feb06cb9f789ffcb31c13884b33bcac","rust-crate","percent-encoding","2.3.2","1","hermes","MIT","not-required","not-required","not-required","required","bounded-decision",""
"84342bda1105e4e5f04784f190291a81915f4af83853bb8e7a029cf638bfe06c","rust-crate","percent-encoding","2.3.2","1","hermes","MIT","not-required","not-required","not-required","required","bounded-decision",""
"61247cb0e47abb1ea112874a1f739bdf7574e2129525d15a33dc88ccadd79576","rust-crate","pest","2.8.6","1","hermes","MIT","not-required","not-required","not-required","required","bounded-decision",""
"a8751190e1b717116804f3a630b246b94ce67978c2f0c4aece8a7c62fd9397a0","rust-crate","pest","2.8.6","1","hermes","MIT","not-required","not-required","not-required","required","bounded-decision",""
"a9b18e1f20796fda0e9a93cdd16569a973c3460cf979e76d96431f2863cbcfbf","rust-crate","pest_derive","2.8.6","1","hermes","MIT","not-required","not-required","not-required","required","bounded-decision",""
"df80e3168854ead609d89a6acb91527a38df40b99ddde200323184e53176c0f6","rust-crate","pest_derive","2.8.6","1","hermes","MIT","not-required","not-required","not-required","required","bounded-decision",""
"3f85985afa036e78b31423588c05c8d131524e2ebc5946d6a5058b06d0f310b9","rust-crate","pest_generator","2.8.6","1","hermes","MIT","not-required","not-required","not-required","required","bounded-decision",""
"c8e7e214ca4224e31a71cb2571441aefa77e0f69993a414254808c47ccc82c99","rust-crate","pest_generator","2.8.6","1","hermes","MIT","not-required","not-required","not-required","required","bounded-decision",""
"86f8506be7df44eb24ece0401d76adfb68591c0259add9c7a495f23fdfbb49aa","rust-crate","pest_meta","2.8.6","1","hermes","MIT","not-required","not-required","not-required","required","bounded-decision",""
"f9dcf1cf88df59c8660cb6d5102f7af4f491e97582d7b281fff39dbecbd41c66","rust-crate","pest_meta","2.8.6","1","hermes","MIT","not-required","not-required","not-required","required","bounded-decision",""
"37de3099482b01f14bd6bb81731b5225f565bce2bc0cfc55efe8671ceaff714b","rust-crate","petgraph","0.8.3","1","hermes","MIT","not-required","not-required","not-required","required","bounded-decision",""
"6d52d844d6cb9a7dfede113f29bf204ba42cb8e5b50cef3e0d3b4b837a3c57a3","rust-crate","petgraph","0.8.3","1","hermes","MIT","not-required","not-required","not-required","required","bounded-decision",""
"4f905606dae3f5ba3b160596e92bbb49b2c1addd128ee166cba78e286aa9ebc8","rust-crate","pin-project","1.1.11","1","hermes","MIT","not-required","not-required","not-required","required","bounded-decision",""
"be9965f34de34019d8dbabe52057a181eab32b3a895d0cf9bc2943fc8340b28d","rust-crate","pin-project","1.1.11","1","hermes","MIT","not-required","not-required","not-required","required","bounded-decision",""
"29a3f62232f451b955a10402a1962cf110fef6267682c9b989e6366d991179c1","rust-crate","pin-project-lite","0.2.17","1","hermes","MIT","not-required","not-required","not-required","required","bounded-decision",""
"eed61bfb88f19492b52641cd6b0f3b3d9f3fbad87cd2e10f83908d9b4aea6b58","rust-crate","pin-project-lite","0.2.17","1","hermes","MIT","not-required","not-required","not-required","required","bounded-decision",""
"40316994a7a66bcba5f6685c811fed408aefda85a9a77a18c8b674ba4ad2ce14","rust-crate","pin-utils","0.1.0","1","hermes","MIT","not-required","not-required","not-required","required","bounded-decision",""
"87ea417e7a1a219beeea7150166fa5ad8a6da5e75da8212f708b4f7d016bf9ae","rust-crate","pin-utils","0.1.0","1","hermes","MIT","not-required","not-required","not-required","required","bounded-decision",""
"8a6c160c2f2032058e51a6bdbbeb3dd42a7ddee7eabb79bb091fa7c2192c7b32","rust-crate","pkcs1","0.7.5","1","hermes","MIT","not-required","not-required","not-required","required","bounded-decision",""
"d88c2a0e8b15f225f68a427a5bef41c04a20a59d8943fd98db400749275a7ad0","rust-crate","pkcs1","0.7.5","1","hermes","MIT","not-required","not-required","not-required","required","bounded-decision",""
"47ecd6f54ce38f43688d629ad71f067561c21a8c105281f3bd6367f9b4f5564f","rust-crate","pkcs5","0.7.1","1","hermes","MIT","not-required","not-required","not-required","required","bounded-decision",""
"b9794349bc7f75d0fd7c44d6b455bac189961308f7621c910a67dfaae85dc7a2","rust-crate","pkcs5","0.7.1","1","hermes","MIT","not-required","not-required","not-required","required","bounded-decision",""
"0a0da063ad1818dbf50591160bbfbecfb1ea64acfd4282ce0465961fb6c7e6ec","rust-crate","pkcs8","0.10.2","1","hermes","MIT","not-required","not-required","not-required","required","bounded-decision",""
"e136f329370bccaad6d1c6dd054a8843bccca215e0094a6a990e988bac10bc3a","rust-crate","pkcs8","0.10.2","1","hermes","MIT","not-required","not-required","not-required","required","bounded-decision",""
"50fa1e8582197ff2bc340ead8b49b48f168e7e05e9870b6e8853b5dab3d056a0","rust-crate","plain","0.2.3","1","hermes","","blocked","blocked","blocked","required","open-review","unresolved-licence-scope,additional-notice-terms-scope-review"
"c24f06cee1e3cb2d217d22b28281cb7664b16cf9b819155f40402b81c421e71b","rust-crate","plain","0.2.3","1","hermes","","blocked","blocked","blocked","required","open-review","unresolved-licence-scope,additional-notice-terms-scope-review"
"259f59973c0fbae758c6c1fa9ea45c57e5ee09ad462bbbd0e11f4cf9c574a23e","rust-crate","portable-atomic","1.13.1","1","hermes","MIT","not-required","not-required","not-required","required","bounded-decision",""
"415e7eb99b8f722bd52bf6334bfcd548e81114a88cfc470f90cfddfe82d0370f","rust-crate","portable-atomic","1.13.1","1","hermes","MIT","not-required","not-required","not-required","required","bounded-decision",""
"3eacc36a7351bc2101cc8c40137ee2daa6bab23b4174e2d5f7205b41d9ff96ae","rust-crate","potential_utf","0.1.4","1","hermes","Unicode-3.0","not-required","not-required","not-required","required","bounded-decision",""
"66dcb7c11f3d573593414eecfe595cd82b8dda4f6f3362a58a243f648f0cb65f","rust-crate","potential_utf","0.1.4","1","hermes","Unicode-3.0","not-required","not-required","not-required","required","bounded-decision",""
"badf2eb228c3a0b031780d966fafdf23832515156dccf4073787801e47c725f3","rust-crate","powerfmt","0.2.0","1","hermes","MIT","not-required","not-required","not-required","required","bounded-decision",""
"d756ca93580b4b60b0def823708747f2a91548ba3dda43449fd4e10f4fb35ccc","rust-crate","powerfmt","0.2.0","1","hermes","MIT","not-required","not-required","not-required","required","bounded-decision",""
"3caaf6e38ff69e27d451c299a8351437170c9d024095e6a910fc5f69cb5339c8","rust-crate","ppv-lite86","0.2.21","1","hermes","MIT","not-required","not-required","not-required","required","bounded-decision",""
"f6b279267c0a268ff9064c3535d63edb92f3d1304f4988f11f8cb3d97567ff7b","rust-crate","ppv-lite86","0.2.21","1","hermes","MIT","not-required","not-required","not-required","required","bounded-decision",""
"e2cb469603da850f25d1ad9fcb01c4292bb33dd12a784ec050211916d6026c7c","rust-crate","predicates","3.1.4","1","hermes","MIT","not-required","not-required","not-required","required","bounded-decision",""
"eaf57f18503746b35d9682c3ba915f82aefa67d11333de2a7e0469a4d4ea2512","rust-crate","predicates","3.1.4","1","hermes","MIT","not-required","not-required","not-required","required","bounded-decision",""
"7afd65433319b59d10cf5a42586a75e0e36abbfc79cd7e45f81debf6fa225969","rust-crate","predicates-core","1.0.10","1","hermes","MIT","not-required","not-required","not-required","required","bounded-decision",""
"ae7b908182f9574a53d64ba29f76fdf56a5013018c27103c4877e5faf5820d8b","rust-crate","predicates-core","1.0.10","1","hermes","MIT","not-required","not-required","not-required","required","bounded-decision",""
"0f503c05cac2a69f8bc593129b610b8cecda82a0fe2430ea29d64531d9f09dc5","rust-crate","predicates-tree","1.0.13","1","hermes","MIT","not-required","not-required","not-required","required","bounded-decision",""
"1afe55d389a3d124193dd000b3763af5962e14fec36b52de0e42c85c19a7f287","rust-crate","predicates-tree","1.0.13","1","hermes","MIT","not-required","not-required","not-required","required","bounded-decision",""
"c1e60ae61b5cbe02708592a2a209201abeda1f84570e88f4b416096a0e918f97","rust-crate","priority-queue","2.7.0","1","hermes","MPL-2.0","required","not-required","not-required","required","bounded-decision",""
"cf99f890237af76de430b5bcfeac5e23a0d8e2b155c450a6a340ef1735c410e5","rust-crate","priority-queue","2.7.0","1","hermes","MPL-2.0","required","not-required","not-required","required","bounded-decision",""
"2b81b2d17956ff1e94125ae5609a3fdd8fc97ed6dea18846fa5de55537e6a4cc","rust-crate","proc-macro-crate","3.5.0","1","hermes","MIT","not-required","not-required","not-required","required","bounded-decision",""
"346a57e7810a0413e2609280629142ed23ecb69b638b3fcb057040fcf1331be0","rust-crate","proc-macro-crate","3.5.0","1","hermes","MIT","not-required","not-required","not-required","required","bounded-decision",""
"28467beecfafbe6dcb0eaf61f13051b31d5376cffe0cf4455e571e867c26d56e","rust-crate","proc-macro2","1.0.106","1","hermes","MIT","not-required","not-required","not-required","required","bounded-decision",""
"c48d100236307780178cae646af1acf968ecd14a5479a4404e608a10ecc85e67","rust-crate","proc-macro2","1.0.106","1","hermes","MIT","not-required","not-required","not-required","required","bounded-decision",""
"9c1f904dab6ce983464d16534017ae9761e434e6999d5a5626d3fbdbb3b5a286","rust-crate","procfs","0.18.0","1","hermes","MIT","blocked","blocked","blocked","required","open-review","additional-notice-terms-scope-review"
"f61332888c73b6c9abdf8aaaa4dd2a5d5e78a1b1ab138be7c14cf695b1a7b2e1","rust-crate","procfs","0.18.0","1","hermes","MIT","blocked","blocked","blocked","required","open-review","additional-notice-terms-scope-review"
"26ec09ab211bd24f94b9b4be29c72d2d1e709f13ae042cef86802caf127f4312","rust-crate","procfs-core","0.18.0","1","hermes","MIT","blocked","blocked","blocked","required","open-review","additional-notice-terms-scope-review"
"98ffbbb5b349cc72c8eae230c774c6a74804bd2e10164f4544b634b9cb50671d","rust-crate","procfs-core","0.18.0","1","hermes","MIT","blocked","blocked","blocked","required","open-review","additional-notice-terms-scope-review"
"2d5014e99badaf2ffb7dd5e752b5cae75cde62900b62f223cb1c33251199aeee","rust-crate","ptr_meta","0.3.1","1","hermes","MIT","not-required","not-required","not-required","required","bounded-decision",""
"65ecc9cf7e1982c7f0c5628fac773e9bf7347bca6fecb814f66c0332953c5783","rust-crate","ptr_meta","0.3.1","1","hermes","MIT","not-required","not-required","not-required","required","bounded-decision",""
"3952dca831c87be96fd5a602f0a8f98b1e7c950ac38ea68d5a58ffad23893ef7","rust-crate","purl","0.1.6","1","hermes","MIT","not-required","not-required","not-required","required","bounded-decision",""
"b85a23c728fdcc6585156748fa27bf5ebe71e22bdea3883b1be8347cc78a06d1","rust-crate","purl","0.1.6","1","hermes","MIT","not-required","not-required","not-required","required","bounded-decision",""
"41b7298990d379adc9527580abab6d2b2b388a60ea37d54b723d72036ddae777","rust-crate","quick-xml","0.39.2","1","hermes","MIT","not-required","not-required","not-required","required","bounded-decision",""
"6af980f70cfd0590cb1294007afadd06d6ae86917610520ebc30e43f3582a19e","rust-crate","quick-xml","0.39.2","1","hermes","MIT","not-required","not-required","not-required","required","bounded-decision",""
"769ad81fa7357d7d71dbe91a771fc66eb3a63067130ceb53469ee7c13cfb3724","rust-crate","quinn","0.11.9","1","hermes","MIT","not-required","not-required","not-required","required","bounded-decision",""
"77ab8548bf319e5ff1d6b43934e2ba44fe3cf0f49d6f3a8a210bd4948f618eb1","rust-crate","quinn","0.11.9","1","hermes","MIT","not-required","not-required","not-required","required","bounded-decision",""
"0ec61d7ee236a7b757ed05446af95f0144b27739dffb2b7117748df3250b8703","rust-crate","quinn-proto","0.11.14","1","hermes","MIT","not-required","not-required","not-required","required","bounded-decision",""
"d5dcceb91f0e6e833fc7c77cd211c3211c050fd0494e3bc8ac9e12cd8f035e5b","rust-crate","quinn-proto","0.11.14","1","hermes","MIT","not-required","not-required","not-required","required","bounded-decision",""
"585bb1d3cf1dca9b90c8f33c9561b772d4d176d077049411f50c428e2c06acf5","rust-crate","quinn-udp","0.5.14","1","hermes","MIT","not-required","not-required","not-required","required","bounded-decision",""
"74b7331f0717c06a8363940c6fec4dd474dfb8434e6d43db72ff5d3ae1e25d87","rust-crate","quinn-udp","0.5.14","1","hermes","MIT","not-required","not-required","not-required","required","bounded-decision",""
"b7daa542a33b1fd51e17e8c93963cd16f3018513e9f9ccbe622ec4fd71ce460d","rust-crate","quote","1.0.45","1","hermes","MIT","not-required","not-required","not-required","required","bounded-decision",""
"fa7d2fcb691f0430615364a2f4c8dfe9ee4ee38767ae6949eb28a0e002e0356a","rust-crate","quote","1.0.45","1","hermes","MIT","not-required","not-required","not-required","required","bounded-decision",""
"05189c9f445a6c8eee0eb5cf6039021ad7f732fc09ac6020ad3728116a4fdd7c","rust-crate","quoted_printable","0.5.1","1","hermes","0BSD","not-required","not-required","not-required","required","bounded-decision",""
"fe543e42296e9eb1507a4048049dfe043a94aa9fe1950c958e669746374394ff","rust-crate","quoted_printable","0.5.1","1","hermes","0BSD","not-required","not-required","not-required","required","bounded-decision",""
"1c5069f5bde9772f21521ad2a81c87052c40e470d252c59a9093113dd5282813","rust-crate","rancor","0.1.1","1","hermes","MIT","not-required","not-required","not-required","required","bounded-decision",""
"f640d2e0c893ce4ece9f4d7baac613fc6f32e4d416a5842e95b6b51066aa9500","rust-crate","rancor","0.1.1","1","hermes","MIT","not-required","not-required","not-required","required","bounded-decision",""
"1b59f47c89a75ba0a8cd8a14dbadfb32a37ab15b7d5c1ad910dcc5cb75f7a156","rust-crate","rand","0.8.5","1","hermes","MIT","not-required","not-required","not-required","required","bounded-decision",""
"b4331d761238e5f805cae7da53a6da514e5d7a8425e8bb153e8e602e7d07c2d5","rust-crate","rand","0.8.5","1","hermes","MIT","not-required","not-required","not-required","required","bounded-decision",""
"49a5548d414f1a1feed486fd14fe6cad106f4bed7d5747a2022c8d005d501585","rust-crate","rand","0.9.2","1","hermes","MIT","not-required","not-required","not-required","required","bounded-decision",""
"7d3cec55553e361f687db5feaf87f600534ca2a023642a217839cc3089d47d53","rust-crate","rand","0.9.2","1","hermes","MIT","not-required","not-required","not-required","required","bounded-decision",""
"827512c181d50f8c9aaf014eb8b4b851e01a92e57d02614a7914afce9625f89e","rust-crate","rand_chacha","0.3.1","1","hermes","MIT","not-required","not-required","not-required","required","bounded-decision",""
"d8d478b5055c48455fa41d51cce204652440dcf33505f9dd6a9b3986abca7dd5","rust-crate","rand_chacha","0.3.1","1","hermes","MIT","not-required","not-required","not-required","required","bounded-decision",""
"0b2e1f3ea323609fb7a8f63edacd7bd9e38c5f781b8e78ae43e72d3d0af4d02e","rust-crate","rand_chacha","0.9.0","1","hermes","MIT","not-required","not-required","not-required","required","bounded-decision",""
"1fb89132b1f176f71816d3c652dee3488dfcadccc61ef22b5a64f5845cb10def","rust-crate","rand_chacha","0.9.0","1","hermes","MIT","not-required","not-required","not-required","required","bounded-decision",""
"bed6270b97f6199bd5bc8627adbdecebf5216cedded89b0fdeebdd423a9b9a55","rust-crate","rand_core","0.6.4","1","hermes","MIT","not-required","not-required","not-required","required","bounded-decision",""
"c68cbb825897d5bac94f0ef23b44d5eab20e674fc505137a5c154341df2613ee","rust-crate","rand_core","0.6.4","1","hermes","MIT","not-required","not-required","not-required","required","bounded-decision",""
"80a59539afe16cf15b7f38360b9c0d1b1d4ebaadd4af71081a3e05917fc59911","rust-crate","rand_core","0.9.5","1","hermes","MIT","not-required","not-required","not-required","required","bounded-decision",""
"89faff80b3240b593e38b7524d464155af8525e95e4d1b018cd31bc42a74889d","rust-crate","rand_core","0.9.5","1","hermes","MIT","not-required","not-required","not-required","required","bounded-decision",""
"0e6a6545980765b959e5716ce9262bd4072c4e43f9b2769900f256264f304d7a","rust-crate","rayon","1.11.0","1","hermes","MIT","not-required","not-required","not-required","required","bounded-decision",""
"96818568ee0948432caa1d7e9ce1b68b6265a79deb4e6bef442714b3edbe6f3a","rust-crate","rayon","1.11.0","1","hermes","MIT","not-required","not-required","not-required","required","bounded-decision",""
"893a1f6ba93917dfebbd85fc5200974c77b0c62146ea3c00db21c09c78fbce6d","rust-crate","rayon-core","1.13.0","1","hermes","MIT","not-required","not-required","not-required","required","bounded-decision",""
"dff2c3ed4447bb2783f97bd3ca5801d839cdb0b3de898e91cdf42ac8bfaef057","rust-crate","rayon-core","1.13.0","1","hermes","MIT","not-required","not-required","not-required","required","bounded-decision",""
"2d28b24a8eb036d5b681dd1ea1bd1b0df3a815953910145e159688ddf5b5034d","rust-crate","ref-cast","1.0.25","1","hermes","MIT","not-required","not-required","not-required","required","bounded-decision",""
"ad26da5958ac882a282d306f315c7553dbb1be22a0bfc4581d461f67038c2ff9","rust-crate","ref-cast","1.0.25","1","hermes","MIT","not-required","not-required","not-required","required","bounded-decision",""
"066899a23683620a011e0feb1b2846ef60b05a0f38e9bb4114be4c7f28c3342f","rust-crate","reflink-copy","0.1.29","1","hermes","","blocked","blocked","blocked","required","open-review","unresolved-licence-scope,additional-notice-terms-scope-review"
"7f7e03c9b3b8de20238dd476b141dcda39238d3ae43f7e253c0a75b3264b1f5d","rust-crate","reflink-copy","0.1.29","1","hermes","","blocked","blocked","blocked","required","open-review","unresolved-licence-scope,additional-notice-terms-scope-review"
"1995eaae91cba3992940fbd1b39a85663652002a9f2d65aa10d94a022a8c840a","rust-crate","regex","1.12.3","1","hermes","MIT","not-required","not-required","not-required","required","bounded-decision",""
"dd36a7272d47e345ae343f6f2f86cdc39b113d351d9f2372b8b22b408f0f2c59","rust-crate","regex","1.12.3","1","hermes","MIT","not-required","not-required","not-required","required","bounded-decision",""
"bb94dd747a8d1dd9f517baf958ac2c8eaab8006f44503a6f3b5f99b6c327ab46","rust-crate","regex-automata","0.4.14","1","hermes","MIT","not-required","not-required","not-required","required","bounded-decision",""
"bc644bec881e4a100194cef02009c3c347c89e02f97534525c777a7b2fd0e79d","rust-crate","regex-automata","0.4.14","1","hermes","MIT","not-required","not-required","not-required","required","bounded-decision",""
"202bc77ac016b6d3641bd6b70dfc9053751723648e5edbcebe83ed6bd1aa62fc","rust-crate","regex-syntax","0.8.10","1","hermes","MIT","blocked","blocked","blocked","required","open-review","additional-notice-terms-scope-review"
"3f9ff3c6cb6cfd344706468f0240955fd7b95c917e4771738763ea696514ecda","rust-crate","regex-syntax","0.8.10","1","hermes","MIT","blocked","blocked","blocked","required","open-review","additional-notice-terms-scope-review"
"0481ab7ecb94964d4db137ea8b28e3d6bc541dc387cf3adeb1ddb8ec70d3bbdf","rust-crate","rend","0.5.3","1","hermes","MIT","not-required","not-required","not-required","required","bounded-decision",""
"2f5ddb821ffd45459e78599cac0e1708b8df7df0202bd863c4801375bf936e15","rust-crate","rend","0.5.3","1","hermes","MIT","not-required","not-required","not-required","required","bounded-decision",""
"0928aa8a17fba40b6a6d6fd1e94031255187b3b0f61e6e9e9ef0fa0c2e5143df","rust-crate","reqsign","0.20.0","1","hermes","Apache-2.0","not-required","not-required","not-required","required","bounded-decision",""
"4e1e6c846219794abda495707c9cf1c4e8c74c4546c606d1c8254a7a932b5330","rust-crate","reqsign","0.20.0","1","hermes","Apache-2.0","not-required","not-required","not-required","required","bounded-decision",""
"0891fe07a6e9c34493037f970524b4cb37992100edd8330414b627c52118a926","rust-crate","reqsign-aws-v4","3.0.0","1","hermes","Apache-2.0","not-required","not-required","not-required","required","bounded-decision",""
"894d504324729c0cabe07bed0abd82d8bdf26a9602b8208602285f816dc113d3","rust-crate","reqsign-aws-v4","3.0.0","1","hermes","Apache-2.0","not-required","not-required","not-required","required","bounded-decision",""
"120734fad8c1f25afde5c3fa20399723c3bfae1f799c79b382d0395262eebf34","rust-crate","reqsign-command-execute-tokio","3.0.0","1","hermes","Apache-2.0","not-required","not-required","not-required","required","bounded-decision",""
"8e4bc47709cae35f842deb5ae7a37069982b0cfb4851ff3ff340e74d20d0b9b7","rust-crate","reqsign-command-execute-tokio","3.0.0","1","hermes","Apache-2.0","not-required","not-required","not-required","required","bounded-decision",""
"144da3f4646e475499b42317b240a5ca965155f87feb3187f73e7446d87549da","rust-crate","reqsign-core","3.0.0","1","hermes","Apache-2.0","not-required","not-required","not-required","required","bounded-decision",""
"ad7c355899f8b66bc1bc73b782b122eecdacc018bf8054b9920ffd9f341a28a8","rust-crate","reqsign-core","3.0.0","1","hermes","Apache-2.0","not-required","not-required","not-required","required","bounded-decision",""
"111873a81cbb83d5f4f8034c0d6aba675f9eb22410934dd71deab1ad4f538b6a","rust-crate","reqsign-file-read-tokio","3.0.0","1","hermes","Apache-2.0","not-required","not-required","not-required","required","bounded-decision",""
"83553b94ef6152857e63814fea749dc931867266c5639be09853fe6052d43e8b","rust-crate","reqsign-file-read-tokio","3.0.0","1","hermes","Apache-2.0","not-required","not-required","not-required","required","bounded-decision",""
"0f734dadbaf74c49b571628269c16d978f47d400eabfa4de429d79cd7db0a2d9","rust-crate","reqsign-google","3.0.0","1","hermes","Apache-2.0","not-required","not-required","not-required","required","bounded-decision",""
"b0b9931bb1217b413d322a0744cbadd60ee1c1c63abdc2c152439b32d550f42b","rust-crate","reqsign-google","3.0.0","1","hermes","Apache-2.0","not-required","not-required","not-required","required","bounded-decision",""
"7c2d0e2d1c3b2f68b76c929949d464025f69d15ed97f05594fc6dc6b576e228b","rust-crate","reqsign-http-send-reqwest","4.0.0","1","hermes","Apache-2.0","not-required","not-required","not-required","required","bounded-decision",""
"e2156ac2b7f17bd6fdc2e171862159b2cd705d129d324b9a9086caf5bf9032ca","rust-crate","reqsign-http-send-reqwest","4.0.0","1","hermes","Apache-2.0","not-required","not-required","not-required","required","bounded-decision",""
"3f00f24964d335dd5833c7bd5adfb9f6d8399a2781c14f652eb886e58c715ae6","rust-crate","reqwest","0.13.2","1","hermes","MIT","not-required","not-required","not-required","required","bounded-decision",""
"664abdbdc5b09011dcafe7890a3e017cf30eac832b2294eccc7471bd050b1203","rust-crate","reqwest","0.13.2","1","hermes","MIT","not-required","not-required","not-required","required","bounded-decision",""
"4f56f2dc1fa8fcbd6b16a302e4854cdd3726c2b63c92ebc2ece49d5d29af3209","rust-crate","retry-policies","0.5.1","1","hermes","MIT","not-required","not-required","not-required","required","bounded-decision",""
"efc3d2b3f1d3ce974b5820725b9203b29be8bebd3971a41647a2b4c9c310e67b","rust-crate","retry-policies","0.5.1","1","hermes","MIT","not-required","not-required","not-required","required","bounded-decision",""
"123ffcd9a8d9daca3b37acc8ceb50a8c6d157fb973b22aba4a4d05872fa5a35d","rust-crate","ring","0.17.14","1","hermes","Apache-2.0 | BSD-3-Clause | ISC","not-required","not-required","not-required","required","bounded-decision",""
"3bde0ca675aaf015af6c586fe4e2b34f2909a6fd345b418a2a6b45e6d00a96e0","rust-crate","ring","0.17.14","1","hermes","Apache-2.0 | BSD-3-Clause | ISC","not-required","not-required","not-required","required","bounded-decision",""
"364ed5d53f88d865afbf77fe399acd80c5ae82f610ea70ef1334be7a7aa77434","rust-crate","rkyv","0.8.15","1","hermes","MIT","not-required","not-required","not-required","required","bounded-decision",""
"bb2684c935f8d9fca581d61e60b14598c4fc16f8e96e5af333bc2cf00f64d70d","rust-crate","rkyv","0.8.15","1","hermes","MIT","not-required","not-required","not-required","required","bounded-decision",""
"e40ef51f1d6745476fe0071d6f5ac9e034dd107bfbbee555481a99ce2fe6b9b3","rust-crate","rmp","0.8.15","1","hermes","MIT","not-required","not-required","not-required","required","bounded-decision",""
"f3a061ec72707dff28a224cdfb5adbeb08cf84c20c66a4052b63b3a25e185f6c","rust-crate","rmp","0.8.15","1","hermes","MIT","not-required","not-required","not-required","required","bounded-decision",""
"056d2881f8f21786f6e099dd106c93971b7303dc5d751e9fa22e2b75e5bef75f","rust-crate","rmp-serde","1.3.1","1","hermes","MIT","not-required","not-required","not-required","required","bounded-decision",""
"2d68c639ae8d0b5152b80296c5a3458b60a4142b02d11a3f106e3107cca8dfd7","rust-crate","rmp-serde","1.3.1","1","hermes","MIT","not-required","not-required","not-required","required","bounded-decision",""
"2a7cb0f349bc26130de6321a10785f1cc9074eac6aaa2833cf3f16af70862139","rust-crate","rsa","0.9.10","1","hermes","MIT","not-required","not-required","not-required","required","bounded-decision",""
"fbb0ed5850fadcd36cb38f9787f0e3650cf1b1aee3df8236dca3f02543558966","rust-crate","rsa","0.9.10","1","hermes","MIT","not-required","not-required","not-required","required","bounded-decision",""
"3eedaac35d81661d7c0c2aaf55dc7a60cb22c3c490602d92dff372eff578c904","rust-crate","rust-ini","0.21.3","1","hermes","MIT","not-required","not-required","not-required","required","bounded-decision",""
"ee1dd2bf04672ae55ef39dd468b0d9fc3603ca0e3c9dfe7ede5857aa8341a126","rust-crate","rust-ini","0.21.3","1","hermes","MIT","not-required","not-required","not-required","required","bounded-decision",""
"212af74809446b00e9b24581a56cecba217297522dd9b0425ce82ba32452e751","rust-crate","rust-netrc","0.1.2","1","hermes","MIT","not-required","not-required","not-required","required","bounded-decision",""
"72cd3cdec61c63b99d6e4e96ae94dcd1ccfa4414325c7ebbff149e2b59e53b94","rust-crate","rust-netrc","0.1.2","1","hermes","MIT","not-required","not-required","not-required","required","bounded-decision",""
"20beabdaa5f8c9c21d5c9a3aca64a6b845d75eb71d47be97984a98a94dd1766d","rust-crate","rustc-hash","2.1.2","1","hermes","MIT","not-required","not-required","not-required","required","bounded-decision",""
"3685a40b8db0be9423627c388956ed2d1e4194fce56bad69f06e870f98cd147a","rust-crate","rustc-hash","2.1.2","1","hermes","MIT","not-required","not-required","not-required","required","bounded-decision",""
"89327e3847ea09da0f17768f6643db4e2c27eadcdf09d9b5ef53f7c064b3409e","rust-crate","rusticata-macros","4.1.0","1","hermes","","blocked","blocked","blocked","required","open-review","unresolved-licence-scope,additional-notice-terms-scope-review"
"d2dec2213944e9fda51fd97446a656a2b274f2a4a8af6a7ad2c27df1e3f030d2","rust-crate","rusticata-macros","4.1.0","1","hermes","","blocked","blocked","blocked","required","open-review","unresolved-licence-scope,additional-notice-terms-scope-review"
"9fc591a7e9e6feab26b7973f03e3a479a290d196f157145c8d01e9144e6e9457","rust-crate","rustix","1.1.4","1","hermes","Apache-2.0 | MIT | WITH LLVM-exception","blocked","blocked","blocked","required","open-review","unresolved-licence-scope,additional-notice-terms-scope-review"
"a1d26920fd485a08a29697c378237ee1ab52c4c58790f56a5b539b8eee1c0a04","rust-crate","rustix","1.1.4","1","hermes","Apache-2.0 | MIT | WITH LLVM-exception","blocked","blocked","blocked","required","open-review","unresolved-licence-scope,additional-notice-terms-scope-review"
"d1f956796610c05ee8764d745d65fcebce566f97916d445eb61a924b58bbcab3","rust-crate","rustls","0.23.37","1","hermes","MIT","not-required","not-required","not-required","required","bounded-decision",""
"fa7eefb08edfdbd7a39acfb021799f1da00aeb2e564a7adbb7471cc4cd563894","rust-crate","rustls","0.23.37","1","hermes","MIT","not-required","not-required","not-required","required","bounded-decision",""
"1c63128ee1b776f67818f3dfef835ed2ec2005a8bf3e1407ff417f338324c366","rust-crate","rustls-native-certs","0.8.3","1","hermes","MIT","not-required","not-required","not-required","required","bounded-decision",""
"941bef4a600a949f41ed9b7212951edb91c7e6cb4c0e7269d9ab263cf1e9b9c5","rust-crate","rustls-native-certs","0.8.3","1","hermes","MIT","not-required","not-required","not-required","required","bounded-decision",""
"3d3e6f109ec5d1c9ba9d51b006f60eab1929e8af804ffc382f113337c98de478","rust-crate","rustls-pki-types","1.14.0","1","hermes","MIT","not-required","not-required","not-required","required","bounded-decision",""
"4039085e1e19eb38524388cac3587c174736710c5ce987e1c4c0ef2996bed30c","rust-crate","rustls-pki-types","1.14.0","1","hermes","MIT","not-required","not-required","not-required","required","bounded-decision",""
"e65f8eae06e43f0223895e3a9c973d493bb6f7bd16a6e25f617840b5107f8e97","rust-crate","rustls-platform-verifier","0.6.2","1","hermes","MIT","not-required","not-required","not-required","required","bounded-decision",""
"fbbcff05aa7658bdf0c2cd586b499a52f67bbb040265929a47e0ffe1a863478e","rust-crate","rustls-platform-verifier","0.6.2","1","hermes","MIT","not-required","not-required","not-required","required","bounded-decision",""
"42c3300a5a5e6bc0fa840a85311103cb110b8e0e99b7fa24a33d794b3e4ff5f5","rust-crate","rustls-webpki","0.103.10","1","hermes","ISC","not-required","not-required","not-required","required","bounded-decision",""
"8610e53efe297fd67834f7e51569342e8b47f3faa2f7f68a8001579bfbcf2d2f","rust-crate","rustls-webpki","0.103.10","1","hermes","ISC","not-required","not-required","not-required","required","bounded-decision",""
"28b96fb8cd0d9e3343585899affdce9638d394e8fee8053a6cfa5a94fc6aa74f","rust-crate","ryu","1.0.23","1","hermes","Apache-2.0","not-required","not-required","not-required","required","bounded-decision",""
"366ae70fc14ccd64a86583bf5a02cc2040d739ed06b5dfa0efe28a76dd99724b","rust-crate","ryu","1.0.23","1","hermes","Apache-2.0","not-required","not-required","not-required","required","bounded-decision",""
"25c12b0b39302414ebfc663e647287a234ed0ee583cc926205b3deeb9be7d9b4","rust-crate","salsa20","0.10.2","1","hermes","MIT","not-required","not-required","not-required","required","bounded-decision",""
"4a273bc2b93093e5601820798429b41da9a18df7ece25bb37138b742a5377774","rust-crate","salsa20","0.10.2","1","hermes","MIT","not-required","not-required","not-required","required","bounded-decision",""
"0dcc7e815af886a86e10cd689997d24f621e408356e26535541269a68362291e","rust-crate","same-file","1.0.6","1","hermes","","blocked","blocked","blocked","required","open-review","unresolved-licence-scope,additional-notice-terms-scope-review"
"f1544553582dfe7b13bb7adbcb890613572ec9167b4e9a2e7b3799218627cc12","rust-crate","same-file","1.0.6","1","hermes","","blocked","blocked","blocked","required","open-review","unresolved-licence-scope,additional-notice-terms-scope-review"
"ac59c3ba4da527ed5a5881e93ca0baea5f1c3f13807b5ff15d7fca921f07bd9c","rust-crate","schemars","1.2.1","1","hermes","MIT","not-required","not-required","not-required","required","bounded-decision",""
"c940a76b4f8841c8abb31ee0465f6f18c5de18b444290da48bb0c9fa1748ac59","rust-crate","schemars","1.2.1","1","hermes","MIT","not-required","not-required","not-required","required","bounded-decision",""
"1745634fcd0f6f80d1783779da70755b8721cefc07adf0457d201a18ef243201","rust-crate","scopeguard","1.2.0","1","hermes","MIT","not-required","not-required","not-required","required","bounded-decision",""
"4d6d7facdd155511ef7291c2b7271cde6ba06de3784185b52c5b7e1f55c45082","rust-crate","scopeguard","1.2.0","1","hermes","MIT","not-required","not-required","not-required","required","bounded-decision",""
"42c2133b213f3bba27d635c75d4e25962562a63aad30cebd44e582856fd3decd","rust-crate","scroll","0.13.0","1","hermes","MIT","not-required","not-required","not-required","required","bounded-decision",""
"ad68f69b3f769cf5d974339ed08d156f51be20c0c264478ea3a93c78feb9a52f","rust-crate","scroll","0.13.0","1","hermes","MIT","not-required","not-required","not-required","required","bounded-decision",""
"57bcad161df88a3900f05143e60caf19538fad3b4f1ad14b8bcace899368caa3","rust-crate","scrypt","0.11.0","1","hermes","MIT","not-required","not-required","not-required","required","bounded-decision",""
"eda37c579e11e54e07670c8de50cca01dfde2e0f4dba4aef56fef622107d3f4c","rust-crate","scrypt","0.11.0","1","hermes","MIT","not-required","not-required","not-required","required","bounded-decision",""
"64f08cfcb32559845c75ea0f72a6ca0e9a1dd38c219f5c3fdb32280cb5013e6c","rust-crate","seahash","4.1.0","1","hermes","MIT","not-required","not-required","not-required","required","bounded-decision",""
"fa07cff0e5582c864f07f7fec06ccbce8daf5f53be7308b91420e4bea2019707","rust-crate","seahash","4.1.0","1","hermes","MIT","not-required","not-required","not-required","required","bounded-decision",""
"2a13ff4b511be996c7e7152a6d0722e966b95fbc1cf1293c308a839f4dcc66f5","rust-crate","secrecy","0.10.3","1","hermes","MIT","not-required","not-required","not-required","required","bounded-decision",""
"95ca5b53fea7f64c4d5c02beb8bca57ba9cc9fefb4bcf900ad0179f28e8fc806","rust-crate","secrecy","0.10.3","1","hermes","MIT","not-required","not-required","not-required","required","bounded-decision",""
"14b28484e3caa79e0bc01380efe6efb383a3327a1bf4963350539c446c31ebcc","rust-crate","secret-service","5.1.0","1","hermes","MIT","not-required","not-required","not-required","required","bounded-decision",""
"d4d64b2e41d7b0599746469318600ccdd501bd451e38bfd3173255c49c375137","rust-crate","secret-service","5.1.0","1","hermes","MIT","not-required","not-required","not-required","required","bounded-decision",""
"82e07e2190d87598054201947ff5f43defaeec3658e97eaad8224bcb041715c9","rust-crate","serde","1.0.228","1","hermes","MIT","not-required","not-required","not-required","required","bounded-decision",""
"c967f65fcd121f7ff21348dd00a75be9a09f16fc0417a8e04902aa70d0f3c510","rust-crate","serde","1.0.228","1","hermes","MIT","not-required","not-required","not-required","required","bounded-decision",""
"30079b2e055b95bc74f83c19cd07b7ffad8445097fb0361c54bcafda7c5af4ce","rust-crate","serde-untagged","0.1.9","1","hermes","MIT","not-required","not-required","not-required","required","bounded-decision",""
"770ac2cdc000e73078d947c58dc6b9fb0a8e04a66b7706705d2485764f8e5d05","rust-crate","serde-untagged","0.1.9","1","hermes","MIT","not-required","not-required","not-required","required","bounded-decision",""
"88c6cb84d8e6ca13de708e0a41dddd9862009ad674da233a1f93cdda75338056","rust-crate","serde_core","1.0.228","1","hermes","MIT","not-required","not-required","not-required","required","bounded-decision",""
"b13a33e5cffc7158c0a83cf371cf3d7e6fea673aa6b02b68da84d9fc10cc8f2a","rust-crate","serde_core","1.0.228","1","hermes","MIT","not-required","not-required","not-required","required","bounded-decision",""
"b0694145920ec5d2a81f7b9d6dae166575cc8aa1a7305bc2877dae6b5b2abaa1","rust-crate","serde_json","1.0.149","1","hermes","MIT","not-required","not-required","not-required","required","bounded-decision",""
"e226d92e9e5a6057fb1918fc984600d07605170c677a3ebcb4d630fe84d748c9","rust-crate","serde_json","1.0.149","1","hermes","MIT","not-required","not-required","not-required","required","bounded-decision",""
"80d04b989f0248ee8355afe5ea6a9f84deeea0dc5a80ebe1db63ee01113f3292","rust-crate","serde_repr","0.1.20","1","hermes","MIT","not-required","not-required","not-required","required","bounded-decision",""
"d6946924c937504ad024b49d9a51ca77d7c5112d333527b8d84720fe124803a7","rust-crate","serde_repr","0.1.20","1","hermes","MIT","not-required","not-required","not-required","required","bounded-decision",""
"4c34c637e519f9c649dafc5ad997b5338ac64db9bd3ebfb725889b2490c6e1e3","rust-crate","serde_spanned","1.0.4","1","hermes","MIT","not-required","not-required","not-required","required","bounded-decision",""
"b2cb4f297b111c8f77de90519286f6c1699c32e039cce723e41fb0278e5b40d0","rust-crate","serde_spanned","1.0.4","1","hermes","MIT","not-required","not-required","not-required","required","bounded-decision",""
"057aad2508fa5109c3fae18416b7465716a7d6ed5c965c2aabdcfadd14f3481f","rust-crate","serde_urlencoded","0.7.1","1","hermes","","blocked","blocked","blocked","required","open-review","unresolved-licence-scope,additional-notice-terms-scope-review"
"e71be62b8134d4e1281c9fd221656b9f41b17c941fa1f6352490307828a9ee57","rust-crate","serde_urlencoded","0.7.1","1","hermes","","blocked","blocked","blocked","required","open-review","unresolved-licence-scope,additional-notice-terms-scope-review"
"1a6e50753ce86b51d1691d069f10b5210b2be9500988a7233882034107adb979","rust-crate","sha1","0.10.6","1","hermes","MIT","not-required","not-required","not-required","required","bounded-decision",""
"2d2b56f8468d9f31ef5dd2195503f81f6ea92c775d11ffc25e84750c9035213e","rust-crate","sha1","0.10.6","1","hermes","MIT","not-required","not-required","not-required","required","bounded-decision",""
"1817f94152cf561f1144de0c22230340df7abde6ff0d261d3c4f4b7700e86186","rust-crate","sha2","0.10.9","1","hermes","MIT","not-required","not-required","not-required","required","bounded-decision",""
"a8fd3024baea2fa380150af4e34b0c9474cda5d45b713bb9a2d31280e6b8acdb","rust-crate","sha2","0.10.9","1","hermes","MIT","not-required","not-required","not-required","required","bounded-decision",""
"395c6e42eb0e26eb4aa439898b9cbbffa9d82ea0e02f6d95d79bf5eba7ab6e4e","rust-crate","sharded-slab","0.1.7","1","hermes","MIT","not-required","not-required","not-required","required","bounded-decision",""
"698b4f88a58ef85bfbd5dc24b1cfa41f67f9abd0f5e0b31334a01d8d1d5db0d9","rust-crate","sharded-slab","0.1.7","1","hermes","MIT","not-required","not-required","not-required","required","bounded-decision",""
"2e6fafb4691566fe4df3b7a5d09cfccbbb43ead1d00a0d1e3f58ea1a3b10c739","rust-crate","shell-escape","0.1.5","1","hermes","","blocked","blocked","blocked","required","open-review","unresolved-licence-scope,additional-notice-terms-scope-review"
"f917607e2395a4a9a80b4320813906ada54866f831b52fbec84906df4343223e","rust-crate","shell-escape","0.1.5","1","hermes","","blocked","blocked","blocked","required","open-review","unresolved-licence-scope,additional-notice-terms-scope-review"
"da1fb2357e55d7ae2e6fc55f841d13e949e05a288c80d3788288afe27bd3d298","rust-crate","shellexpand","3.1.2","1","hermes","","blocked","blocked","blocked","required","open-review","unresolved-licence-scope,additional-notice-terms-scope-review"
"de9e609c6b09d8b61ba6d077da02200b3fa8d347a59c31cf54427f305187ceb3","rust-crate","shellexpand","3.1.2","1","hermes","","blocked","blocked","blocked","required","open-review","unresolved-licence-scope,additional-notice-terms-scope-review"
"2b1f5ad98315a04bec6363698ab8da4baf5d7640d63650388fd7cfc7071be602","rust-crate","signal-hook-registry","1.4.8","1","hermes","MIT","not-required","not-required","not-required","required","bounded-decision",""
"6c171286b7c001e718488842f923bafb60a1e514c317e5727195748cfb11c5b0","rust-crate","signal-hook-registry","1.4.8","1","hermes","MIT","not-required","not-required","not-required","required","bounded-decision",""
"a649df4b8092657c7f22c4b7dde4fa1928913cc679364edd0d5b5f1651e6bda2","rust-crate","signature","2.2.0","1","hermes","MIT","not-required","not-required","not-required","required","bounded-decision",""
"cff1d3f31d990088402179d102e72650a2464bfbdf309d9a45a72e97334d4fc0","rust-crate","signature","2.2.0","1","hermes","MIT","not-required","not-required","not-required","required","bounded-decision",""
"128f6826b26dd8498ef76545b89db959d62423088da3e77692731b64be9a8ffe","rust-crate","simd-adler32","0.3.8","1","hermes","MIT","not-required","not-required","not-required","required","bounded-decision",""
"53ad021a56d0eb08c8f337f00d8631f91da3564e6ca4159e93283a47a44437f9","rust-crate","simd-adler32","0.3.8","1","hermes","MIT","not-required","not-required","not-required","required","bounded-decision",""
"57290f708b85dab48f88f380c8530fc4b4fdd129e4f6c9292fdcdc8ad01a9bee","rust-crate","simdutf8","0.1.5","1","hermes","MIT","not-required","not-required","not-required","required","bounded-decision",""
"cac2972a59cdff173e00b3696cbb066f0a3d3f48ccb6afbcb922af50f53ddd7b","rust-crate","simdutf8","0.1.5","1","hermes","MIT","not-required","not-required","not-required","required","bounded-decision",""
"7dbe6dd3ddb60f45a3532ecd6402d6650fc02e436180c838b4e55bbc458993ae","rust-crate","similar","2.7.0","1","hermes","Apache-2.0","not-required","not-required","not-required","required","bounded-decision",""
"ab42dc24c67d3f17ef31fd7431576a1d698abec51012b73e1bf47659dd7290e1","rust-crate","similar","2.7.0","1","hermes","Apache-2.0","not-required","not-required","not-required","required","bounded-decision",""
"2d6d0e150ef544f9c5eaca5c6b7a409cc239aeb0154ae3717eb77a779bb62125","rust-crate","simple_asn1","0.6.4","1","hermes","ISC","not-required","not-required","not-required","required","bounded-decision",""
"95aebc6e8c4a2da3984a1714cd926753ba22ecdd4b364f3912b3f128c38b0e4d","rust-crate","simple_asn1","0.6.4","1","hermes","ISC","not-required","not-required","not-required","required","bounded-decision",""
"4b41f7167d553fc2b13360da4ebf2d5bc0b4d638720c09127372fbaede3305b9","rust-crate","slab","0.4.12","1","hermes","MIT","not-required","not-required","not-required","required","bounded-decision",""
"751bba8ac21bbfe0d078e694bf9b159342bc452082a931b8b49ecf4923fa531e","rust-crate","slab","0.4.12","1","hermes","MIT","not-required","not-required","not-required","required","bounded-decision",""
"d80d326fbd6eac7380f8c08f719624134b5f38c03a2b0e67cae45b00ad64c6c5","rust-crate","smallvec","1.15.1","1","hermes","MIT","not-required","not-required","not-required","required","bounded-decision",""
"f7eb4bc9474dcf690b4072af2851c1080b9d7e109c4264a5739d5a6f96684753","rust-crate","smallvec","1.15.1","1","hermes","MIT","not-required","not-required","not-required","required","bounded-decision",""
"5d5a4b81b01468a6667f1ca2034597b16e54b68ef8064169b4fa9bc0e0f39116","rust-crate","smawk","0.3.2","1","hermes","MIT","not-required","not-required","not-required","required","bounded-decision",""
"dddbcd3db012100d8160059e56884956954ea5e0eae725b3fd1ff980d4e4abc3","rust-crate","smawk","0.3.2","1","hermes","MIT","not-required","not-required","not-required","required","bounded-decision",""
"b39f433d5cea604548e71465edb178f31b362dcec61694f82deacaa41507ffb9","rust-crate","socket2","0.6.3","1","hermes","MIT","not-required","not-required","not-required","required","bounded-decision",""
"d5248ce1022efa76cfa1a0a009d76877886213690668214b8ce1a1d871c3072d","rust-crate","socket2","0.6.3","1","hermes","MIT","not-required","not-required","not-required","required","bounded-decision",""
"126dbdac3c7135f4601ede20c8886e12ba7cbf4636592723a7973e9531625a2b","rust-crate","spdx","0.10.9","1","hermes","MIT","not-required","not-required","not-required","required","bounded-decision",""
"ec17f625a6ce3a3b43135dd1acb347be177b63282a1f8131f7c8d441fd965fdf","rust-crate","spdx","0.10.9","1","hermes","MIT","not-required","not-required","not-required","required","bounded-decision",""
"07f7a6b9e09d51bca0bd8868eeecfb8f3b2e43a1f5ed2113eb16e794c525f75a","rust-crate","spdx","0.13.4","1","hermes","Apache-2.0","not-required","not-required","not-required","required","bounded-decision",""
"276d7eee682e93ee27c237f3360acf3af6480683dd5ea5c6c08133fc3a742e0b","rust-crate","spdx","0.13.4","1","hermes","Apache-2.0","not-required","not-required","not-required","required","bounded-decision",""
"7c5f298bf4e18029bc9b7904eade15c614149aaad037d3a545c9782995e7e264","rust-crate","spin","0.9.8","1","hermes","MIT","not-required","not-required","not-required","required","bounded-decision",""
"b4aba88854a8b46935072502453d76d961ed99c6a5071756d0f3b9bf437087d8","rust-crate","spin","0.9.8","1","hermes","MIT","not-required","not-required","not-required","required","bounded-decision",""
"06e6e0ea0ea315506f886a418cbd4fc1a5a29fc7c791b52128988eb4093dda8c","rust-crate","spki","0.7.3","1","hermes","MIT","not-required","not-required","not-required","required","bounded-decision",""
"094bd691933606ec01e2bfada404f6a28e579ade474fbd3c615d2340c08275d5","rust-crate","spki","0.7.3","1","hermes","MIT","not-required","not-required","not-required","required","bounded-decision",""
"04a0be0b3c479177b33e069a3284741ff13007db49c2c7dc75e6e1933ebed97c","rust-crate","stable_deref_trait","1.2.1","1","hermes","MIT","not-required","not-required","not-required","required","bounded-decision",""
"a0aaf63c5b6f4c22f8fcbb38060d25a605c715ecb9c80f1f45fa5183c46d3736","rust-crate","stable_deref_trait","1.2.1","1","hermes","MIT","not-required","not-required","not-required","required","bounded-decision",""
"0c8e4360df8f331b93435f3159ec1c5f080982734cd95729f053d8f681440c83","rust-crate","strsim","0.11.1","1","hermes","MIT","not-required","not-required","not-required","required","bounded-decision",""
"7c493c09ea7d0bd7b1c1d2fe197a84fdd44a9af902e9ad3bd3edebbd3fe05986","rust-crate","strsim","0.11.1","1","hermes","MIT","not-required","not-required","not-required","required","bounded-decision",""
"1f8e75c56ce26369712929e6a6003132abf266981832b0a0a28b8d676c5952ec","rust-crate","strum","0.26.3","1","hermes","MIT","not-required","not-required","not-required","required","bounded-decision",""
"517a79812d23134c0c82acfcefad50a343bf5785eec0621890eb1de3630603b6","rust-crate","strum","0.26.3","1","hermes","MIT","not-required","not-required","not-required","required","bounded-decision",""
"74114e16671d166e94faaad1b91aae6e78fa8f653b9eb853f56a6648dd5275e6","rust-crate","subtle","2.6.1","1","hermes","BSD-3-Clause","not-required","not-required","not-required","required","bounded-decision",""
"ac0b8de6f4d85116e49efa4a17709ade0628cf88c84d8b2a618ba0ead9f5dc8a","rust-crate","subtle","2.6.1","1","hermes","BSD-3-Clause","not-required","not-required","not-required","required","bounded-decision",""
"7d665dc2be15ee76da93944131450aa4f106fb566e7ae2f77f7c3b37e9aafc01","rust-crate","supports-color","3.0.2","1","hermes","Apache-2.0","not-required","not-required","not-required","required","bounded-decision",""
"d065b227fa4292ef5dabe74a5d24a3e69b2b75d45a97626c01f2f9cb65db70ae","rust-crate","supports-color","3.0.2","1","hermes","Apache-2.0","not-required","not-required","not-required","required","bounded-decision",""
"0f3bc9ac87c974d3eb2a91a20f5ef48caa698f6bdc631b84b2b268f606036524","rust-crate","supports-hyperlinks","3.2.0","1","hermes","Apache-2.0","not-required","not-required","not-required","required","bounded-decision",""
"2ea6cc0b4814482b7e903861061bdb79cd38165fb7e362c655eebc3004f99261","rust-crate","supports-hyperlinks","3.2.0","1","hermes","Apache-2.0","not-required","not-required","not-required","required","bounded-decision",""
"6c626fec2822a41c101cf0948b6c916c41a92e171fe6e73ebc18159fbafd0982","rust-crate","supports-unicode","3.0.0","1","hermes","Apache-2.0","not-required","not-required","not-required","required","bounded-decision",""
"a5630d6f230ffc6f62b5bdd4e54c8daf726c9ff665e6a6b3bb0937b103489122","rust-crate","supports-unicode","3.0.0","1","hermes","Apache-2.0","not-required","not-required","not-required","required","bounded-decision",""
"2e2388674182922d668fccd7cb28be083eb1c7a7d7abf9412083866c851c7972","rust-crate","syn","2.0.117","1","hermes","MIT","not-required","not-required","not-required","required","bounded-decision",""
"6b275b29b43c7e55c7e11061674c69f5d348116fbefd2cb250d501c1e717b193","rust-crate","syn","2.0.117","1","hermes","MIT","not-required","not-required","not-required","required","bounded-decision",""
"9f517df1427d4f83a19570b7dc616d684d0ca535ebad02ff9373286e1d7c978d","rust-crate","sync_wrapper","1.0.2","1","hermes","Apache-2.0","not-required","not-required","not-required","required","bounded-decision",""
"e39279803ee04e52341f70c0fcdb2c3e4ed867c050b4de676e24107412efd7ea","rust-crate","sync_wrapper","1.0.2","1","hermes","Apache-2.0","not-required","not-required","not-required","required","bounded-decision",""
"582c1cd2b3883a9d54de4af25d1cb6c9c2be3c083b3e3951da4700e13944ef87","rust-crate","synstructure","0.13.2","1","hermes","MIT","not-required","not-required","not-required","required","bounded-decision",""
"b528abeff1c64936e9518097050b26f2456e1a075e480cab684a02798fc4229e","rust-crate","synstructure","0.13.2","1","hermes","MIT","not-required","not-required","not-required","required","bounded-decision",""
"49a12ff51dced7e0519cfca043d5f1f3b57820e124192b8613df60ef0b649ab5","rust-crate","tar","0.4.45","1","hermes","MIT","not-required","not-required","not-required","required","bounded-decision",""
"86c3f4fe5e2d205f17f930506b7f11303c7ee3a311b77d7f213c0e54f61e9685","rust-crate","tar","0.4.45","1","hermes","MIT","not-required","not-required","not-required","required","bounded-decision",""
"2e76d0b6bf5474ad6fcde1cb0c362e7d9ec8a63a1b9fafc186c6485944a24787","rust-crate","target-lexicon","0.13.5","1","hermes","Apache-2.0 WITH LLVM-exception","not-required","not-required","not-required","required","bounded-decision",""
"738ce99e93a6a254a9c863602fef1fe99d1ae291792490e4591d9640cf2f62fd","rust-crate","target-lexicon","0.13.5","1","hermes","Apache-2.0 WITH LLVM-exception","not-required","not-required","not-required","required","bounded-decision",""
"5b581161e9ee2496e915f72ff4ecd65e04cbbc8bbd4cbee72ccc68cab3a9031d","rust-crate","temp-env","0.3.6","1","hermes","MIT","not-required","not-required","not-required","required","bounded-decision",""
"e3fd1b3a709f8166608edd8da711909ae6500a46822deb28c2b0b99aa7c0d2b5","rust-crate","temp-env","0.3.6","1","hermes","MIT","not-required","not-required","not-required","required","bounded-decision",""
"0ede97ad3314f3fadd9fb460f4f33fcfa235d69b3f7b3a0796260be9f8f3d1fb","rust-crate","tempfile","3.27.0","1","hermes","MIT","not-required","not-required","not-required","required","bounded-decision",""
"fe4fa7f713bc32e24256bdfc91476a35f84e9dda149e784ec8ac51b39da685ad","rust-crate","tempfile","3.27.0","1","hermes","MIT","not-required","not-required","not-required","required","bounded-decision",""
"13f3ddce7a09608c55f8564cc4a311864a731e13d887f9d1079850e10d7ad168","rust-crate","terminal_size","0.4.3","1","hermes","MIT","not-required","not-required","not-required","required","bounded-decision",""
"421415fc5873fbd1ce0282d75a3cf956b1fc48d1ec1849a965445c8814e34fe1","rust-crate","terminal_size","0.4.3","1","hermes","MIT","not-required","not-required","not-required","required","bounded-decision",""
"1644c609e06c6b238f954cd0b95b4a41dde7328bcb5983d9289ffb25e0f6bca6","rust-crate","termtree","0.5.1","1","hermes","MIT","not-required","not-required","not-required","required","bounded-decision",""
"4d656d6c0548941568c593f8b370f1a45e6b333f9586f13eeec15d359c31c23b","rust-crate","termtree","0.5.1","1","hermes","MIT","not-required","not-required","not-required","required","bounded-decision",""
"1befdf1699c39300487a070883a25f85555169c171322ded77227d64173645c1","rust-crate","textwrap","0.16.2","1","hermes","MIT","not-required","not-required","not-required","required","bounded-decision",""
"4c9ae1b68f165a1db2fb36c938cb3984ae41bdc424cf95c71250eb46781a9c17","rust-crate","textwrap","0.16.2","1","hermes","MIT","not-required","not-required","not-required","required","bounded-decision",""
"893d5bd3f4697968f6a4e003fbb3aeea18367c1ce444b55d4222b2b9e116f62c","rust-crate","thiserror","1.0.69","1","hermes","MIT","not-required","not-required","not-required","required","bounded-decision",""
"b3496b2d0c7999b9b516eca7131999b9c057fb60e330f884cde0161511c89ec5","rust-crate","thiserror","1.0.69","1","hermes","MIT","not-required","not-required","not-required","required","bounded-decision",""
"f475ec9dde3775495b7b1ac30e18a38830ef1a4e9e1eb5f0108a3e9a6b9cca73","rust-crate","thiserror","2.0.18","1","hermes","MIT","not-required","not-required","not-required","required","bounded-decision",""
"ff8afaf0d990be1a8d69314ae782e1a583fde6feef2eadbb8d3020a9eec4fdbf","rust-crate","thiserror","2.0.18","1","hermes","MIT","not-required","not-required","not-required","required","bounded-decision",""
"2a32872cd730eaf17c73370e0f8f465e0cde70e82904eb841ad229d0047400be","rust-crate","thread_local","1.1.9","1","hermes","MIT","not-required","not-required","not-required","required","bounded-decision",""
"e4104f8ebafecf483b90202c95dd2337c999b320449fbf9d611cb470b8f14890","rust-crate","thread_local","1.1.9","1","hermes","MIT","not-required","not-required","not-required","required","bounded-decision",""
"5a52a73b0be030a235d24895bdbfa234f4efa1abb633fa5076dba5e98f503e67","rust-crate","tikv-jemalloc-sys","0.6.1+5.3.0-1-ge13ca993e8ccb9ba9847cc330696e02839f328f7","1","hermes","","blocked","blocked","blocked","required","open-review","unresolved-licence-scope,additional-notice-terms-scope-review"
"5d9477f71e2f2b299c75fa5f87847251b5057a7569362e03fbca478c9df4ed19","rust-crate","tikv-jemalloc-sys","0.6.1+5.3.0-1-ge13ca993e8ccb9ba9847cc330696e02839f328f7","1","hermes","","blocked","blocked","blocked","required","open-review","unresolved-licence-scope,additional-notice-terms-scope-review"
"78664d38b8bcc3c2b7e73bdf0c352cdf8d6a7d76846eb978d279811aee78db89","rust-crate","tikv-jemallocator","0.6.1","1","hermes","","blocked","blocked","blocked","required","open-review","unresolved-licence-scope,additional-notice-terms-scope-review"
"f47632c7f71c58d02bad5a5743bd5bb5db7c91afa9d042b880611a5b3255c03a","rust-crate","tikv-jemallocator","0.6.1","1","hermes","","blocked","blocked","blocked","required","open-review","unresolved-licence-scope,additional-notice-terms-scope-review"
"d0080a06708e70a29ed47ba05c2af8e8d0c112e0b3d34d6003cdf865155d515e","rust-crate","time","0.3.47","1","hermes","MIT","not-required","not-required","not-required","required","bounded-decision",""
"ef5363f71e8b3bf54f64e38ecf4a70487cf98a92a42b588fc9b9365af84f7250","rust-crate","time","0.3.47","1","hermes","MIT","not-required","not-required","not-required","required","bounded-decision",""
"1c9e48528bd715f5278ef3adebaf3aef445052abec7fc9ec92bb39213a87aeda","rust-crate","time-core","0.1.8","1","hermes","MIT","not-required","not-required","not-required","required","bounded-decision",""
"e52a8cd84e1da425a5a9d9dffc7dc4186f9b937adfc051f21c2079bc4e2e0d45","rust-crate","time-core","0.1.8","1","hermes","MIT","not-required","not-required","not-required","required","bounded-decision",""
"981cb360dd1e18cde6c1e1401522ec69d535afb3bab01e10fc4aa7d5457a4a5b","rust-crate","tinystr","0.8.2","1","hermes","Unicode-3.0","not-required","not-required","not-required","required","bounded-decision",""
"e3e255cf20410939fae1eef320a0b2c8a5f446b8c73d4012b6bb12bcec4bb84e","rust-crate","tinystr","0.8.2","1","hermes","Unicode-3.0","not-required","not-required","not-required","required","bounded-decision",""
"60b327a65c38ed8fef931474d297cd2f5088357ffef4e124dc82a7459aa09487","rust-crate","tinyvec","1.11.0","1","hermes","MIT","not-required","not-required","not-required","required","bounded-decision",""
"eac0b222613c781f681eaa8c9781daf7888c2a28a5f8ff4868dc261bf1d9a436","rust-crate","tinyvec","1.11.0","1","hermes","MIT","not-required","not-required","not-required","required","bounded-decision",""
"3f6e6a99675defd5672c4562094367e110041e0d235e816bb9ca7ddb4c0fb548","rust-crate","tinyvec_macros","0.1.1","1","hermes","MIT","not-required","not-required","not-required","required","bounded-decision",""
"f93ced83bd36a36ed0364528aca0f0ca7420d09b2d36ce10a7ba639bda339e10","rust-crate","tinyvec_macros","0.1.1","1","hermes","MIT","not-required","not-required","not-required","required","bounded-decision",""
"280accb06da21188ecb22ee5cae5f941b1c8e8bcadbe8969825a392b40aabae1","rust-crate","tokio","1.50.0","1","hermes","MIT","not-required","not-required","not-required","required","bounded-decision",""
"a206dff15331e664d33d1cf23e349c3131d4f7741acc39469cf34c7ada66de77","rust-crate","tokio","1.50.0","1","hermes","MIT","not-required","not-required","not-required","required","bounded-decision",""
"60fa3d2854eafb1611cfc87e939f9a785eccbd355f55a5e9b1bb71837d902cba","rust-crate","tokio-rustls","0.26.4","1","hermes","MIT","not-required","not-required","not-required","required","bounded-decision",""
"fe1c37fe5af3e836edc16bf06df23ffb1ac3ceb93c195939b30685745d71df59","rust-crate","tokio-rustls","0.26.4","1","hermes","MIT","not-required","not-required","not-required","required","bounded-decision",""
"cc3c110529ae6586ba5ee797f91dfe5158ffa173a01b66dfef8953217b4eded6","rust-crate","tokio-stream","0.1.18","1","hermes","MIT","not-required","not-required","not-required","required","bounded-decision",""
"dcbe70d6c4be82490cd13ab2778c8161f53333dbba41dcb7af96fba0d86e0b71","rust-crate","tokio-stream","0.1.18","1","hermes","MIT","not-required","not-required","not-required","required","bounded-decision",""
"b51418aebd839905c80dba673bc5c6956efce5e1aee0104ad84f94980651153c","rust-crate","tokio-util","0.7.18","1","hermes","MIT","not-required","not-required","not-required","required","bounded-decision",""
"ca9469b080f2d1f4129ac03d33682841eae91f88c68eaa9f875b2c1d1fd155f2","rust-crate","tokio-util","0.7.18","1","hermes","MIT","not-required","not-required","not-required","required","bounded-decision",""
"630e6fdd0e6d3f63e3d13e5c6c7bb2d57d38a5ab5a53273ed1b1534935355992","rust-crate","toml","0.9.10+spec-1.1.0","1","hermes","MIT","not-required","not-required","not-required","required","bounded-decision",""
"e5c795b800d3e211e8c7a89c7d766563038c60698498a745ca2e34e4f74632f7","rust-crate","toml","0.9.10+spec-1.1.0","1","hermes","MIT","not-required","not-required","not-required","required","bounded-decision",""
"f63ff910a6381b26f878e636d717b4292433722c467ad14f88bdc1a7f10f7dae","rust-crate","toml_datetime","0.7.5+spec-1.1.0","1","hermes","MIT","not-required","not-required","not-required","required","bounded-decision",""
"f959b693f11a26ee7c3aa0d3308253b7e28e35302e9777d9d4efab78511c15bd","rust-crate","toml_datetime","0.7.5+spec-1.1.0","1","hermes","MIT","not-required","not-required","not-required","required","bounded-decision",""
"d49dac037ef086e7e8b265f15553cbde07b1fc4ad8e20df04e834fca6030e858","rust-crate","toml_datetime","1.0.0+spec-1.1.0","1","hermes","MIT","not-required","not-required","not-required","required","bounded-decision",""
"d5408b90a04b49e1c845817d557b705b7ac4c52c8b78e67930d6f8026ddbc4a1","rust-crate","toml_datetime","1.0.0+spec-1.1.0","1","hermes","MIT","not-required","not-required","not-required","required","bounded-decision",""
"b408b2b0dc2bb4c25eb865203e19a28cf5e399936cb41965f4a862e6bc9cf376","rust-crate","toml_edit","0.24.0+spec-1.1.0","1","hermes","MIT","not-required","not-required","not-required","required","bounded-decision",""
"b77eee8a552bb5edb8b61b7272e543afb06ef0933ff39bc90316c0e0da4ae1ee","rust-crate","toml_edit","0.24.0+spec-1.1.0","1","hermes","MIT","not-required","not-required","not-required","required","bounded-decision",""
"64ed7aaa636ff435db68e0da6ad4d73b6e979b1d2749c7f3b137f428d7f6891e","rust-crate","toml_edit","0.25.4+spec-1.1.0","1","hermes","MIT","not-required","not-required","not-required","required","bounded-decision",""
"882376446192d8cf2ae7a0816c5e06fe821fa01109108fcb50dfa38a68ed9039","rust-crate","toml_edit","0.25.4+spec-1.1.0","1","hermes","MIT","not-required","not-required","not-required","required","bounded-decision",""
"44c42eac61804a5110bb9a3eb388ab820db06744efe34cd68daeebcde732abe4","rust-crate","toml_parser","1.0.9+spec-1.1.0","1","hermes","MIT","not-required","not-required","not-required","required","bounded-decision",""
"7d273e693c49b83aa70c34a9a02972059c4faa0fdf3c4b9aea9838750bab1d8b","rust-crate","toml_parser","1.0.9+spec-1.1.0","1","hermes","MIT","not-required","not-required","not-required","required","bounded-decision",""
"506e38f83fad5cc96634d6b1213e66dace21ae671fc072679c089dca58c8c20f","rust-crate","toml_writer","1.0.6+spec-1.1.0","1","hermes","MIT","not-required","not-required","not-required","required","bounded-decision",""
"5ff715d417394c4e84a89791f010cc379d44fe67c209ea60273b0d7a7a66ac8b","rust-crate","toml_writer","1.0.6+spec-1.1.0","1","hermes","MIT","not-required","not-required","not-required","required","bounded-decision",""
"067be0be8093ee877a2d9e907845860d216efe35ab002b3e1f6b1df7ddd63954","rust-crate","tower","0.5.3","1","hermes","MIT","not-required","not-required","not-required","required","bounded-decision",""
"92b946aff7fe06277c036c819de99e3e3af9cc3dafc82f62b587e23a0cc5637f","rust-crate","tower","0.5.3","1","hermes","MIT","not-required","not-required","not-required","required","bounded-decision",""
"02c91d9588eb762159255adeed444eb447da04dcffa9eb179f5ad2e8cfbb0ce7","rust-crate","tower-http","0.6.8","1","hermes","MIT","not-required","not-required","not-required","required","bounded-decision",""
"c41f7daa753338384f28e60ba258c1af3c48771a10550540a4ade83f94403a33","rust-crate","tower-http","0.6.8","1","hermes","MIT","not-required","not-required","not-required","required","bounded-decision",""
"6717a3e247cf55bbf895a37f198ad82165bd288f0272e6d9c42521e11d61fb40","rust-crate","tower-layer","0.3.3","1","hermes","MIT","not-required","not-required","not-required","required","bounded-decision",""
"83a973481cf7595c801e0cb9f0f70643dab054d1574076eacffaf3b45a4a6d4a","rust-crate","tower-layer","0.3.3","1","hermes","MIT","not-required","not-required","not-required","required","bounded-decision",""
"3b6c0651451de9f1330dcf5c863d4a96999dc42ed9deefdcd340eacc29cc8b7c","rust-crate","tower-service","0.3.3","1","hermes","MIT","not-required","not-required","not-required","required","bounded-decision",""
"b59bd047d5dbdf16cf97416736fc35f78e765f5a235553564cd1dd73f944b4b6","rust-crate","tower-service","0.3.3","1","hermes","MIT","not-required","not-required","not-required","required","bounded-decision",""
"2fe27c8d194e4e37da53339befd86f19e2817ab597e2fb0e86c1b02884a25459","rust-crate","tracing","0.1.44","1","hermes","MIT","not-required","not-required","not-required","required","bounded-decision",""
"ea76bd1c28e274bbc7ba849924257c2b35b2246b2c49046dad613f347c1c67ef","rust-crate","tracing","0.1.44","1","hermes","MIT","not-required","not-required","not-required","required","bounded-decision",""
"c24ac33334cf90a2d99abb2a32325af5cbebc2b71ec1c4a975bb1cc185c63fbd","rust-crate","tracing-attributes","0.1.31","1","hermes","MIT","not-required","not-required","not-required","required","bounded-decision",""
"eb21ec8aa6cdd4cb6fbcdb6cf77d2a8805b0ce4781ccc2f2d6cfd0a1982db148","rust-crate","tracing-attributes","0.1.31","1","hermes","MIT","not-required","not-required","not-required","required","bounded-decision",""
"68b8f8fa31fec03053227f5958c09ec7f629f1f9bc8ee54d4448f21f0c335bd2","rust-crate","tracing-core","0.1.36","1","hermes","MIT","not-required","not-required","not-required","required","bounded-decision",""
"dc7a6269b8406ceccb45d9d3fda08d463ef5cef6d999c075c36b3e24ecbed997","rust-crate","tracing-core","0.1.36","1","hermes","MIT","not-required","not-required","not-required","required","bounded-decision",""
"0d8fdf84b11677ac483b775875c227ebc059736c8894f9faf5b903e581470d21","rust-crate","tracing-log","0.2.0","1","hermes","MIT","not-required","not-required","not-required","required","bounded-decision",""
"722f965a66b0dc7c025354c2abf1fe872f821f15968b34b9ee6806be9e577288","rust-crate","tracing-log","0.2.0","1","hermes","MIT","not-required","not-required","not-required","required","bounded-decision",""
"168750e1da61f0e3a9aac5b12cf88c3bec490200d193d96719d2d12a5444be25","rust-crate","tracing-serde","0.2.0","1","hermes","MIT","not-required","not-required","not-required","required","bounded-decision",""
"dd0a600f50aa88746b5025ef7d3488532a6779f0011c5cc795132688971acc7b","rust-crate","tracing-serde","0.2.0","1","hermes","MIT","not-required","not-required","not-required","required","bounded-decision",""
"6f9535ff0028d9b7c75beebbf3427c358221c51bbe3051769f4697bd4d6c33d3","rust-crate","tracing-subscriber","0.3.23","1","hermes","MIT","not-required","not-required","not-required","required","bounded-decision",""
"b7d5da5c4380124d46b3ecd6c636bb678435b3c4785450176f9cdcd74bc3a147","rust-crate","tracing-subscriber","0.3.23","1","hermes","MIT","not-required","not-required","not-required","required","bounded-decision",""
"7b426d449ba7524a3e4394a9eaec8c593c19c2a3751132116f474b20ccde37e7","rust-crate","tracing-tree","0.4.1","1","hermes","MIT","not-required","not-required","not-required","required","bounded-decision",""
"bb4f74946327edd05fa3239b8d0b8052ae9a6d429c88f35ca6c1d6f5cddedc75","rust-crate","tracing-tree","0.4.1","1","hermes","MIT","not-required","not-required","not-required","required","bounded-decision",""
"170b3e6ef6dd27060eeb31d3f287496016fe29b3cfe7b9a075d05fb643f2bf1e","rust-crate","try-lock","0.2.5","1","hermes","MIT","not-required","not-required","not-required","required","bounded-decision",""
"65a11c71c4a9bc78e92022820a402b96c95bbb17961863f72c0807b3c48da1c4","rust-crate","try-lock","0.2.5","1","hermes","MIT","not-required","not-required","not-required","required","bounded-decision",""
"893bc747b477039ba5645d6b760c3df5a9542bd4e9c41b5a2ea06d3a151697ea","rust-crate","typed-path","0.12.3","1","hermes","MIT","not-required","not-required","not-required","required","bounded-decision",""
"e46792bce89ba363b699745f2b1dfd5b3fee696d2552c80683fa682dc3f8ffa5","rust-crate","typed-path","0.12.3","1","hermes","MIT","not-required","not-required","not-required","required","bounded-decision",""
"0a0a69420fb017c0b98dd308090c1542a796591aa45ced4159677f1889d59b1c","rust-crate","typeid","1.0.3","1","hermes","MIT","not-required","not-required","not-required","required","bounded-decision",""
"503c6d4e1eaf8d8fc75650d883ce00d6d7e099a51fb01c3acd93df229430ee5c","rust-crate","typeid","1.0.3","1","hermes","MIT","not-required","not-required","not-required","required","bounded-decision",""
"8351b675b739de6355f891c2f5a96bfc2c1436ca7e6e5a71ac5fd1dbd1aad5f3","rust-crate","typenum","1.19.0","1","hermes","MIT","not-required","not-required","not-required","required","bounded-decision",""
"a6ed94ac112953beaa42ab2b885dc3b8353c33e9f8a26821c68d0bbeed1d96c2","rust-crate","typenum","1.19.0","1","hermes","MIT","not-required","not-required","not-required","required","bounded-decision",""
"1e22e4733f4d62fd74b1affc1f01dabfedc39481a6f4487fb56f95b780f439ed","rust-crate","ucd-trie","0.1.7","1","hermes","MIT","not-required","not-required","not-required","required","bounded-decision",""
"858ad24e8b7debc6658f97943eb66ade9456b2af6601ceb7fb16e6edfb86538a","rust-crate","ucd-trie","0.1.7","1","hermes","MIT","not-required","not-required","not-required","required","bounded-decision",""
"0d040be90ef214af0f20ecd7bd046d5d76181bc3820e4ec0c275e84664b46c1e","rust-crate","unicase","2.9.0","1","hermes","MIT","not-required","not-required","not-required","required","bounded-decision",""
"270af9d105b1ae85deed1af22cf7ec95e76b59fce4b78ffe0db306c09f47129b","rust-crate","unicase","2.9.0","1","hermes","MIT","not-required","not-required","not-required","required","bounded-decision",""
"2bc99cf86304b0302349e1e8757398e873e4c6dc88ee05a0ed78fbc4dcda43fd","rust-crate","unicode-ident","1.0.24","1","hermes","Apache-2.0 | MIT | Unicode-3.0","not-required","not-required","not-required","required","bounded-decision",""
"e54c93183721f1078790b8bb0929074d5c1704a7fff2d3ab0eaf608718d9ff98","rust-crate","unicode-ident","1.0.24","1","hermes","Apache-2.0 | MIT | Unicode-3.0","not-required","not-required","not-required","required","bounded-decision",""
"5e56c72a4e7f39a6e680b23e0f163f83c34e5d4e57281bda2e8fe1ba69af474d","rust-crate","unicode-linebreak","0.1.5","1","hermes","Apache-2.0","not-required","not-required","not-required","required","bounded-decision",""
"946f1ab8d8b6a187eb639268ea347b8647b1fc54cc177f3cf4cf90408cb0c2af","rust-crate","unicode-linebreak","0.1.5","1","hermes","Apache-2.0","not-required","not-required","not-required","required","bounded-decision",""
"5dfb13dcf54cfa7a45970fcdd9e9e749b381d962a9c237caa3e676673ba9c7c3","rust-crate","unicode-width","0.1.14","1","hermes","MIT","not-required","not-required","not-required","required","bounded-decision",""
"bc6d0a4e60a5ffa0b77b261a87680bca4271cd96a7aff9bb85e60f5f745f3bd2","rust-crate","unicode-width","0.1.14","1","hermes","MIT","not-required","not-required","not-required","required","bounded-decision",""
"2fce94aefd991453e931a9a720ac5bd33c349b6dcc1e91e47c9b5c5c7cc7c6ad","rust-crate","unicode-width","0.2.2","1","hermes","MIT","not-required","not-required","not-required","required","bounded-decision",""
"e73f3228efe993b951d3c738015e38320e3065b3e01097733879dcbaede389fc","rust-crate","unicode-width","0.2.2","1","hermes","MIT","not-required","not-required","not-required","required","bounded-decision",""
"28909816a90411d7a1a0f3a0198c97ebd0e8907d38eb259e84997b06bafd54ff","rust-crate","unit-prefix","0.5.2","1","hermes","MIT","not-required","not-required","not-required","required","bounded-decision",""
"b842dd436188a7c91032264f16d1b94c335abd443f70a22c329796b7a732108a","rust-crate","unit-prefix","0.5.2","1","hermes","MIT","not-required","not-required","not-required","required","bounded-decision",""
"1134c8c9351dba42ff0a59a94ceb0306d395fe684533ce72e0d7b7d951f4753d","rust-crate","unscanny","0.1.0","1","hermes","MIT","not-required","not-required","not-required","required","bounded-decision",""
"ee23426772344e86a2f8032faf427cf466d5f4ac59d4991951b9f8b8083aa829","rust-crate","unscanny","0.1.0","1","hermes","MIT","not-required","not-required","not-required","required","bounded-decision",""
"28b90856dbc39b22131535cff22ff59f2b643d3bb1a68a077ea6c34c44395ea8","rust-crate","untrusted","0.7.1","1","hermes","ISC","not-required","not-required","not-required","required","bounded-decision",""
"c263cfcf1c671a6286e2a2b599bc07377a25845e7844cb509862f38463daf143","rust-crate","untrusted","0.7.1","1","hermes","ISC","not-required","not-required","not-required","required","bounded-decision",""
"7b7d6049468cf0ed8a684f90d84a82af2db576b718f8aac4d1986d94e4fbc1f0","rust-crate","untrusted","0.9.0","1","hermes","ISC","not-required","not-required","not-required","required","bounded-decision",""
"faada3f6260be5692f97feb08ac2a4b3c744038fe717d91ef66af80a7bd38e57","rust-crate","untrusted","0.9.0","1","hermes","ISC","not-required","not-required","not-required","required","bounded-decision",""
"b76d0334ff7ee1cc9138e99b129a515b38f69c686e42d3a2d40cb9e2f09dc96f","rust-crate","url","2.5.8","1","hermes","MIT","not-required","not-required","not-required","required","bounded-decision",""
"c8954afe7d28a092d4276abe4ccf3b68a7181943037daf73d109192c96920958","rust-crate","url","2.5.8","1","hermes","MIT","not-required","not-required","not-required","required","bounded-decision",""
"0b8c8959e612b103cebea32e69157cfbbcbc7f90019b671ee8502cd9d688a736","rust-crate","utf8-width","0.1.8","1","hermes","MIT","not-required","not-required","not-required","required","bounded-decision",""
"d95f411bee971e964d69939f7cb4cada48f0cafaa23317c83c58a60c09754d29","rust-crate","utf8-width","0.1.8","1","hermes","MIT","not-required","not-required","not-required","required","bounded-decision",""
"1181bd61edee8b5ef8aee0a124cb0cecf708ce4563b8943286146dc49910b926","rust-crate","utf8_iter","1.0.4","1","hermes","MIT","blocked","blocked","blocked","required","open-review","additional-notice-terms-scope-review"
"e9124b344c78baf218483d1e045ee6f7da6c63161e4629eec6561ee2d6b0ab97","rust-crate","utf8_iter","1.0.4","1","hermes","MIT","blocked","blocked","blocked","required","open-review","additional-notice-terms-scope-review"
"3f5ad2f9b5d987bbfe0f769b861692c960809948246358e47978b5c40a0e5339","rust-crate","utf8parse","0.2.2","1","hermes","MIT","not-required","not-required","not-required","required","bounded-decision",""
"f69d52810b605f38a22b725252318ab5c3c170664ffef309c279010abdbcae73","rust-crate","utf8parse","0.2.2","1","hermes","MIT","not-required","not-required","not-required","required","bounded-decision",""
"d089d25dc62d85885c8ff1fe58618d936e526ec17010dc6236d54672ee5a9472","rust-crate","uuid","1.23.0","1","hermes","MIT","not-required","not-required","not-required","required","bounded-decision",""
"ff2f800644cf8b1a910a8f289093d30f466a249f1ed8d1da9ecee9e4892ce182","rust-crate","uuid","1.23.0","1","hermes","MIT","not-required","not-required","not-required","required","bounded-decision",""
"2003c99bb613c05a1640255524cacc4b786fabaf80061ac7acb01787804bdaae","rust-crate","uv","0.11.6","1","hermes","MIT","not-required","not-required","not-required","required","bounded-decision",""
"d3681f8fdd43bf878a2352152a7d0838f73f6a8b3d04193f85460126b78cacd9","rust-crate","uv","0.11.6","1","hermes","MIT","not-required","not-required","not-required","required","bounded-decision",""
"b580c649820c189bbb164f70a5b6ab013a2322bfa2e0d1de88836a275d258ac4","rust-crate","uv-audit","0.0.39","1","hermes","MIT","not-required","not-required","not-required","required","bounded-decision",""
"f1564d6ad5240b493192877eaa6e3bc83552d9e5f5bc21e8625f6dfa44d5ef0c","rust-crate","uv-audit","0.0.39","1","hermes","MIT","not-required","not-required","not-required","required","bounded-decision",""
"2418688cd2b29ec7c65ad0f5f792cbfb687cb3d5b4d6f9037caf3f6db1ff2c7d","rust-crate","uv-auth","0.0.39","1","hermes","MIT","not-required","not-required","not-required","required","bounded-decision",""
"b9c6bb2657a5f09a3e4ff284b89a016bb84d73b36d206eff57c8a3e79e1cc40d","rust-crate","uv-auth","0.0.39","1","hermes","MIT","not-required","not-required","not-required","required","bounded-decision",""
"573d45a3e57dd15a90dba8dc27839c6ba540b1ca2bba919d5396a010d185ac32","rust-crate","uv-bin-install","0.0.39","1","hermes","MIT","not-required","not-required","not-required","required","bounded-decision",""
"5b0cb01fef5b66d799f0e2b716cadbb034a8b7db2ab0990e4500cbea841dac7c","rust-crate","uv-bin-install","0.0.39","1","hermes","MIT","not-required","not-required","not-required","required","bounded-decision",""
"0d39cd72a78447a9b33006a9d730d46110b799c6bdf0013244b4912ae8fcc62e","rust-crate","uv-build-backend","0.0.39","1","hermes","MIT","not-required","not-required","not-required","required","bounded-decision",""
"2873ab1bd94ef3b365973845aa702a4a4306d0ae9380595eefed9a2b8cda3fdf","rust-crate","uv-build-backend","0.0.39","1","hermes","MIT","not-required","not-required","not-required","required","bounded-decision",""
"0fb0605309c0c234c2bb249df6de9f8cee8660ae0ef9f3d3e776103c76581d65","rust-crate","uv-build-frontend","0.0.39","1","hermes","MIT","not-required","not-required","not-required","required","bounded-decision",""
"ac886896d56e5494d92e72f9c7ca4a87b6482aee6285ca0ff8cd30cd3d218163","rust-crate","uv-build-frontend","0.0.39","1","hermes","MIT","not-required","not-required","not-required","required","bounded-decision",""
"6ea38373906086dcc0f1671f2d36a344fcc0548d234e127957f3ff15540fde7b","rust-crate","uv-cache","0.0.39","1","hermes","MIT","not-required","not-required","not-required","required","bounded-decision",""
"9c61e38157f0430c60ec998b5caf6afe132ebc79555582237982dc156de86bc2","rust-crate","uv-cache","0.0.39","1","hermes","MIT","not-required","not-required","not-required","required","bounded-decision",""
"68eac5071a327bdb4852180c3ad5786f83d5c41b94ef6cf5d1f9d97344d4ea58","rust-crate","uv-cache-info","0.0.39","1","hermes","MIT","not-required","not-required","not-required","required","bounded-decision",""
"866dfc6fde3f130912c16771539e6c1748317188f28a9ef181ffb550b65c18fc","rust-crate","uv-cache-info","0.0.39","1","hermes","MIT","not-required","not-required","not-required","required","bounded-decision",""
"74092abff081a06eb7eb90ca0ecafb29dd5ceb7a252db2c57fff5ee5fed5147d","rust-crate","uv-cache-key","0.0.39","1","hermes","MIT","not-required","not-required","not-required","required","bounded-decision",""
"dcddbf895b931531c61752e30644593fe9949f107ecbb1c9b8e78f82996a5944","rust-crate","uv-cache-key","0.0.39","1","hermes","MIT","not-required","not-required","not-required","required","bounded-decision",""
"01cf648a207aafce49880df34bc82e4f3dd4ae964a44ec5a808e2b4ec9bb2334","rust-crate","uv-cli","0.0.39","1","hermes","MIT","not-required","not-required","not-required","required","bounded-decision",""
"75cce91acde8d05dda138537cf0b54c244f91730868f6af95ae4a9b1410ee55c","rust-crate","uv-cli","0.0.39","1","hermes","MIT","not-required","not-required","not-required","required","bounded-decision",""
"395089eae9eb4adb38697bb148216c45a1fc12e2cd573c543b9a37177b5d95f3","rust-crate","uv-client","0.0.39","1","hermes","MIT","not-required","not-required","not-required","required","bounded-decision",""
"df55c2957a4c6310a5417bbac409a17b61654149f5de8f532fb17ac58595c8fa","rust-crate","uv-client","0.0.39","1","hermes","MIT","not-required","not-required","not-required","required","bounded-decision",""
"29f8c3c0f5da03d6d1ffe20cf670b33991113b63b18546466a3979d6f8c2eea4","rust-crate","uv-configuration","0.0.39","1","hermes","MIT","not-required","not-required","not-required","required","bounded-decision",""
"d8b611a2f414a04a34f4e108ac87b21f7620c9866f8707335bc53ee8c534f473","rust-crate","uv-configuration","0.0.39","1","hermes","MIT","not-required","not-required","not-required","required","bounded-decision",""
"7a4ad103c2db4abd606072496134f13fb7dfcd1a9875925f0f6f5e7bf760e441","rust-crate","uv-console","0.0.39","1","hermes","MIT","not-required","not-required","not-required","required","bounded-decision",""
"c3eae940c229be6ae5c47053f1e0b62fe340c3413c55018b1780a8de04c18821","rust-crate","uv-console","0.0.39","1","hermes","MIT","not-required","not-required","not-required","required","bounded-decision",""
"85ece86013cf14e0e3ca8204e4d26090887e74e94b9e2c50610cbe7cf47db9c2","rust-crate","uv-dirs","0.0.39","1","hermes","MIT","not-required","not-required","not-required","required","bounded-decision",""
"bb9819c89d28388b5bd9a067b55001e3d588c38391d6241f3c44f8e1e9bb8e89","rust-crate","uv-dirs","0.0.39","1","hermes","MIT","not-required","not-required","not-required","required","bounded-decision",""
"7144f99310786e700d8bd9da492be221dd6679f20c5c0976dfe0f425af622b0f","rust-crate","uv-dispatch","0.0.39","1","hermes","MIT","not-required","not-required","not-required","required","bounded-decision",""
"cbb08e75e72c7ff9a92a77792da693fa4b479607c2188466daa4af8c45e24059","rust-crate","uv-dispatch","0.0.39","1","hermes","MIT","not-required","not-required","not-required","required","bounded-decision",""
"d4dc0a2cfea1658b389523485f677a80dd617d341870af41900b0ea9d2b9d058","rust-crate","uv-distribution","0.0.39","1","hermes","MIT","not-required","not-required","not-required","required","bounded-decision",""
"d73e4ed14f46d4f40028f19b14850e0d700db8b41c8ee1d4509e8a85735a8036","rust-crate","uv-distribution","0.0.39","1","hermes","MIT","not-required","not-required","not-required","required","bounded-decision",""
"5018c963464bb06d08495ce0f8c26c7952293b3cf255adbc4f0307c46225f616","rust-crate","uv-distribution-filename","0.0.39","1","hermes","MIT","not-required","not-required","not-required","required","bounded-decision",""
"d2358f346ee38de7ecd26aac2cbf71c1b6710c46f27ebd377b178bb57a146cce","rust-crate","uv-distribution-filename","0.0.39","1","hermes","MIT","not-required","not-required","not-required","required","bounded-decision",""
"09d0d5a00cc4b9ae88570038ad5f314eb6d9590a8cdd0965a7d2635fa11b510e","rust-crate","uv-distribution-types","0.0.39","1","hermes","MIT","not-required","not-required","not-required","required","bounded-decision",""
"7f5f32999bc5b219984ca3b36a151ad59e96433fc7fb981454b4c7e5faccb942","rust-crate","uv-distribution-types","0.0.39","1","hermes","MIT","not-required","not-required","not-required","required","bounded-decision",""
"78321a43a68f64ccaf324e3909ab9679c03704f5316c653885a02368ac11d8c2","rust-crate","uv-extract","0.0.39","1","hermes","MIT","not-required","not-required","not-required","required","bounded-decision",""
"aa637a972374b2005ac22d44947d895c2a6656e6b764b866f9f287ed1b674820","rust-crate","uv-extract","0.0.39","1","hermes","MIT","not-required","not-required","not-required","required","bounded-decision",""
"2249df2335ac1acd14c512c0ac0446a5857d770513897854d92260124d678596","rust-crate","uv-flags","0.0.39","1","hermes","MIT","not-required","not-required","not-required","required","bounded-decision",""
"8545e1b35365c7f78620b9fbd4baf063d91fa12a0c2509c87d4781f70556dab6","rust-crate","uv-flags","0.0.39","1","hermes","MIT","not-required","not-required","not-required","required","bounded-decision",""
"8de2893e11b876932a93cd3d141f6e487933eeef3c7a32a0a0f1a5133a2b4c9a","rust-crate","uv-fs","0.0.39","1","hermes","MIT","not-required","not-required","not-required","required","bounded-decision",""
"e637699f2e5edf75a3e94ecc6b9f601955b98e81c2ca6a6c93ccb1ca380da6c2","rust-crate","uv-fs","0.0.39","1","hermes","MIT","not-required","not-required","not-required","required","bounded-decision",""
"65b86186ad37966f8ff43979647d5722bbb761912e290634d3e9bdc1155b743e","rust-crate","uv-git","0.0.39","1","hermes","MIT","not-required","not-required","not-required","required","bounded-decision",""
"ad8c6fc13d17ee732459aea71b0cdb7729fe01973da9d5f219433851f1fa2804","rust-crate","uv-git","0.0.39","1","hermes","MIT","not-required","not-required","not-required","required","bounded-decision",""
"3d4e9449bd7551a9bc88210594381ca63bce01edee7877a6567b0a3342a6d643","rust-crate","uv-git-types","0.0.39","1","hermes","MIT","not-required","not-required","not-required","required","bounded-decision",""
"b817cb72477937133c36e988e3fda466c3de359e8d26207f6adc7f547ae3cc78","rust-crate","uv-git-types","0.0.39","1","hermes","MIT","not-required","not-required","not-required","required","bounded-decision",""
"2bfd6234cf79bb6b914282221f02ab6eaa6b00045d0ed7804c4107e6b636a255","rust-crate","uv-globfilter","0.0.39","1","hermes","MIT","not-required","not-required","not-required","required","bounded-decision",""
"f91ca539b6b9d51a764103f3b3ecdea48059688f45af39eef485d5f0022904c6","rust-crate","uv-globfilter","0.0.39","1","hermes","MIT","not-required","not-required","not-required","required","bounded-decision",""
"14265f71f91c95da1822c712e85b66d75994e317feec2eb84a99af7a5f3af979","rust-crate","uv-install-wheel","0.0.39","1","hermes","MIT","not-required","not-required","not-required","required","bounded-decision",""
"2b1eb0306df40e6d2297c3bac785863d5ed896b032572e4e34ad1c2cff120a46","rust-crate","uv-install-wheel","0.0.39","1","hermes","MIT","not-required","not-required","not-required","required","bounded-decision",""
"32cd48d7ef30671b5706691251e7236c8612fc307bcccfa0ea27df5ad49ebe53","rust-crate","uv-installer","0.0.39","1","hermes","MIT","not-required","not-required","not-required","required","bounded-decision",""
"ee99d12bb74a27dcdd5d48a1191cb5b68ea87a28ebe107a5bb19a843de675ab2","rust-crate","uv-installer","0.0.39","1","hermes","MIT","not-required","not-required","not-required","required","bounded-decision",""
"1b144f5c7aee07454ebc59e32337ea605336719b8b5e128a22f0abab82f17b0a","rust-crate","uv-keyring","0.0.39","1","hermes","MIT","not-required","not-required","not-required","required","bounded-decision",""
"747fcd48eae86187883ecfe7f10e54d606521c2edf784be0933d19867e15ed58","rust-crate","uv-keyring","0.0.39","1","hermes","MIT","not-required","not-required","not-required","required","bounded-decision",""
"84887736e81cc5db66fc0070799c6972fa2d4d41d4b2984f7835cd85d6ae2e3b","rust-crate","uv-logging","0.0.39","1","hermes","MIT","not-required","not-required","not-required","required","bounded-decision",""
"8a703eddb4de27f61925cf7b9928abf4b6dbb01d576bee08bd5777ed7b169d82","rust-crate","uv-logging","0.0.39","1","hermes","MIT","not-required","not-required","not-required","required","bounded-decision",""
"68483bf36ee7b04fa8fa17315b5defed9b60525b757a757a92821eddfc851726","rust-crate","uv-metadata","0.0.39","1","hermes","MIT","not-required","not-required","not-required","required","bounded-decision",""
"ff911479ca7a564ddd49b63b82ddafad1e2aef8cba7160fe8e22a2706d583008","rust-crate","uv-metadata","0.0.39","1","hermes","MIT","not-required","not-required","not-required","required","bounded-decision",""
"40326339e43b8f2383b1bbb046183f3d69f8ad6188155d25b64ff66984014a66","rust-crate","uv-normalize","0.0.39","1","hermes","MIT","not-required","not-required","not-required","required","bounded-decision",""
"547983f12cd32c55d207a96fbd7cc519ed7b210d1af7ad6f321ba6c096892249","rust-crate","uv-normalize","0.0.39","1","hermes","MIT","not-required","not-required","not-required","required","bounded-decision",""
"2bf30ca456567766a5878c68c5038e7b2f6ae808a85576cbf49322213dcf754d","rust-crate","uv-once-map","0.0.39","1","hermes","MIT","not-required","not-required","not-required","required","bounded-decision",""
"4fd50f338a95c78e5177e4d02b605d29f35d30434c317398ac878bd8df921a93","rust-crate","uv-once-map","0.0.39","1","hermes","MIT","not-required","not-required","not-required","required","bounded-decision",""
"67b886e4e09fe3dd91b846051aa6ffd482b037f59b4e094a8307a645a84abeb5","rust-crate","uv-options-metadata","0.0.39","1","hermes","MIT","not-required","not-required","not-required","required","bounded-decision",""
"a323fafba30ccbbd044254c8873b63bc72e3df53c5ad85e76ab8b756527d3d92","rust-crate","uv-options-metadata","0.0.39","1","hermes","MIT","not-required","not-required","not-required","required","bounded-decision",""
"e59408130e52badbf48370c2ee0b43da4f4c46219d7661097ab0414dc541b788","rust-crate","uv-pep440","0.0.39","1","hermes","BSD-2-Clause","not-required","not-required","not-required","required","bounded-decision",""
"e887b7254bd0bd2390c5785e64be641a9b349b571b0287daa4c5d0be53b1f48b","rust-crate","uv-pep440","0.0.39","1","hermes","BSD-2-Clause","not-required","not-required","not-required","required","bounded-decision",""
"29bc468ca305ecca84cb3ddd677f094c50e7b1c80d983ba90774cf55359f34d0","rust-crate","uv-pep508","0.0.39","1","hermes","BSD-2-Clause","not-required","not-required","not-required","required","bounded-decision",""
"79dd7a01a310d6f9eb2a7e1091a27f8237a1172e3ded1732e376af9007c40aeb","rust-crate","uv-pep508","0.0.39","1","hermes","BSD-2-Clause","not-required","not-required","not-required","required","bounded-decision",""
"176af740ac15d799449dcbdc5da756a937e24a683bd2d5269f5f2de80833fbb9","rust-crate","uv-performance-memory-allocator","0.0.39","1","hermes","MIT","not-required","not-required","not-required","required","bounded-decision",""
"3e719d8567102cc9df196d976de75daa977774e033d647dc922e3c064120cc4d","rust-crate","uv-performance-memory-allocator","0.0.39","1","hermes","MIT","not-required","not-required","not-required","required","bounded-decision",""
"4c52d348300a73e839794f18a3add5bed5f42a7deb94dfa7fbb8872d46c60592","rust-crate","uv-platform","0.0.39","1","hermes","MIT","not-required","not-required","not-required","required","bounded-decision",""
"de62cbcf1bad6da39af7b451a49af4b0c8f5d102791017bc8e1c7cae6ab8de47","rust-crate","uv-platform","0.0.39","1","hermes","MIT","not-required","not-required","not-required","required","bounded-decision",""
"0cb0a962d5bf058b37d9c3a90f07c68611ae842a3bdc3d4170bbebafecffb2f3","rust-crate","uv-platform-tags","0.0.39","1","hermes","MIT","not-required","not-required","not-required","required","bounded-decision",""
"a046e863536805e9e332cf01007fcd8c702c7c3b5f27294924dd90172420a5e3","rust-crate","uv-platform-tags","0.0.39","1","hermes","MIT","not-required","not-required","not-required","required","bounded-decision",""
"b31b67c82dd041a316dfe8ccaaaa30b7115304001fb139c70adb3b3ca4fe9188","rust-crate","uv-preview","0.0.39","1","hermes","MIT","not-required","not-required","not-required","required","bounded-decision",""
"bb9435da512d7c04003b70e870055bb2b75c8d2699f3e8c44e085af5c02f9eb6","rust-crate","uv-preview","0.0.39","1","hermes","MIT","not-required","not-required","not-required","required","bounded-decision",""
"2426901dec0dd1bec190f2db13696d43fa9fcaf702a4068a3d62c9b105cd9309","rust-crate","uv-publish","0.0.39","1","hermes","MIT","not-required","not-required","not-required","required","bounded-decision",""
"9131c8bc7e5789e59c0214eaacadcac648d4d1f61fabe196de58f603cdad1573","rust-crate","uv-publish","0.0.39","1","hermes","MIT","not-required","not-required","not-required","required","bounded-decision",""
"3903fe318fd6c19322af63b723ed94080729663e4071c85b5c7fd7a7cf06ecc5","rust-crate","uv-pypi-types","0.0.39","1","hermes","MIT","not-required","not-required","not-required","required","bounded-decision",""
"8c109df5261214aaa5294cd11fc33da4ae4a6847408d64a86b498a74a58db562","rust-crate","uv-pypi-types","0.0.39","1","hermes","MIT","not-required","not-required","not-required","required","bounded-decision",""
"9d0b902e112eb73bf27b48ff624c3132ea4f5aab2d2d44006ed29b83351419ce","rust-crate","uv-python","0.0.39","1","hermes","MIT","not-required","not-required","not-required","required","bounded-decision",""
"e2040f832104dfc34f246180a12fc7b8f24b9165cf86fbe6d54f70916acbabf4","rust-crate","uv-python","0.0.39","1","hermes","MIT","not-required","not-required","not-required","required","bounded-decision",""
"8d2b69083ce812767cedc2a6f67c1b5b01a166443c5cab196df4d3a894773d20","rust-crate","uv-redacted","0.0.39","1","hermes","MIT","not-required","not-required","not-required","required","bounded-decision",""
"be9317c9ea3e515036ba365ecba4476d9562b5764afd853f0b2d76c26bf2a7b3","rust-crate","uv-redacted","0.0.39","1","hermes","MIT","not-required","not-required","not-required","required","bounded-decision",""
"29357955879011535186c5bc04478b0d043d01338a4367aab13225badd79671a","rust-crate","uv-requirements","0.0.39","1","hermes","MIT","not-required","not-required","not-required","required","bounded-decision",""
"5519a7e0fab27042c2faa7f8de846aa62639f8fdb51deb8da3307d9ba1d86272","rust-crate","uv-requirements","0.0.39","1","hermes","MIT","not-required","not-required","not-required","required","bounded-decision",""
"43af91eef5014251c517890ae78c86d0ebd37fc0caa62a524058788ffc38eaf8","rust-crate","uv-requirements-txt","0.0.39","1","hermes","MIT","not-required","not-required","not-required","required","bounded-decision",""
"5b867195ea19ac13ff2db271d69645edd9ddca6572f78419ea7ca08213ccaea9","rust-crate","uv-requirements-txt","0.0.39","1","hermes","MIT","not-required","not-required","not-required","required","bounded-decision",""
"a9fd471e1984a234fa3169b5fe290c4c701c3f0da2abfb2cd00b43252a020868","rust-crate","uv-resolver","0.0.39","1","hermes","MIT","not-required","not-required","not-required","required","bounded-decision",""
"c23d3cce04b95f336732db0bc8c4f88db02779c3d37b69a3fdd83df8a33a56d6","rust-crate","uv-resolver","0.0.39","1","hermes","MIT","not-required","not-required","not-required","required","bounded-decision",""
"02604d6de35687eb7b7ddff698b4241cddf55fac8e0f002b1eb41afc18c40b65","rust-crate","uv-scripts","0.0.39","1","hermes","MIT","not-required","not-required","not-required","required","bounded-decision",""
"4ec7c0f4cbe44fad6be56b791f597a3439c06e26658883ec2a26ecd5ed415288","rust-crate","uv-scripts","0.0.39","1","hermes","MIT","not-required","not-required","not-required","required","bounded-decision",""
"6de56728fcab43286f62599ce06c14e75f11e9579247849b2660442cdb71da6c","rust-crate","uv-settings","0.0.39","1","hermes","MIT","not-required","not-required","not-required","required","bounded-decision",""
"a1e058266006cf620ac2e2316660c495d4ebebb5dc69afb89496ac373587fcc7","rust-crate","uv-settings","0.0.39","1","hermes","MIT","not-required","not-required","not-required","required","bounded-decision",""
"18d9d1943fc8677afdceacc731eb69c207dce3d56b48530a0696fc9e1608a35e","rust-crate","uv-shell","0.0.39","1","hermes","MIT","not-required","not-required","not-required","required","bounded-decision",""
"fd9f4ce8ec72a535397438bba7a30c40d0aa51f374ff9906a0dbb5297a2cd127","rust-crate","uv-shell","0.0.39","1","hermes","MIT","not-required","not-required","not-required","required","bounded-decision",""
"59e6bcc83c1b86538eea87e3286791d9061401daddcb24dcf0d0c6a139ac243c","rust-crate","uv-small-str","0.0.39","1","hermes","MIT","not-required","not-required","not-required","required","bounded-decision",""
"d6b78cc01bdd3a55c45b964ae33a1a2f52382ab56cde77def76a52499d8957d6","rust-crate","uv-small-str","0.0.39","1","hermes","MIT","not-required","not-required","not-required","required","bounded-decision",""
"2fb039fac9bf82d3c195996cb91208319ba76800bbf7b7934038e87f7497454d","rust-crate","uv-state","0.0.39","1","hermes","MIT","not-required","not-required","not-required","required","bounded-decision",""
"ecbd36f5b172dca6b3916d893fe2eaf037a83fefbdfc578c1db5379d19e69e48","rust-crate","uv-state","0.0.39","1","hermes","MIT","not-required","not-required","not-required","required","bounded-decision",""
"16bda2177a4270d36db20755d69be5d5e8b1e9904abc9c08d12b6aa1f3cdadf4","rust-crate","uv-static","0.0.39","1","hermes","MIT","not-required","not-required","not-required","required","bounded-decision",""
"ed31fa4fc145d9340478fc630249f365a46c780c31b2fa0fbef2389e73d57f8e","rust-crate","uv-static","0.0.39","1","hermes","MIT","not-required","not-required","not-required","required","bounded-decision",""
"3a85af2dea2f3da23295cec464d168f91b9e3af15c14b0062af9d192ce069bd9","rust-crate","uv-test","0.0.39","1","hermes","MIT","not-required","not-required","not-required","required","bounded-decision",""
"b359ec058e9bdaa9eba8b4f61b514627ebf45af2eab6d1d6c10788ed39cf8ae7","rust-crate","uv-test","0.0.39","1","hermes","MIT","not-required","not-required","not-required","required","bounded-decision",""
"8cda17506a3eb04d8894b1d0f376cf7db3d254cfe6c4308d6e5ec1b991fa3dce","rust-crate","uv-tool","0.0.39","1","hermes","MIT","not-required","not-required","not-required","required","bounded-decision",""
"ee1d2b110b484322401817094c3a58d4bcdb8984f6bf498dccd0ed852d2ff5f4","rust-crate","uv-tool","0.0.39","1","hermes","MIT","not-required","not-required","not-required","required","bounded-decision",""
"4f80dbca9dcc337c4b84912cd2fda64c1da8925689b48366857ad3a0cb5987c0","rust-crate","uv-torch","0.0.39","1","hermes","MIT","not-required","not-required","not-required","required","bounded-decision",""
"6919d8827fe213df531488940fe2a7816c3957851743836b7706f92933138119","rust-crate","uv-torch","0.0.39","1","hermes","MIT","not-required","not-required","not-required","required","bounded-decision",""
"1b6c528f694fd447db9dad6fb0c36920ac0d9c5f46d5674d81cd4189d53f8525","rust-crate","uv-trampoline-builder","0.0.39","1","hermes","MIT","not-required","not-required","not-required","required","bounded-decision",""
"c10006dfd542eed88614e17d51d4bc1cb877f39c70bb94bdddbf498a1fe2f29d","rust-crate","uv-trampoline-builder","0.0.39","1","hermes","MIT","not-required","not-required","not-required","required","bounded-decision",""
"ae00016867ddf7bbe12e277629a90c386b3e724137eeb448063ad99663681649","rust-crate","uv-types","0.0.39","1","hermes","MIT","not-required","not-required","not-required","required","bounded-decision",""
"b5c136018fd60c6611e2ac1c1df04e1004c2c17f99c0072b33e7468851a6bd38","rust-crate","uv-types","0.0.39","1","hermes","MIT","not-required","not-required","not-required","required","bounded-decision",""
"3df23a710aa6199c259cb5c1f3eef4f829e388acacb445b450844184063e495a","rust-crate","uv-unix","0.0.39","1","hermes","MIT","not-required","not-required","not-required","required","bounded-decision",""
"c7b225e23a6512849c7e3f54bb9e3c34894e4e091c3975ec0807a7a28f573c65","rust-crate","uv-unix","0.0.39","1","hermes","MIT","not-required","not-required","not-required","required","bounded-decision",""
"0bcc7db571c4ee79ecc0ed6273c7f0453df5f139ea5b3100036bf14cf48508be","rust-crate","uv-version","0.11.6","1","hermes","MIT","not-required","not-required","not-required","required","bounded-decision",""
"61ba3f2acdf424eb328fb50cc8dd1e6b21696e523a2e77e56d1b32bddbcbfea5","rust-crate","uv-version","0.11.6","1","hermes","MIT","not-required","not-required","not-required","required","bounded-decision",""
"211e32d2dca3880fd2a98806d9b901112665ab08eb9203d888e14475b6f7bc51","rust-crate","uv-virtualenv","0.0.39","1","hermes","MIT","not-required","not-required","not-required","required","bounded-decision",""
"6fd57e892a9e83049d8dd329c19b723e62cc0f3d22963b4610130769073b11d1","rust-crate","uv-virtualenv","0.0.39","1","hermes","MIT","not-required","not-required","not-required","required","bounded-decision",""
"3769853d38013ebd25f20a0fec7fa0f73d0b18789e8e2721734f3b24075350c3","rust-crate","uv-warnings","0.0.39","1","hermes","MIT","not-required","not-required","not-required","required","bounded-decision",""
"4de33fbd1507e9ee5da430f27a5b08e939144e3c0ac5f7b3a37685687d3221fb","rust-crate","uv-warnings","0.0.39","1","hermes","MIT","not-required","not-required","not-required","required","bounded-decision",""
"0ef50779aa31c7ac88f143908cd379c5d100021caa1dc979c5f353defe74890b","rust-crate","uv-workspace","0.0.39","1","hermes","MIT","not-required","not-required","not-required","required","bounded-decision",""
"ca35b329339875ff5524d826c3cc45e973008d385c0b59979a2502f6c9c66540","rust-crate","uv-workspace","0.0.39","1","hermes","MIT","not-required","not-required","not-required","required","bounded-decision",""
"a99ad551bfe5aa4668bee913da793000700e0f5d98ebf7ff9cd26a9375d7b06e","rust-crate","wait-timeout","0.2.1","1","hermes","","blocked","blocked","blocked","required","open-review","unresolved-licence-scope,additional-notice-terms-scope-review"
"abd8051e64ff5bbcd3ccbf9500400c65d7716ab215474658668dcd900b81d4b0","rust-crate","wait-timeout","0.2.1","1","hermes","","blocked","blocked","blocked","required","open-review","unresolved-licence-scope,additional-notice-terms-scope-review"
"0128000c89a901c9cbdaf2627133bf8d7fab7f78bc7b05e59126bb71ebdcf1f1","rust-crate","walkdir","2.5.0","1","hermes","","blocked","blocked","blocked","required","open-review","unresolved-licence-scope,additional-notice-terms-scope-review"
"6501f5a10887eca54426c17e275a8d9884c5404a51aab7a72fe7196abd5d1da0","rust-crate","walkdir","2.5.0","1","hermes","","blocked","blocked","blocked","required","open-review","unresolved-licence-scope,additional-notice-terms-scope-review"
"4093a79df83609a350fb9ef8f26697f44ffeb5ab1fc877cfef3911e1512266f8","rust-crate","want","0.3.1","1","hermes","MIT","not-required","not-required","not-required","required","bounded-decision",""
"e8f4d0fa73f5f9896ae85c1f89c12aa69ca0f4e0749876ac5b522902b384ef60","rust-crate","want","0.3.1","1","hermes","MIT","not-required","not-required","not-required","required","bounded-decision",""
"245837f66b95b31e6fdbb7835d969c9d5ef83e448443713818547b41dcfe8f9c","rust-crate","webpki-root-certs","1.0.6","1","hermes","CDLA-Permissive-2.0","not-required","not-required","not-required","required","bounded-decision",""
"754fb7ae09445e1e1d233b9b8078bebffe70c1a36f22e73f7dfb20624a16cb06","rust-crate","webpki-root-certs","1.0.6","1","hermes","CDLA-Permissive-2.0","not-required","not-required","not-required","required","bounded-decision",""
"7300fcb028636860a169c11fb3bdd39a2c23ac65a5c28e887efa09cfbda4912b","rust-crate","which","8.0.2","1","hermes","MIT","not-required","not-required","not-required","required","bounded-decision",""
"b0dac36da641e387bef182a7f4ce2cc8319393523a394ea9516c8f6b1cecd096","rust-crate","which","8.0.2","1","hermes","MIT","not-required","not-required","not-required","required","bounded-decision",""
"3d51afb2f0334b0d306cb0785d47b4afd4d9121574695e1a3c91c21255ebf21f","rust-crate","winnow","0.7.15","1","hermes","MIT","not-required","not-required","not-required","required","bounded-decision",""
"8da71ed9c494c60fd3f9c6ffef04dea9b503989ae8f674de1b6a40025401c0cd","rust-crate","winnow","0.7.15","1","hermes","MIT","not-required","not-required","not-required","required","bounded-decision",""
"49789c4669caf9b37b1b8ad2820870c6858bc6d5d044da0255292c23465b19c8","rust-crate","wiremock","0.6.5","1","hermes","","blocked","blocked","blocked","required","open-review","unresolved-licence-scope,additional-notice-terms-scope-review"
"a7f433e6c8c9d11703e3384412d48f192c57ba36fb6e7a7b623ee69017042c2c","rust-crate","wiremock","0.6.5","1","hermes","","blocked","blocked","blocked","required","open-review","unresolved-licence-scope,additional-notice-terms-scope-review"
"036f0901be9fb4e0c33f03161ef443cfcf33c9cef74d6a1412250e57a0941d45","rust-crate","writeable","0.6.2","1","hermes","Unicode-3.0","not-required","not-required","not-required","required","bounded-decision",""
"5dfbb5b7e85faeff7b0d81172303aea3d3bc9d5267e355b8d264712b1d218dde","rust-crate","writeable","0.6.2","1","hermes","Unicode-3.0","not-required","not-required","not-required","required","bounded-decision",""
"7a7d45c16971040b0f91afd67cf4cbd130ae537154ca0107b8fd2adc1c65d559","rust-crate","x509-parser","0.18.1","1","hermes","MIT","not-required","not-required","not-required","required","bounded-decision",""
"d3e79596fbc3b41a597374b7375b422777ced2f1c70ab37ca5e0e94f4a902764","rust-crate","x509-parser","0.18.1","1","hermes","MIT","not-required","not-required","not-required","required","bounded-decision",""
"9c7c001c428cced43c69544f51c6b2cc55479cf26d4d8319efde0e6a5828b7c1","rust-crate","xattr","1.6.1","1","hermes","MIT","not-required","not-required","not-required","required","bounded-decision",""
"f41b92b5b9fe14d9b6f736023aff0aa83cd78b97ed372f33efc173780eda9634","rust-crate","xattr","1.6.1","1","hermes","MIT","not-required","not-required","not-required","required","bounded-decision",""
"5235452548436c49dce31175f466d3d71917bf1efe38f82f1329b12fcd78ddd5","rust-crate","xml-rs","0.8.28","1","hermes","MIT","not-required","not-required","not-required","required","bounded-decision",""
"cbd6b7185f09e2f9e653c58b4fc8c9e5d097bfe636e7c00ee89bdf629cd3a830","rust-crate","xml-rs","0.8.28","1","hermes","MIT","not-required","not-required","not-required","required","bounded-decision",""
"1f71ec71b899e9d16bb36053f97df350a69960422e0afe4b8ff62db2eafe8f58","rust-crate","xz2","0.1.7","1","hermes","","blocked","blocked","blocked","required","open-review","unresolved-licence-scope,additional-notice-terms-scope-review"
"2a5b7159692d5f6a894c1069563e45985accc6d530e0153a6584aca4a7a7a006","rust-crate","xz2","0.1.7","1","hermes","","blocked","blocked","blocked","required","open-review","unresolved-licence-scope,additional-notice-terms-scope-review"
"2b293ccff7bf04b48097cc44a3bb774e8b2f304782b1ee28733ea0bbfcce8263","rust-crate","yoke","0.8.1","1","hermes","Unicode-3.0","not-required","not-required","not-required","required","bounded-decision",""
"c8afd7501fc2ebfafa91d62aa89bbc38a3c54fc2df21e1fdb15e1e876e7cfa61","rust-crate","yoke","0.8.1","1","hermes","Unicode-3.0","not-required","not-required","not-required","required","bounded-decision",""
"2f55f614f43fb67f32fcbd757e1ee231ab601c2a63220a6be7bdd063d2ec2233","rust-crate","yoke-derive","0.8.1","1","hermes","Unicode-3.0","not-required","not-required","not-required","required","bounded-decision",""
"d2b01bac0ee3397fc48bd8ee012555093673dd0814590b5fe35831c17fb08190","rust-crate","yoke-derive","0.8.1","1","hermes","Unicode-3.0","not-required","not-required","not-required","required","bounded-decision",""
"2255a5d7c1483e1ca12775e594174ee96461d78961a0681b6dfe0084864848a7","rust-crate","zbus","5.14.0","1","hermes","MIT","not-required","not-required","not-required","required","bounded-decision",""
"b8cced72ee067ffff5fde2c2cd8de3a57fb0275ca387ee31301ef0e5005fb52d","rust-crate","zbus","5.14.0","1","hermes","MIT","not-required","not-required","not-required","required","bounded-decision",""
"4d127a33a7e6767329820a7bd3a94be8731c2b27c6f5b74d94a5822d308846f0","rust-crate","zbus_macros","5.14.0","1","hermes","MIT","not-required","not-required","not-required","required","bounded-decision",""
"c257567097c19be07607c8aafb033e206162bf268b6368739681e21bb7680d3d","rust-crate","zbus_macros","5.14.0","1","hermes","MIT","not-required","not-required","not-required","required","bounded-decision",""
"5a2e9ab59218fa8d909d7a1d9bc3d58a96a7439470626def1fda386a0df1294f","rust-crate","zbus_names","4.3.1","1","hermes","MIT","not-required","not-required","not-required","required","bounded-decision",""
"b4093d223ef2197746cd27119d2227053f3d88f0cf0e58831eec59f500f7d533","rust-crate","zbus_names","4.3.1","1","hermes","MIT","not-required","not-required","not-required","required","bounded-decision",""
"0c67545146efc6c8b6c48a8692fb548c19aea3b13f14462f56bf262c05f8d78a","rust-crate","zerocopy","0.8.42","1","hermes","MIT","not-required","not-required","not-required","required","bounded-decision",""
"9e2f4fd713974aa40fb3304117a2426246daebc60ced1593c93de109b273cf75","rust-crate","zerocopy","0.8.42","1","hermes","MIT","not-required","not-required","not-required","required","bounded-decision",""
"54ae866317f1b855eae00bc9d9d11e954c3f5feb3e7d5b39fa58a87079578324","rust-crate","zerocopy-derive","0.8.42","1","hermes","MIT","not-required","not-required","not-required","required","bounded-decision",""
"6b9a1b9df3f4df734df9e39a515cf507b214a6d8ad5a1d1736195ef2f27af2dc","rust-crate","zerocopy-derive","0.8.42","1","hermes","MIT","not-required","not-required","not-required","required","bounded-decision",""
"2fc2a66da149427dadd63630fd36b3183e173e332352c85d40e5d08e1f54853a","rust-crate","zerofrom","0.1.6","1","hermes","Unicode-3.0","not-required","not-required","not-required","required","bounded-decision",""
"3b73478aa8ff83221f60ec3f40abcd30a6f91eb90b2d86805433ac423dd5dc31","rust-crate","zerofrom","0.1.6","1","hermes","Unicode-3.0","not-required","not-required","not-required","required","bounded-decision",""
"71302dfb446171fff78e3cd0412e2deda3be19bfdf6433d5cfc58df009f94110","rust-crate","zerofrom-derive","0.1.6","1","hermes","Unicode-3.0","not-required","not-required","not-required","required","bounded-decision",""
"b4296642406ac9204dccfb635205adf22bb97dd263e22d91c87e8dbfaeb69db4","rust-crate","zerofrom-derive","0.1.6","1","hermes","Unicode-3.0","not-required","not-required","not-required","required","bounded-decision",""
"959b2e88a303a9ea0470ea2a80e3c503baab9f7d4aa8a8332c2318b00fa2d163","rust-crate","zeroize","1.8.2","1","hermes","MIT","not-required","not-required","not-required","required","bounded-decision",""
"aa8c93976573accf99db15ba42341400fccf04801d168af4bf9493bae4f0e5ea","rust-crate","zeroize","1.8.2","1","hermes","MIT","not-required","not-required","not-required","required","bounded-decision",""
"0b15bb7aeb87692c21fcea7cff79047114643f4f19968c38a4c5a1137174e210","rust-crate","zerotrie","0.2.3","1","hermes","Unicode-3.0","not-required","not-required","not-required","required","bounded-decision",""
"656384bd76b7fde9cf15f353d2ca9342f93dbc2557931298c8d48b194f6942a3","rust-crate","zerotrie","0.2.3","1","hermes","Unicode-3.0","not-required","not-required","not-required","required","bounded-decision",""
"c2aa748dc7f9a6e4c839a89f1015cc5745959f3540548dd379286d9e4f1d46aa","rust-crate","zerovec","0.11.5","1","hermes","Unicode-3.0","not-required","not-required","not-required","required","bounded-decision",""
"e1f89429098541f2e7c01b3832e4cf5f74cc455b7506f9e4de670f460210daa2","rust-crate","zerovec","0.11.5","1","hermes","Unicode-3.0","not-required","not-required","not-required","required","bounded-decision",""
"4ef7de3d8f6bccf4e50993924f69dc634bfd9be6938648b6cd4a6f421b703a04","rust-crate","zerovec-derive","0.11.2","1","hermes","Unicode-3.0","not-required","not-required","not-required","required","bounded-decision",""
"773b70882d56865f0554aa2d737b1ab3260562bcbceaea9137fda1b3b2a587c1","rust-crate","zerovec-derive","0.11.2","1","hermes","Unicode-3.0","not-required","not-required","not-required","required","bounded-decision",""
"0bea3cc7b6296c90626d66802c1b031395fb0f3d084e479fcce79b93b6bd44d4","rust-crate","zip","8.1.0","1","hermes","MIT","not-required","not-required","not-required","required","bounded-decision",""
"7c5d5e151289659c94fd52d1fcf78ac1e8acc6e209fc7aff57fc95d13149688f","rust-crate","zip","8.1.0","1","hermes","MIT","not-required","not-required","not-required","required","bounded-decision",""
"1387a73466087ca89b10caf5a1fb72cbd8632d230ae896d778356f4e3ced113f","rust-crate","zlib-rs","0.6.3","1","hermes","Zlib","not-required","not-required","not-required","required","bounded-decision",""
"88b55ccb9e536946c738779a1a851890ffc0b7380bf7711497f30ce6a25f1f63","rust-crate","zlib-rs","0.6.3","1","hermes","Zlib","not-required","not-required","not-required","required","bounded-decision",""
"255d0c626adbac99926ea68e85503242fa1b51ce5d96c2228bbbf70b0f06d3d2","rust-crate","zmij","1.0.21","1","hermes","MIT","not-required","not-required","not-required","required","bounded-decision",""
"dde68dc2d80ecf20ac148c3eb6cd10934aacfeb3d0ff35836194a4a28a7b6cb3","rust-crate","zmij","1.0.21","1","hermes","MIT","not-required","not-required","not-required","required","bounded-decision",""
"6a3b2e7142bb362f799391d3e37d18e531446005bd02b2bcbe49505244eae7b2","rust-crate","zopfli","0.8.3","1","hermes","Apache-2.0","not-required","not-required","not-required","required","bounded-decision",""
"9f316556addb5d6f6d1eeba504a682bee3cfb024586389567e544e746f86ce62","rust-crate","zopfli","0.8.3","1","hermes","Apache-2.0","not-required","not-required","not-required","required","bounded-decision",""
"04525f302a196eceb53de959607d96f62b58bfb10621593c3e6372b0893493ce","rust-crate","zstd","0.13.3","1","hermes","MIT","not-required","not-required","not-required","required","bounded-decision",""
"5433e946be96fd65bf034059f30470770edbccc6b998f49b313a7ed5f5dff011","rust-crate","zstd","0.13.3","1","hermes","MIT","not-required","not-required","not-required","required","bounded-decision",""
"b46c6cff57b0a22d524b93d20571f3cb406bcc8f42c8ef12b10177a2a4cddf86","rust-crate","zstd-safe","7.2.4","1","hermes","MIT","not-required","not-required","not-required","required","bounded-decision",""
"bfdd233a3708776d2214dfa445285d36243f84bc0d3c36c86afb7591425c2ca1","rust-crate","zstd-safe","7.2.4","1","hermes","MIT","not-required","not-required","not-required","required","bounded-decision",""
"aef7c436dd1890c6b4c6910d6519edba27f2a6079225622b541c577ea68c29d3","rust-crate","zstd-sys","2.0.16+zstd.1.5.7","1","hermes","","blocked","blocked","blocked","required","open-review","unresolved-licence-scope,additional-notice-terms-scope-review"
"f74417d1b5bc421de1555358a05f56e11f8cb3443306bc8609362667b4b7fe91","rust-crate","zstd-sys","2.0.16+zstd.1.5.7","1","hermes","","blocked","blocked","blocked","required","open-review","unresolved-licence-scope,additional-notice-terms-scope-review"
"6663f9bb9e280d3105b4c293612a006bb5c304e23f219e059fa07d298cb9f49c","rust-crate","zvariant","5.10.0","1","hermes","MIT","not-required","not-required","not-required","required","bounded-decision",""
"db6f6ead27001cb8ca177b3a27ad85f88172179976e01af92c2e52476229c3f7","rust-crate","zvariant","5.10.0","1","hermes","MIT","not-required","not-required","not-required","required","bounded-decision",""
"7b47687b16046ca1f35d27760149e9d92fd79887125666efb4bf36c629cc8968","rust-crate","zvariant_derive","5.10.0","1","hermes","MIT","not-required","not-required","not-required","required","bounded-decision",""
"d79733adcd5344c5329694cfd7177f1d202800efd94cc3fa6779de284015d7d6","rust-crate","zvariant_derive","5.10.0","1","hermes","MIT","not-required","not-required","not-required","required","bounded-decision",""
"3492c9a152c90126642221514eb9b3b243f1d82658215b6f429003f6fb335053","rust-crate","zvariant_utils","3.3.0","1","hermes","MIT","not-required","not-required","not-required","required","bounded-decision",""
"c621c61bf8ab21dead3aa252fcb720ae40e1f5ad77f7215c0c7822b7af98ad07","rust-crate","zvariant_utils","3.3.0","1","hermes","MIT","not-required","not-required","not-required","required","bounded-decision",""
